user_id,monthly_income,category,subcategory,expense_name,amount,frequency,monthly_equivalent
1,5629.04,needs,groceries,groceries,717.9,one time,717.9
1,5629.04,needs,rent/mortgage,rent_mortgage,516.75,biweekly,1121.35
1,5629.04,needs,utilities,utilities,262.3,monthly,262.3
1,5629.04,needs,gas/transport,gas_transport,278.57,monthly,278.57
1,5629.04,needs,insurance,insurance,217.7,monthly,217.7
1,5629.04,needs,bills,bills,60.85,weekly,263.48
1,5629.04,needs,healthcare,healthcare,68.38,biweekly,148.38
1,5629.04,wants,dining out,dining_out,33.55,weekly,145.27
1,5629.04,wants,entertainment,entertainment,56.72,biweekly,123.08
1,5629.04,wants,shopping,shopping,481.61,monthly,481.61
1,5629.04,wants,subscriptions,subscriptions,134.73,monthly,134.73
1,5629.04,wants,hobbies,hobbies,91.64,biweekly,198.86
1,5629.04,wants,travel,travel,126.8,monthly,126.8
1,5629.04,wants,personal care,personal_care,53.96,biweekly,117.09
1,5629.04,wants,other,other,64.43,monthly,64.43
2,17186.05,needs,groceries,groceries,1787.85,monthly,1787.85
2,17186.05,needs,rent/mortgage,rent_mortgage,4552.24,one time,4552.24
2,17186.05,needs,utilities,utilities,141.96,weekly,614.69
2,17186.05,needs,gas/transport,gas_transport,1062.53,monthly,1062.53
2,17186.05,needs,insurance,insurance,715.29,monthly,715.29
2,17186.05,needs,bills,bills,524.47,monthly,524.47
2,17186.05,needs,healthcare,healthcare,190.52,biweekly,413.43
2,17186.05,wants,dining out,dining_out,133.03,weekly,576.02
2,17186.05,wants,entertainment,entertainment,111.14,biweekly,241.17
2,17186.05,wants,hobbies,hobbies,321.29,one time,321.29
2,17186.05,wants,travel,travel,243.07,biweekly,527.46
2,17186.05,wants,personal care,personal_care,168.8,biweekly,366.3
2,17186.05,wants,gifts,gifts,122.11,weekly,528.74
2,17186.05,wants,other,other,148.8,monthly,148.8
3,1934.16,needs,groceries,groceries,205.08,monthly,205.08
3,1934.16,needs,rent/mortgage,rent_mortgage,702.08,one time,702.08
3,1934.16,needs,utilities,utilities,72.98,monthly,72.98
3,1934.16,needs,gas/transport,gas_transport,34.44,weekly,149.13
3,1934.16,needs,insurance,insurance,25.15,weekly,108.9
3,1934.16,needs,bills,bills,58.01,monthly,58.01
3,1934.16,needs,healthcare,healthcare,16.2,weekly,70.15
3,1934.16,needs,childcare,childcare,95.64,monthly,95.64
3,1934.16,needs,other,other,46.36,monthly,46.36
3,1934.16,wants,dining out,dining_out,46.28,one time,46.28
3,1934.16,wants,entertainment,entertainment,110.01,monthly,110.01
3,1934.16,wants,shopping,shopping,41.7,monthly,41.7
3,1934.16,wants,hobbies,hobbies,8.05,weekly,34.86
3,1934.16,wants,travel,travel,10.64,weekly,46.07
3,1934.16,wants,personal care,personal_care,104.13,monthly,104.13
3,1934.16,wants,other,other,12.0,weekly,51.96
4,4971.33,needs,groceries,groceries,145.07,weekly,628.15
4,4971.33,needs,rent/mortgage,rent_mortgage,264.65,weekly,1145.93
4,4971.33,needs,utilities,utilities,182.76,monthly,182.76
4,4971.33,needs,gas/transport,gas_transport,135.85,biweekly,294.79
4,4971.33,needs,insurance,insurance,140.92,biweekly,305.8
4,4971.33,needs,bills,bills,70.52,biweekly,153.03
4,4971.33,needs,healthcare,healthcare,174.44,monthly,174.44
4,4971.33,needs,childcare,childcare,115.07,biweekly,249.7
4,4971.33,needs,other,other,87.7,monthly,87.7
4,4971.33,wants,dining out,dining_out,134.81,one time,134.81
4,4971.33,wants,entertainment,entertainment,255.09,monthly,255.09
4,4971.33,wants,subscriptions,subscriptions,22.71,weekly,98.33
4,4971.33,wants,hobbies,hobbies,248.01,one time,248.01
4,4971.33,wants,personal care,personal_care,92.42,monthly,92.42
4,4971.33,wants,gifts,gifts,84.79,monthly,84.79
4,4971.33,wants,other,other,57.8,monthly,57.8
5,5927.97,needs,groceries,groceries,98.91,weekly,428.28
5,5927.97,needs,rent/mortgage,rent_mortgage,1462.31,one time,1462.31
5,5927.97,needs,utilities,utilities,324.43,monthly,324.43
5,5927.97,needs,gas/transport,gas_transport,415.96,one time,415.96
5,5927.97,needs,insurance,insurance,54.87,weekly,237.59
5,5927.97,needs,bills,bills,182.91,monthly,182.91
5,5927.97,needs,healthcare,healthcare,59.72,biweekly,129.59
5,5927.97,wants,dining out,dining_out,62.73,weekly,271.62
5,5927.97,wants,entertainment,entertainment,137.13,monthly,137.13
5,5927.97,wants,shopping,shopping,541.07,monthly,541.07
5,5927.97,wants,subscriptions,subscriptions,15.42,weekly,66.77
5,5927.97,wants,hobbies,hobbies,291.68,monthly,291.68
5,5927.97,wants,travel,travel,59.37,biweekly,128.83
5,5927.97,wants,gifts,gifts,32.19,weekly,139.38
5,5927.97,wants,other,other,128.15,one time,128.15
6,3085.64,needs,groceries,groceries,61.95,weekly,268.24
6,3085.64,needs,rent/mortgage,rent_mortgage,1097.07,monthly,1097.07
6,3085.64,needs,utilities,utilities,113.4,monthly,113.4
6,3085.64,needs,gas/transport,gas_transport,45.09,weekly,195.24
6,3085.64,needs,insurance,insurance,175.62,monthly,175.62
6,3085.64,needs,bills,bills,25.9,weekly,112.15
6,3085.64,needs,healthcare,healthcare,87.12,monthly,87.12
6,3085.64,needs,childcare,childcare,108.34,monthly,108.34
6,3085.64,needs,other,other,27.56,biweekly,59.81
6,3085.64,wants,dining out,dining_out,136.47,monthly,136.47
6,3085.64,wants,entertainment,entertainment,112.03,monthly,112.03
6,3085.64,wants,shopping,shopping,57.76,monthly,57.76
6,3085.64,wants,hobbies,hobbies,166.48,one time,166.48
6,3085.64,wants,gifts,gifts,12.36,weekly,53.52
6,3085.64,wants,other,other,98.23,monthly,98.23
7,8047.81,needs,groceries,groceries,939.03,monthly,939.03
7,8047.81,needs,rent/mortgage,rent_mortgage,1584.33,one time,1584.33
7,8047.81,needs,utilities,utilities,518.39,monthly,518.39
7,8047.81,needs,gas/transport,gas_transport,494.89,monthly,494.89
7,8047.81,needs,insurance,insurance,347.33,one time,347.33
7,8047.81,needs,bills,bills,372.07,monthly,372.07
7,8047.81,needs,healthcare,healthcare,246.69,monthly,246.69
7,8047.81,wants,dining out,dining_out,89.48,biweekly,194.17
7,8047.81,wants,entertainment,entertainment,164.18,monthly,164.18
7,8047.81,wants,personal care,personal_care,190.76,monthly,190.76
7,8047.81,wants,other,other,190.99,monthly,190.99
8,1592.27,needs,groceries,groceries,41.77,weekly,180.86
8,1592.27,needs,rent/mortgage,rent_mortgage,199.58,biweekly,433.09
8,1592.27,needs,utilities,utilities,30.7,biweekly,66.62
8,1592.27,needs,gas/transport,gas_transport,72.71,monthly,72.71
8,1592.27,needs,insurance,insurance,15.59,weekly,67.5
8,1592.27,needs,bills,bills,76.15,one time,76.15
8,1592.27,needs,healthcare,healthcare,42.45,monthly,42.45
8,1592.27,needs,childcare,childcare,61.51,monthly,61.51
8,1592.27,needs,other,other,32.43,monthly,32.43
8,1592.27,wants,dining out,dining_out,118.41,monthly,118.41
8,1592.27,wants,shopping,shopping,123.94,one time,123.94
8,1592.27,wants,subscriptions,subscriptions,5.3,biweekly,11.5
8,1592.27,wants,hobbies,hobbies,16.42,one time,16.42
8,1592.27,wants,gifts,gifts,14.44,monthly,14.44
8,1592.27,wants,other,other,54.61,monthly,54.61
9,1832.92,needs,groceries,groceries,97.6,biweekly,211.79
9,1832.92,needs,rent/mortgage,rent_mortgage,516.46,one time,516.46
9,1832.92,needs,utilities,utilities,115.28,monthly,115.28
9,1832.92,needs,gas/transport,gas_transport,107.96,monthly,107.96
9,1832.92,needs,insurance,insurance,41.07,biweekly,89.12
9,1832.92,needs,bills,bills,18.24,weekly,78.98
9,1832.92,needs,healthcare,healthcare,10.23,weekly,44.3
9,1832.92,needs,childcare,childcare,92.07,monthly,92.07
9,1832.92,wants,dining out,dining_out,95.92,one time,95.92
9,1832.92,wants,entertainment,entertainment,29.67,weekly,128.47
9,1832.92,wants,subscriptions,subscriptions,12.36,weekly,53.52
9,1832.92,wants,travel,travel,67.68,one time,67.68
9,1832.92,wants,personal care,personal_care,93.3,one time,93.3
9,1832.92,wants,gifts,gifts,7.65,weekly,33.12
9,1832.92,wants,other,other,29.25,monthly,29.25
10,3239.48,needs,groceries,groceries,69.07,weekly,299.07
10,3239.48,needs,rent/mortgage,rent_mortgage,1014.74,monthly,1014.74
10,3239.48,needs,utilities,utilities,187.2,monthly,187.2
10,3239.48,needs,gas/transport,gas_transport,240.41,monthly,240.41
10,3239.48,needs,insurance,insurance,154.11,one time,154.11
10,3239.48,needs,bills,bills,134.74,monthly,134.74
10,3239.48,needs,healthcare,healthcare,39.36,biweekly,85.41
10,3239.48,needs,other,other,62.04,monthly,62.04
10,3239.48,wants,dining out,dining_out,142.98,monthly,142.98
10,3239.48,wants,shopping,shopping,138.01,monthly,138.01
10,3239.48,wants,hobbies,hobbies,50.13,monthly,50.13
10,3239.48,wants,travel,travel,20.81,weekly,90.11
10,3239.48,wants,personal care,personal_care,160.2,monthly,160.2
10,3239.48,wants,gifts,gifts,18.74,weekly,81.14
11,8463.86,needs,groceries,groceries,155.68,weekly,674.09
11,8463.86,needs,rent/mortgage,rent_mortgage,2224.52,monthly,2224.52
11,8463.86,needs,utilities,utilities,190.32,biweekly,412.99
11,8463.86,needs,gas/transport,gas_transport,617.43,monthly,617.43
11,8463.86,needs,insurance,insurance,230.44,biweekly,500.05
11,8463.86,needs,bills,bills,79.67,weekly,344.97
11,8463.86,needs,healthcare,healthcare,214.36,monthly,214.36
11,8463.86,wants,dining out,dining_out,613.71,monthly,613.71
11,8463.86,wants,entertainment,entertainment,165.56,monthly,165.56
11,8463.86,wants,shopping,shopping,156.77,biweekly,340.19
11,8463.86,wants,subscriptions,subscriptions,133.97,monthly,133.97
11,8463.86,wants,hobbies,hobbies,91.99,weekly,398.32
11,8463.86,wants,gifts,gifts,256.2,monthly,256.2
11,8463.86,wants,other,other,144.46,monthly,144.46
12,12128.95,needs,groceries,groceries,306.53,weekly,1327.27
12,12128.95,needs,rent/mortgage,rent_mortgage,708.05,weekly,3065.86
12,12128.95,needs,utilities,utilities,555.08,one time,555.08
12,12128.95,needs,gas/transport,gas_transport,879.83,monthly,879.83
12,12128.95,needs,insurance,insurance,285.81,biweekly,620.21
12,12128.95,needs,bills,bills,492.54,monthly,492.54
12,12128.95,needs,healthcare,healthcare,315.74,one time,315.74
12,12128.95,needs,other,other,90.58,biweekly,196.56
12,12128.95,wants,dining out,dining_out,264.39,monthly,264.39
12,12128.95,wants,entertainment,entertainment,193.49,weekly,837.81
12,12128.95,wants,shopping,shopping,247.19,monthly,247.19
12,12128.95,wants,subscriptions,subscriptions,410.3,monthly,410.3
12,12128.95,wants,travel,travel,198.79,biweekly,431.37
12,12128.95,wants,personal care,personal_care,103.1,biweekly,223.73
12,12128.95,wants,gifts,gifts,216.94,one time,216.94
12,12128.95,wants,other,other,346.23,one time,346.23
13,1730.63,needs,groceries,groceries,137.44,monthly,137.44
13,1730.63,needs,rent/mortgage,rent_mortgage,493.78,one time,493.78
13,1730.63,needs,utilities,utilities,79.17,monthly,79.17
13,1730.63,needs,gas/transport,gas_transport,75.5,monthly,75.5
13,1730.63,needs,insurance,insurance,90.95,monthly,90.95
13,1730.63,needs,bills,bills,58.4,monthly,58.4
13,1730.63,needs,healthcare,healthcare,47.98,monthly,47.98
13,1730.63,wants,subscriptions,subscriptions,44.03,monthly,44.03
13,1730.63,wants,hobbies,hobbies,29.92,monthly,29.92
13,1730.63,wants,travel,travel,31.47,biweekly,68.29
13,1730.63,wants,gifts,gifts,6.64,weekly,28.75
14,5995.0,needs,groceries,groceries,711.69,monthly,711.69
14,5995.0,needs,rent/mortgage,rent_mortgage,541.7,biweekly,1175.49
14,5995.0,needs,utilities,utilities,125.21,biweekly,271.71
14,5995.0,needs,gas/transport,gas_transport,137.63,biweekly,298.66
14,5995.0,needs,insurance,insurance,224.72,monthly,224.72
14,5995.0,needs,bills,bills,258.15,monthly,258.15
14,5995.0,needs,healthcare,healthcare,96.9,biweekly,210.27
14,5995.0,wants,dining out,dining_out,219.39,monthly,219.39
14,5995.0,wants,shopping,shopping,439.7,one time,439.7
14,5995.0,wants,subscriptions,subscriptions,36.46,weekly,157.87
14,5995.0,wants,personal care,personal_care,188.56,one time,188.56
14,5995.0,wants,gifts,gifts,97.12,monthly,97.12
14,5995.0,wants,other,other,70.29,biweekly,152.53
15,1526.5,needs,groceries,groceries,36.85,weekly,159.56
15,1526.5,needs,rent/mortgage,rent_mortgage,117.74,weekly,509.81
15,1526.5,needs,utilities,utilities,75.26,monthly,75.26
15,1526.5,needs,gas/transport,gas_transport,46.31,biweekly,100.49
15,1526.5,needs,insurance,insurance,82.05,monthly,82.05
15,1526.5,needs,bills,bills,11.95,weekly,51.74
15,1526.5,needs,healthcare,healthcare,9.88,weekly,42.78
15,1526.5,needs,childcare,childcare,58.93,monthly,58.93
15,1526.5,needs,other,other,32.96,monthly,32.96
15,1526.5,wants,shopping,shopping,44.39,monthly,44.39
15,1526.5,wants,hobbies,hobbies,9.18,weekly,39.75
15,1526.5,wants,travel,travel,58.19,monthly,58.19
15,1526.5,wants,gifts,gifts,5.98,biweekly,12.98
15,1526.5,wants,other,other,17.98,monthly,17.98
16,12448.41,needs,groceries,groceries,687.31,biweekly,1491.46
16,12448.41,needs,rent/mortgage,rent_mortgage,1361.13,biweekly,2953.65
16,12448.41,needs,utilities,utilities,149.32,weekly,646.56
16,12448.41,needs,gas/transport,gas_transport,421.37,biweekly,914.37
16,12448.41,needs,insurance,insurance,463.01,monthly,463.01
16,12448.41,needs,bills,bills,110.67,weekly,479.2
16,12448.41,needs,healthcare,healthcare,185.15,biweekly,401.78
16,12448.41,wants,dining out,dining_out,205.91,weekly,891.59
16,12448.41,wants,entertainment,entertainment,119.18,weekly,516.05
16,12448.41,wants,shopping,shopping,780.81,monthly,780.81
16,12448.41,wants,hobbies,hobbies,613.68,one time,613.68
16,12448.41,wants,gifts,gifts,323.89,monthly,323.89
16,12448.41,wants,other,other,95.19,biweekly,206.56
17,2775.98,needs,groceries,groceries,123.71,biweekly,268.45
17,2775.98,needs,rent/mortgage,rent_mortgage,298.09,biweekly,646.86
17,2775.98,needs,utilities,utilities,102.46,monthly,102.46
17,2775.98,needs,gas/transport,gas_transport,134.89,monthly,134.89
17,2775.98,needs,insurance,insurance,175.7,monthly,175.7
17,2775.98,needs,bills,bills,131.55,monthly,131.55
17,2775.98,needs,healthcare,healthcare,105.77,monthly,105.77
17,2775.98,needs,other,other,51.72,monthly,51.72
17,2775.98,wants,dining out,dining_out,35.05,weekly,151.77
17,2775.98,wants,entertainment,entertainment,59.92,monthly,59.92
17,2775.98,wants,shopping,shopping,121.92,monthly,121.92
17,2775.98,wants,hobbies,hobbies,103.12,monthly,103.12
17,2775.98,wants,travel,travel,97.26,one time,97.26
17,2775.98,wants,personal care,personal_care,72.84,one time,72.84
17,2775.98,wants,gifts,gifts,6.6,weekly,28.58
17,2775.98,wants,other,other,37.07,biweekly,80.44
18,8843.85,needs,groceries,groceries,714.22,one time,714.22
18,8843.85,needs,rent/mortgage,rent_mortgage,1305.26,biweekly,2832.41
18,8843.85,needs,utilities,utilities,109.1,weekly,472.4
18,8843.85,needs,gas/transport,gas_transport,101.63,weekly,440.06
18,8843.85,needs,insurance,insurance,380.98,monthly,380.98
18,8843.85,needs,bills,bills,275.43,monthly,275.43
18,8843.85,needs,healthcare,healthcare,117.65,biweekly,255.3
18,8843.85,wants,shopping,shopping,526.49,one time,526.49
18,8843.85,wants,subscriptions,subscriptions,64.62,weekly,279.8
18,8843.85,wants,hobbies,hobbies,193.76,monthly,193.76
18,8843.85,wants,travel,travel,140.71,biweekly,305.34
18,8843.85,wants,other,other,238.28,monthly,238.28
19,1730.18,needs,groceries,groceries,184.54,monthly,184.54
19,1730.18,needs,rent/mortgage,rent_mortgage,97.96,weekly,424.17
19,1730.18,needs,utilities,utilities,104.2,one time,104.2
19,1730.18,needs,gas/transport,gas_transport,60.68,biweekly,131.68
19,1730.18,needs,insurance,insurance,16.3,weekly,70.58
19,1730.18,needs,bills,bills,19.64,weekly,85.04
19,1730.18,needs,healthcare,healthcare,15.05,weekly,65.17
19,1730.18,wants,dining out,dining_out,41.16,biweekly,89.32
19,1730.18,wants,entertainment,entertainment,61.81,monthly,61.81
19,1730.18,wants,hobbies,hobbies,21.21,weekly,91.84
19,1730.18,wants,gifts,gifts,25.91,biweekly,56.22
20,10490.1,needs,groceries,groceries,298.68,weekly,1293.28
20,10490.1,needs,rent/mortgage,rent_mortgage,2570.98,one time,2570.98
20,10490.1,needs,utilities,utilities,187.54,biweekly,406.96
20,10490.1,needs,gas/transport,gas_transport,337.6,biweekly,732.59
20,10490.1,needs,insurance,insurance,431.21,one time,431.21
20,10490.1,needs,bills,bills,160.01,biweekly,347.22
20,10490.1,needs,healthcare,healthcare,347.88,monthly,347.88
20,10490.1,needs,childcare,childcare,422.0,one time,422.0
20,10490.1,needs,other,other,223.05,monthly,223.05
20,10490.1,wants,dining out,dining_out,224.85,monthly,224.85
20,10490.1,wants,shopping,shopping,191.26,weekly,828.16
20,10490.1,wants,subscriptions,subscriptions,199.79,one time,199.79
20,10490.1,wants,travel,travel,269.29,monthly,269.29
20,10490.1,wants,personal care,personal_care,488.08,monthly,488.08
20,10490.1,wants,other,other,82.6,biweekly,179.24
21,19305.28,needs,groceries,groceries,822.49,biweekly,1784.8
21,19305.28,needs,rent/mortgage,rent_mortgage,3192.16,biweekly,6926.99
21,19305.28,needs,utilities,utilities,332.05,biweekly,720.55
21,19305.28,needs,gas/transport,gas_transport,1013.6,monthly,1013.6
21,19305.28,needs,insurance,insurance,403.45,biweekly,875.49
21,19305.28,needs,bills,bills,401.85,biweekly,872.01
21,19305.28,needs,healthcare,healthcare,145.17,weekly,628.59
21,19305.28,needs,other,other,101.68,weekly,440.27
21,19305.28,wants,dining out,dining_out,1354.21,monthly,1354.21
21,19305.28,wants,entertainment,entertainment,302.61,monthly,302.61
21,19305.28,wants,subscriptions,subscriptions,78.24,weekly,338.78
21,19305.28,wants,personal care,personal_care,144.94,weekly,627.59
21,19305.28,wants,gifts,gifts,489.81,monthly,489.81
21,19305.28,wants,other,other,319.85,monthly,319.85
22,2139.16,needs,groceries,groceries,162.98,monthly,162.98
22,2139.16,needs,rent/mortgage,rent_mortgage,754.0,monthly,754.0
22,2139.16,needs,utilities,utilities,103.58,monthly,103.58
22,2139.16,needs,gas/transport,gas_transport,35.26,weekly,152.68
22,2139.16,needs,insurance,insurance,77.19,one time,77.19
22,2139.16,needs,bills,bills,91.12,monthly,91.12
22,2139.16,needs,healthcare,healthcare,62.73,one time,62.73
22,2139.16,needs,other,other,10.04,weekly,43.47
22,2139.16,wants,dining out,dining_out,109.7,monthly,109.7
22,2139.16,wants,shopping,shopping,217.14,monthly,217.14
22,2139.16,wants,subscriptions,subscriptions,75.58,monthly,75.58
22,2139.16,wants,hobbies,hobbies,29.72,biweekly,64.49
22,2139.16,wants,travel,travel,34.56,biweekly,75.0
22,2139.16,wants,other,other,43.41,monthly,43.41
23,2542.13,needs,groceries,groceries,75.25,weekly,325.83
23,2542.13,needs,rent/mortgage,rent_mortgage,658.38,monthly,658.38
23,2542.13,needs,utilities,utilities,138.06,monthly,138.06
23,2542.13,needs,gas/transport,gas_transport,138.6,monthly,138.6
23,2542.13,needs,insurance,insurance,32.98,weekly,142.8
23,2542.13,needs,bills,bills,86.24,one time,86.24
23,2542.13,needs,healthcare,healthcare,22.76,weekly,98.55
23,2542.13,needs,other,other,40.57,monthly,40.57
23,2542.13,wants,dining out,dining_out,65.21,monthly,65.21
23,2542.13,wants,entertainment,entertainment,24.02,weekly,104.01
23,2542.13,wants,subscriptions,subscriptions,77.36,one time,77.36
23,2542.13,wants,hobbies,hobbies,36.1,biweekly,78.34
23,2542.13,wants,personal care,personal_care,46.03,monthly,46.03
23,2542.13,wants,gifts,gifts,30.85,one time,30.85
23,2542.13,wants,other,other,51.78,monthly,51.78
24,5622.24,needs,groceries,groceries,468.44,monthly,468.44
24,5622.24,needs,rent/mortgage,rent_mortgage,785.51,biweekly,1704.56
24,5622.24,needs,utilities,utilities,316.55,monthly,316.55
24,5622.24,needs,gas/transport,gas_transport,60.41,weekly,261.58
24,5622.24,needs,insurance,insurance,355.9,monthly,355.9
24,5622.24,needs,bills,bills,288.08,monthly,288.08
24,5622.24,needs,healthcare,healthcare,79.8,biweekly,173.17
24,5622.24,needs,childcare,childcare,158.46,one time,158.46
24,5622.24,needs,other,other,40.16,biweekly,87.15
24,5622.24,wants,entertainment,entertainment,80.14,weekly,347.01
24,5622.24,wants,shopping,shopping,185.66,monthly,185.66
24,5622.24,wants,subscriptions,subscriptions,50.98,biweekly,110.63
24,5622.24,wants,hobbies,hobbies,37.41,biweekly,81.18
24,5622.24,wants,travel,travel,30.33,weekly,131.33
24,5622.24,wants,personal care,personal_care,178.1,monthly,178.1
24,5622.24,wants,other,other,35.19,one time,35.19
25,1548.05,needs,groceries,groceries,56.0,biweekly,121.52
25,1548.05,needs,rent/mortgage,rent_mortgage,340.04,monthly,340.04
25,1548.05,needs,utilities,utilities,67.66,monthly,67.66
25,1548.05,needs,gas/transport,gas_transport,102.79,monthly,102.79
25,1548.05,needs,insurance,insurance,88.5,monthly,88.5
25,1548.05,needs,bills,bills,17.06,weekly,73.87
25,1548.05,needs,healthcare,healthcare,59.97,monthly,59.97
25,1548.05,needs,other,other,34.9,monthly,34.9
25,1548.05,wants,entertainment,entertainment,77.18,monthly,77.18
25,1548.05,wants,shopping,shopping,112.84,monthly,112.84
25,1548.05,wants,subscriptions,subscriptions,45.03,monthly,45.03
25,1548.05,wants,travel,travel,14.18,weekly,61.4
25,1548.05,wants,gifts,gifts,21.64,monthly,21.64
25,1548.05,wants,other,other,16.36,one time,16.36
26,9779.91,needs,groceries,groceries,1263.42,monthly,1263.42
26,9779.91,needs,rent/mortgage,rent_mortgage,3087.76,monthly,3087.76
26,9779.91,needs,utilities,utilities,476.93,monthly,476.93
26,9779.91,needs,gas/transport,gas_transport,655.29,monthly,655.29
26,9779.91,needs,insurance,insurance,368.19,monthly,368.19
26,9779.91,needs,bills,bills,334.48,one time,334.48
26,9779.91,needs,healthcare,healthcare,329.21,monthly,329.21
26,9779.91,wants,dining out,dining_out,210.02,biweekly,455.74
26,9779.91,wants,entertainment,entertainment,133.97,weekly,580.09
26,9779.91,wants,subscriptions,subscriptions,32.06,biweekly,69.57
26,9779.91,wants,travel,travel,452.77,monthly,452.77
26,9779.91,wants,gifts,gifts,98.16,monthly,98.16
26,9779.91,wants,other,other,119.98,monthly,119.98
27,4672.53,needs,groceries,groceries,105.04,weekly,454.82
27,4672.53,needs,rent/mortgage,rent_mortgage,1586.11,monthly,1586.11
27,4672.53,needs,utilities,utilities,47.13,weekly,204.07
27,4672.53,needs,gas/transport,gas_transport,231.07,monthly,231.07
27,4672.53,needs,insurance,insurance,176.05,monthly,176.05
27,4672.53,needs,bills,bills,162.64,monthly,162.64
27,4672.53,needs,healthcare,healthcare,67.32,biweekly,146.08
27,4672.53,needs,other,other,105.27,one time,105.27
27,4672.53,wants,dining out,dining_out,205.83,monthly,205.83
27,4672.53,wants,entertainment,entertainment,283.8,monthly,283.8
27,4672.53,wants,subscriptions,subscriptions,37.22,weekly,161.16
27,4672.53,wants,hobbies,hobbies,127.77,monthly,127.77
27,4672.53,wants,travel,travel,71.91,monthly,71.91
27,4672.53,wants,personal care,personal_care,51.39,weekly,222.52
27,4672.53,wants,other,other,121.93,monthly,121.93
28,1534.38,needs,groceries,groceries,43.53,weekly,188.48
28,1534.38,needs,rent/mortgage,rent_mortgage,77.86,weekly,337.13
28,1534.38,needs,utilities,utilities,84.27,monthly,84.27
28,1534.38,needs,gas/transport,gas_transport,101.26,monthly,101.26
28,1534.38,needs,insurance,insurance,54.51,monthly,54.51
28,1534.38,needs,bills,bills,20.21,biweekly,43.86
28,1534.38,needs,healthcare,healthcare,18.41,biweekly,39.95
28,1534.38,wants,dining out,dining_out,46.37,monthly,46.37
28,1534.38,wants,entertainment,entertainment,85.2,one time,85.2
28,1534.38,wants,shopping,shopping,19.8,weekly,85.73
28,1534.38,wants,hobbies,hobbies,30.63,biweekly,66.47
28,1534.38,wants,travel,travel,19.98,monthly,19.98
28,1534.38,wants,personal care,personal_care,12.59,weekly,54.51
28,1534.38,wants,gifts,gifts,4.62,weekly,20.0
28,1534.38,wants,other,other,19.67,biweekly,42.68
29,3735.92,needs,groceries,groceries,478.31,monthly,478.31
29,3735.92,needs,rent/mortgage,rent_mortgage,1136.25,one time,1136.25
29,3735.92,needs,utilities,utilities,168.41,one time,168.41
29,3735.92,needs,gas/transport,gas_transport,38.24,weekly,165.58
29,3735.92,needs,insurance,insurance,108.98,biweekly,236.49
29,3735.92,needs,bills,bills,160.64,monthly,160.64
29,3735.92,needs,healthcare,healthcare,128.19,monthly,128.19
29,3735.92,wants,dining out,dining_out,175.04,monthly,175.04
29,3735.92,wants,entertainment,entertainment,83.03,one time,83.03
29,3735.92,wants,subscriptions,subscriptions,31.64,one time,31.64
29,3735.92,wants,hobbies,hobbies,105.76,monthly,105.76
29,3735.92,wants,travel,travel,41.36,weekly,179.09
29,3735.92,wants,personal care,personal_care,183.94,one time,183.94
29,3735.92,wants,gifts,gifts,54.07,biweekly,117.33
29,3735.92,wants,other,other,47.1,one time,47.1
30,6353.11,needs,groceries,groceries,188.93,weekly,818.07
30,6353.11,needs,rent/mortgage,rent_mortgage,520.98,weekly,2255.84
30,6353.11,needs,utilities,utilities,363.72,monthly,363.72
30,6353.11,needs,gas/transport,gas_transport,407.0,monthly,407.0
30,6353.11,needs,insurance,insurance,261.01,monthly,261.01
30,6353.11,needs,bills,bills,254.71,one time,254.71
30,6353.11,needs,healthcare,healthcare,33.31,weekly,144.23
30,6353.11,wants,dining out,dining_out,384.24,monthly,384.24
30,6353.11,wants,entertainment,entertainment,93.63,weekly,405.42
30,6353.11,wants,shopping,shopping,80.06,biweekly,173.73
30,6353.11,wants,subscriptions,subscriptions,169.64,monthly,169.64
30,6353.11,wants,hobbies,hobbies,78.8,biweekly,171.0
30,6353.11,wants,travel,travel,212.33,one time,212.33
30,6353.11,wants,personal care,personal_care,28.8,weekly,124.7
30,6353.11,wants,gifts,gifts,165.2,monthly,165.2
30,6353.11,wants,other,other,52.39,biweekly,113.69
31,4919.78,needs,groceries,groceries,106.91,weekly,462.92
31,4919.78,needs,rent/mortgage,rent_mortgage,1116.42,monthly,1116.42
31,4919.78,needs,utilities,utilities,109.54,biweekly,237.7
31,4919.78,needs,gas/transport,gas_transport,68.78,weekly,297.82
31,4919.78,needs,insurance,insurance,273.71,monthly,273.71
31,4919.78,needs,bills,bills,184.64,one time,184.64
31,4919.78,needs,healthcare,healthcare,190.94,monthly,190.94
31,4919.78,needs,other,other,48.12,biweekly,104.42
31,4919.78,wants,dining out,dining_out,298.58,monthly,298.58
31,4919.78,wants,entertainment,entertainment,130.42,monthly,130.42
31,4919.78,wants,shopping,shopping,148.59,monthly,148.59
31,4919.78,wants,subscriptions,subscriptions,98.13,monthly,98.13
31,4919.78,wants,hobbies,hobbies,229.35,monthly,229.35
31,4919.78,wants,personal care,personal_care,246.22,monthly,246.22
31,4919.78,wants,gifts,gifts,33.15,monthly,33.15
32,9740.27,needs,groceries,groceries,754.75,monthly,754.75
32,9740.27,needs,rent/mortgage,rent_mortgage,1552.37,biweekly,3368.64
32,9740.27,needs,utilities,utilities,100.98,weekly,437.24
32,9740.27,needs,gas/transport,gas_transport,475.18,monthly,475.18
32,9740.27,needs,insurance,insurance,134.27,weekly,581.39
32,9740.27,needs,bills,bills,494.57,monthly,494.57
32,9740.27,needs,healthcare,healthcare,126.29,biweekly,274.05
32,9740.27,needs,other,other,97.76,biweekly,212.14
32,9740.27,wants,dining out,dining_out,459.15,monthly,459.15
32,9740.27,wants,entertainment,entertainment,569.14,monthly,569.14
32,9740.27,wants,shopping,shopping,93.51,weekly,404.9
32,9740.27,wants,subscriptions,subscriptions,211.22,monthly,211.22
32,9740.27,wants,hobbies,hobbies,69.98,weekly,303.01
32,9740.27,wants,travel,travel,83.66,weekly,362.25
32,9740.27,wants,personal care,personal_care,346.11,monthly,346.11
32,9740.27,wants,other,other,157.76,monthly,157.76
33,4782.85,needs,groceries,groceries,514.32,monthly,514.32
33,4782.85,needs,rent/mortgage,rent_mortgage,495.29,biweekly,1074.78
33,4782.85,needs,utilities,utilities,39.42,weekly,170.69
33,4782.85,needs,gas/transport,gas_transport,304.31,monthly,304.31
33,4782.85,needs,insurance,insurance,193.39,monthly,193.39
33,4782.85,needs,bills,bills,35.94,weekly,155.62
33,4782.85,needs,healthcare,healthcare,39.52,weekly,171.12
33,4782.85,wants,entertainment,entertainment,200.44,monthly,200.44
33,4782.85,wants,shopping,shopping,200.82,biweekly,435.78
33,4782.85,wants,subscriptions,subscriptions,122.14,monthly,122.14
33,4782.85,wants,hobbies,hobbies,216.29,monthly,216.29
33,4782.85,wants,personal care,personal_care,201.19,monthly,201.19
33,4782.85,wants,other,other,45.94,biweekly,99.69
34,2142.0,needs,groceries,groceries,185.55,monthly,185.55
34,2142.0,needs,rent/mortgage,rent_mortgage,152.09,weekly,658.55
34,2142.0,needs,utilities,utilities,30.69,weekly,132.89
34,2142.0,needs,gas/transport,gas_transport,160.01,monthly,160.01
34,2142.0,needs,insurance,insurance,28.0,weekly,121.24
34,2142.0,needs,bills,bills,85.32,monthly,85.32
34,2142.0,needs,healthcare,healthcare,69.89,monthly,69.89
34,2142.0,wants,dining out,dining_out,17.83,weekly,77.2
34,2142.0,wants,entertainment,entertainment,34.88,weekly,151.03
34,2142.0,wants,shopping,shopping,50.2,weekly,217.37
34,2142.0,wants,subscriptions,subscriptions,15.92,weekly,68.93
34,2142.0,wants,hobbies,hobbies,33.83,biweekly,73.41
34,2142.0,wants,travel,travel,25.08,weekly,108.6
34,2142.0,wants,personal care,personal_care,36.87,biweekly,80.01
34,2142.0,wants,gifts,gifts,26.72,one time,26.72
34,2142.0,wants,other,other,46.11,monthly,46.11
35,2163.0,needs,groceries,groceries,211.2,monthly,211.2
35,2163.0,needs,rent/mortgage,rent_mortgage,595.1,one time,595.1
35,2163.0,needs,utilities,utilities,134.18,monthly,134.18
35,2163.0,needs,gas/transport,gas_transport,47.57,biweekly,103.23
35,2163.0,needs,insurance,insurance,47.1,biweekly,102.21
35,2163.0,needs,bills,bills,20.71,weekly,89.67
35,2163.0,needs,healthcare,healthcare,70.68,monthly,70.68
35,2163.0,needs,childcare,childcare,98.4,one time,98.4
35,2163.0,needs,other,other,52.77,monthly,52.77
35,2163.0,wants,entertainment,entertainment,30.24,biweekly,65.62
35,2163.0,wants,shopping,shopping,41.39,weekly,179.22
35,2163.0,wants,subscriptions,subscriptions,38.99,monthly,38.99
35,2163.0,wants,hobbies,hobbies,24.44,monthly,24.44
35,2163.0,wants,personal care,personal_care,78.21,monthly,78.21
35,2163.0,wants,other,other,12.78,biweekly,27.73
36,18445.36,needs,groceries,groceries,1944.46,monthly,1944.46
36,18445.36,needs,rent/mortgage,rent_mortgage,6058.61,monthly,6058.61
36,18445.36,needs,utilities,utilities,229.47,weekly,993.61
36,18445.36,needs,gas/transport,gas_transport,935.19,one time,935.19
36,18445.36,needs,insurance,insurance,680.69,monthly,680.69
36,18445.36,needs,bills,bills,763.97,monthly,763.97
36,18445.36,needs,healthcare,healthcare,116.63,weekly,505.01
36,18445.36,needs,childcare,childcare,798.03,monthly,798.03
36,18445.36,wants,dining out,dining_out,1603.95,monthly,1603.95
36,18445.36,wants,hobbies,hobbies,304.72,biweekly,661.24
36,18445.36,wants,travel,travel,338.35,biweekly,734.22
36,18445.36,wants,personal care,personal_care,313.82,biweekly,680.99
36,18445.36,wants,gifts,gifts,71.06,biweekly,154.2
36,18445.36,wants,other,other,172.47,monthly,172.47
37,2543.79,needs,groceries,groceries,329.74,monthly,329.74
37,2543.79,needs,rent/mortgage,rent_mortgage,300.26,biweekly,651.56
37,2543.79,needs,utilities,utilities,151.39,monthly,151.39
37,2543.79,needs,gas/transport,gas_transport,33.86,weekly,146.61
37,2543.79,needs,insurance,insurance,72.89,biweekly,158.17
37,2543.79,needs,bills,bills,21.3,weekly,92.23
37,2543.79,needs,healthcare,healthcare,77.39,monthly,77.39
37,2543.79,needs,other,other,56.28,monthly,56.28
37,2543.79,wants,dining out,dining_out,12.35,weekly,53.48
37,2543.79,wants,entertainment,entertainment,8.49,weekly,36.76
37,2543.79,wants,shopping,shopping,64.29,monthly,64.29
37,2543.79,wants,hobbies,hobbies,126.13,monthly,126.13
37,2543.79,wants,travel,travel,13.55,weekly,58.67
37,2543.79,wants,personal care,personal_care,102.86,one time,102.86
37,2543.79,wants,gifts,gifts,11.88,weekly,51.44
38,4494.9,needs,groceries,groceries,382.11,monthly,382.11
38,4494.9,needs,rent/mortgage,rent_mortgage,699.5,biweekly,1517.91
38,4494.9,needs,utilities,utilities,114.0,biweekly,247.38
38,4494.9,needs,gas/transport,gas_transport,249.39,monthly,249.39
38,4494.9,needs,insurance,insurance,117.36,biweekly,254.67
38,4494.9,needs,bills,bills,143.85,monthly,143.85
38,4494.9,needs,healthcare,healthcare,165.83,monthly,165.83
38,4494.9,needs,other,other,21.08,weekly,91.28
38,4494.9,wants,dining out,dining_out,216.45,monthly,216.45
38,4494.9,wants,entertainment,entertainment,305.54,monthly,305.54
38,4494.9,wants,subscriptions,subscriptions,85.15,monthly,85.15
38,4494.9,wants,hobbies,hobbies,52.46,weekly,227.15
38,4494.9,wants,travel,travel,128.61,monthly,128.61
38,4494.9,wants,gifts,gifts,56.69,biweekly,123.02
38,4494.9,wants,other,other,99.77,one time,99.77
39,2177.18,needs,groceries,groceries,246.92,monthly,246.92
39,2177.18,needs,rent/mortgage,rent_mortgage,674.24,monthly,674.24
39,2177.18,needs,utilities,utilities,40.33,biweekly,87.52
39,2177.18,needs,gas/transport,gas_transport,113.42,monthly,113.42
39,2177.18,needs,insurance,insurance,126.85,one time,126.85
39,2177.18,needs,bills,bills,88.69,monthly,88.69
39,2177.18,needs,healthcare,healthcare,30.14,biweekly,65.4
39,2177.18,wants,shopping,shopping,86.67,monthly,86.67
39,2177.18,wants,hobbies,hobbies,34.0,biweekly,73.78
39,2177.18,wants,other,other,37.3,monthly,37.3
40,3414.45,needs,groceries,groceries,261.59,monthly,261.59
40,3414.45,needs,rent/mortgage,rent_mortgage,464.49,biweekly,1007.94
40,3414.45,needs,utilities,utilities,183.91,monthly,183.91
40,3414.45,needs,gas/transport,gas_transport,70.91,biweekly,153.87
40,3414.45,needs,insurance,insurance,140.31,monthly,140.31
40,3414.45,needs,bills,bills,30.33,weekly,131.33
40,3414.45,needs,healthcare,healthcare,39.42,biweekly,85.54
40,3414.45,needs,childcare,childcare,69.95,biweekly,151.79
40,3414.45,needs,other,other,71.78,monthly,71.78
40,3414.45,wants,dining out,dining_out,78.67,monthly,78.67
40,3414.45,wants,shopping,shopping,353.0,one time,353.0
40,3414.45,wants,subscriptions,subscriptions,27.84,biweekly,60.41
40,3414.45,wants,hobbies,hobbies,40.6,monthly,40.6
40,3414.45,wants,travel,travel,50.22,biweekly,108.98
40,3414.45,wants,gifts,gifts,44.54,biweekly,96.65
40,3414.45,wants,other,other,104.49,monthly,104.49
41,2049.94,needs,groceries,groceries,88.63,biweekly,192.33
41,2049.94,needs,rent/mortgage,rent_mortgage,672.77,monthly,672.77
41,2049.94,needs,utilities,utilities,113.53,monthly,113.53
41,2049.94,needs,gas/transport,gas_transport,56.14,biweekly,121.82
41,2049.94,needs,insurance,insurance,21.67,weekly,93.83
41,2049.94,needs,bills,bills,90.97,monthly,90.97
41,2049.94,needs,healthcare,healthcare,59.36,monthly,59.36
41,2049.94,needs,childcare,childcare,43.24,biweekly,93.83
41,2049.94,wants,dining out,dining_out,39.43,monthly,39.43
41,2049.94,wants,shopping,shopping,69.66,monthly,69.66
41,2049.94,wants,subscriptions,subscriptions,13.38,weekly,57.94
41,2049.94,wants,hobbies,hobbies,69.64,monthly,69.64
41,2049.94,wants,personal care,personal_care,35.62,biweekly,77.3
41,2049.94,wants,other,other,17.0,biweekly,36.89
42,2148.57,needs,groceries,groceries,156.53,monthly,156.53
42,2148.57,needs,rent/mortgage,rent_mortgage,323.96,biweekly,702.99
42,2148.57,needs,utilities,utilities,21.43,weekly,92.79
42,2148.57,needs,gas/transport,gas_transport,125.76,monthly,125.76
42,2148.57,needs,insurance,insurance,26.68,weekly,115.52
42,2148.57,needs,bills,bills,97.47,monthly,97.47
42,2148.57,needs,healthcare,healthcare,14.21,weekly,61.53
42,2148.57,needs,other,other,11.89,weekly,51.48
42,2148.57,wants,dining out,dining_out,20.17,biweekly,43.77
42,2148.57,wants,entertainment,entertainment,57.2,monthly,57.2
42,2148.57,wants,subscriptions,subscriptions,23.18,monthly,23.18
42,2148.57,wants,travel,travel,16.44,biweekly,35.67
42,2148.57,wants,gifts,gifts,14.0,weekly,60.62
43,7546.94,needs,groceries,groceries,268.82,biweekly,583.34
43,7546.94,needs,rent/mortgage,rent_mortgage,2000.4,monthly,2000.4
43,7546.94,needs,utilities,utilities,61.48,weekly,266.21
43,7546.94,needs,gas/transport,gas_transport,115.67,weekly,500.85
43,7546.94,needs,insurance,insurance,189.39,biweekly,410.98
43,7546.94,needs,bills,bills,180.04,biweekly,390.69
43,7546.94,needs,healthcare,healthcare,240.02,monthly,240.02
43,7546.94,needs,other,other,164.34,monthly,164.34
43,7546.94,wants,shopping,shopping,44.05,weekly,190.74
43,7546.94,wants,travel,travel,70.92,monthly,70.92
43,7546.94,wants,gifts,gifts,242.57,monthly,242.57
43,7546.94,wants,other,other,38.33,weekly,165.97
44,1716.69,needs,groceries,groceries,120.83,monthly,120.83
44,1716.69,needs,rent/mortgage,rent_mortgage,256.69,biweekly,557.02
44,1716.69,needs,utilities,utilities,90.17,monthly,90.17
44,1716.69,needs,gas/transport,gas_transport,20.43,weekly,88.46
44,1716.69,needs,insurance,insurance,78.72,one time,78.72
44,1716.69,needs,bills,bills,65.38,monthly,65.38
44,1716.69,needs,healthcare,healthcare,55.11,monthly,55.11
44,1716.69,wants,entertainment,entertainment,28.66,monthly,28.66
44,1716.69,wants,shopping,shopping,36.07,weekly,156.18
44,1716.69,wants,subscriptions,subscriptions,16.62,biweekly,36.07
44,1716.69,wants,hobbies,hobbies,34.03,monthly,34.03
44,1716.69,wants,personal care,personal_care,74.54,monthly,74.54
44,1716.69,wants,gifts,gifts,38.31,one time,38.31
44,1716.69,wants,other,other,35.76,monthly,35.76
45,3769.1,needs,groceries,groceries,176.27,biweekly,382.51
45,3769.1,needs,rent/mortgage,rent_mortgage,1259.98,monthly,1259.98
45,3769.1,needs,utilities,utilities,214.4,monthly,214.4
45,3769.1,needs,gas/transport,gas_transport,113.92,biweekly,247.21
45,3769.1,needs,insurance,insurance,55.41,weekly,239.93
45,3769.1,needs,bills,bills,192.5,monthly,192.5
45,3769.1,needs,healthcare,healthcare,61.09,biweekly,132.57
45,3769.1,needs,other,other,85.67,monthly,85.67
45,3769.1,wants,dining out,dining_out,40.44,biweekly,87.75
45,3769.1,wants,entertainment,entertainment,67.11,monthly,67.11
45,3769.1,wants,shopping,shopping,102.53,monthly,102.53
45,3769.1,wants,subscriptions,subscriptions,35.36,monthly,35.36
45,3769.1,wants,hobbies,hobbies,48.58,biweekly,105.42
45,3769.1,wants,travel,travel,53.09,biweekly,115.21
45,3769.1,wants,personal care,personal_care,97.88,one time,97.88
45,3769.1,wants,gifts,gifts,80.34,monthly,80.34
46,3338.1,needs,groceries,groceries,426.2,monthly,426.2
46,3338.1,needs,rent/mortgage,rent_mortgage,810.34,monthly,810.34
46,3338.1,needs,utilities,utilities,185.22,one time,185.22
46,3338.1,needs,gas/transport,gas_transport,77.23,biweekly,167.59
46,3338.1,needs,insurance,insurance,185.94,monthly,185.94
46,3338.1,needs,bills,bills,121.07,one time,121.07
46,3338.1,needs,healthcare,healthcare,114.97,monthly,114.97
46,3338.1,needs,childcare,childcare,39.86,weekly,172.59
46,3338.1,needs,other,other,53.45,one time,53.45
46,3338.1,wants,dining out,dining_out,199.86,monthly,199.86
46,3338.1,wants,shopping,shopping,173.38,one time,173.38
46,3338.1,wants,travel,travel,12.85,weekly,55.64
46,3338.1,wants,personal care,personal_care,48.68,monthly,48.68
47,5545.35,needs,groceries,groceries,162.34,weekly,702.93
47,5545.35,needs,rent/mortgage,rent_mortgage,1876.88,monthly,1876.88
47,5545.35,needs,utilities,utilities,70.84,weekly,306.74
47,5545.35,needs,gas/transport,gas_transport,174.4,biweekly,378.45
47,5545.35,needs,insurance,insurance,280.7,monthly,280.7
47,5545.35,needs,bills,bills,106.91,biweekly,231.99
47,5545.35,needs,healthcare,healthcare,174.51,monthly,174.51
47,5545.35,wants,dining out,dining_out,139.25,monthly,139.25
47,5545.35,wants,shopping,shopping,304.05,monthly,304.05
47,5545.35,wants,subscriptions,subscriptions,119.24,monthly,119.24
47,5545.35,wants,hobbies,hobbies,215.33,one time,215.33
47,5545.35,wants,travel,travel,52.26,monthly,52.26
47,5545.35,wants,gifts,gifts,80.82,biweekly,175.38
47,5545.35,wants,other,other,176.6,monthly,176.6
48,5658.18,needs,groceries,groceries,453.16,monthly,453.16
48,5658.18,needs,rent/mortgage,rent_mortgage,929.44,biweekly,2016.88
48,5658.18,needs,utilities,utilities,274.19,monthly,274.19
48,5658.18,needs,gas/transport,gas_transport,414.19,monthly,414.19
48,5658.18,needs,insurance,insurance,269.08,monthly,269.08
48,5658.18,needs,bills,bills,214.18,monthly,214.18
48,5658.18,needs,healthcare,healthcare,175.91,monthly,175.91
48,5658.18,needs,other,other,26.54,weekly,114.92
48,5658.18,wants,dining out,dining_out,76.52,weekly,331.33
48,5658.18,wants,entertainment,entertainment,399.93,monthly,399.93
48,5658.18,wants,subscriptions,subscriptions,143.1,monthly,143.1
48,5658.18,wants,travel,travel,64.31,biweekly,139.55
48,5658.18,wants,personal care,personal_care,80.18,monthly,80.18
48,5658.18,wants,gifts,gifts,66.96,one time,66.96
48,5658.18,wants,other,other,75.04,monthly,75.04
49,7317.69,needs,groceries,groceries,353.08,biweekly,766.18
49,7317.69,needs,rent/mortgage,rent_mortgage,344.13,weekly,1490.08
49,7317.69,needs,utilities,utilities,439.38,monthly,439.38
49,7317.69,needs,gas/transport,gas_transport,111.9,weekly,484.53
49,7317.69,needs,insurance,insurance,420.71,monthly,420.71
49,7317.69,needs,bills,bills,78.82,weekly,341.29
49,7317.69,needs,healthcare,healthcare,198.69,monthly,198.69
49,7317.69,needs,childcare,childcare,82.51,weekly,357.27
49,7317.69,needs,other,other,69.39,biweekly,150.58
49,7317.69,wants,entertainment,entertainment,526.52,monthly,526.52
49,7317.69,wants,shopping,shopping,227.54,monthly,227.54
49,7317.69,wants,subscriptions,subscriptions,118.99,monthly,118.99
49,7317.69,wants,hobbies,hobbies,156.85,biweekly,340.36
49,7317.69,wants,personal care,personal_care,81.99,weekly,355.02
49,7317.69,wants,gifts,gifts,111.61,biweekly,242.19
49,7317.69,wants,other,other,108.01,biweekly,234.38
50,11062.94,needs,groceries,groceries,1241.18,monthly,1241.18
50,11062.94,needs,rent/mortgage,rent_mortgage,1160.14,biweekly,2517.5
50,11062.94,needs,utilities,utilities,98.74,weekly,427.54
50,11062.94,needs,gas/transport,gas_transport,128.76,weekly,557.53
50,11062.94,needs,insurance,insurance,506.02,monthly,506.02
50,11062.94,needs,bills,bills,168.19,biweekly,364.97
50,11062.94,needs,healthcare,healthcare,282.44,monthly,282.44
50,11062.94,wants,shopping,shopping,230.17,weekly,996.64
50,11062.94,wants,subscriptions,subscriptions,143.29,biweekly,310.94
50,11062.94,wants,hobbies,hobbies,423.46,monthly,423.46
50,11062.94,wants,travel,travel,129.01,biweekly,279.95
50,11062.94,wants,personal care,personal_care,167.08,monthly,167.08
50,11062.94,wants,gifts,gifts,116.6,biweekly,253.02
50,11062.94,wants,other,other,124.74,monthly,124.74
51,5552.8,needs,groceries,groceries,104.25,weekly,451.4
51,5552.8,needs,rent/mortgage,rent_mortgage,1797.74,monthly,1797.74
51,5552.8,needs,utilities,utilities,261.06,monthly,261.06
51,5552.8,needs,gas/transport,gas_transport,408.6,monthly,408.6
51,5552.8,needs,insurance,insurance,297.91,monthly,297.91
51,5552.8,needs,bills,bills,212.62,monthly,212.62
51,5552.8,needs,healthcare,healthcare,185.82,monthly,185.82
51,5552.8,needs,childcare,childcare,249.65,one time,249.65
51,5552.8,needs,other,other,89.75,monthly,89.75
51,5552.8,wants,shopping,shopping,54.29,weekly,235.08
51,5552.8,wants,subscriptions,subscriptions,76.15,biweekly,165.25
51,5552.8,wants,hobbies,hobbies,15.08,weekly,65.3
51,5552.8,wants,personal care,personal_care,158.39,monthly,158.39
51,5552.8,wants,other,other,23.02,biweekly,49.95
52,2752.29,needs,groceries,groceries,73.51,weekly,318.3
52,2752.29,needs,rent/mortgage,rent_mortgage,933.87,monthly,933.87
52,2752.29,needs,utilities,utilities,177.68,monthly,177.68
52,2752.29,needs,gas/transport,gas_transport,184.27,monthly,184.27
52,2752.29,needs,insurance,insurance,165.42,monthly,165.42
52,2752.29,needs,bills,bills,123.15,monthly,123.15
52,2752.29,needs,healthcare,healthcare,36.03,biweekly,78.19
52,2752.29,needs,childcare,childcare,39.11,biweekly,84.87
52,2752.29,needs,other,other,40.68,monthly,40.68
52,2752.29,wants,dining out,dining_out,19.79,biweekly,42.94
52,2752.29,wants,entertainment,entertainment,84.04,monthly,84.04
52,2752.29,wants,shopping,shopping,203.13,monthly,203.13
52,2752.29,wants,travel,travel,103.58,monthly,103.58
52,2752.29,wants,personal care,personal_care,8.39,weekly,36.33
52,2752.29,wants,other,other,14.42,biweekly,31.29
53,5643.62,needs,groceries,groceries,96.76,weekly,418.97
53,5643.62,needs,rent/mortgage,rent_mortgage,1407.94,monthly,1407.94
53,5643.62,needs,utilities,utilities,111.87,biweekly,242.76
53,5643.62,needs,gas/transport,gas_transport,357.64,monthly,357.64
53,5643.62,needs,insurance,insurance,304.9,monthly,304.9
53,5643.62,needs,bills,bills,102.8,biweekly,223.08
53,5643.62,needs,healthcare,healthcare,37.52,weekly,162.46
53,5643.62,needs,childcare,childcare,110.27,biweekly,239.29
53,5643.62,needs,other,other,21.9,weekly,94.83
53,5643.62,wants,entertainment,entertainment,80.92,weekly,350.38
53,5643.62,wants,shopping,shopping,111.97,weekly,484.83
53,5643.62,wants,hobbies,hobbies,50.38,biweekly,109.32
53,5643.62,wants,personal care,personal_care,268.86,monthly,268.86
53,5643.62,wants,gifts,gifts,34.15,weekly,147.87
54,4403.14,needs,groceries,groceries,89.48,weekly,387.45
54,4403.14,needs,rent/mortgage,rent_mortgage,1310.19,one time,1310.19
54,4403.14,needs,utilities,utilities,188.1,monthly,188.1
54,4403.14,needs,gas/transport,gas_transport,201.18,one time,201.18
54,4403.14,needs,insurance,insurance,223.7,monthly,223.7
54,4403.14,needs,bills,bills,86.63,biweekly,187.99
54,4403.14,needs,healthcare,healthcare,61.16,biweekly,132.72
54,4403.14,wants,dining out,dining_out,306.28,monthly,306.28
54,4403.14,wants,entertainment,entertainment,69.84,weekly,302.41
54,4403.14,wants,shopping,shopping,257.49,monthly,257.49
54,4403.14,wants,subscriptions,subscriptions,13.5,biweekly,29.29
54,4403.14,wants,travel,travel,150.48,one time,150.48
54,4403.14,wants,personal care,personal_care,162.77,monthly,162.77
54,4403.14,wants,gifts,gifts,156.6,monthly,156.6
54,4403.14,wants,other,other,6.35,weekly,27.5
55,8420.2,needs,groceries,groceries,1074.5,monthly,1074.5
55,8420.2,needs,rent/mortgage,rent_mortgage,449.6,weekly,1946.77
55,8420.2,needs,utilities,utilities,506.77,monthly,506.77
55,8420.2,needs,gas/transport,gas_transport,453.12,monthly,453.12
55,8420.2,needs,insurance,insurance,75.33,weekly,326.18
55,8420.2,needs,bills,bills,276.47,monthly,276.47
55,8420.2,needs,healthcare,healthcare,61.56,weekly,266.55
55,8420.2,needs,other,other,213.83,monthly,213.83
55,8420.2,wants,dining out,dining_out,141.09,biweekly,306.17
55,8420.2,wants,entertainment,entertainment,101.15,weekly,437.98
55,8420.2,wants,shopping,shopping,113.76,weekly,492.58
55,8420.2,wants,subscriptions,subscriptions,165.96,monthly,165.96
55,8420.2,wants,travel,travel,399.8,monthly,399.8
55,8420.2,wants,personal care,personal_care,92.33,weekly,399.79
55,8420.2,wants,other,other,161.75,monthly,161.75
56,2258.72,needs,groceries,groceries,266.31,monthly,266.31
56,2258.72,needs,rent/mortgage,rent_mortgage,370.38,biweekly,803.72
56,2258.72,needs,utilities,utilities,143.11,monthly,143.11
56,2258.72,needs,gas/transport,gas_transport,58.41,biweekly,126.75
56,2258.72,needs,insurance,insurance,49.51,biweekly,107.44
56,2258.72,needs,bills,bills,63.25,monthly,63.25
56,2258.72,needs,healthcare,healthcare,16.05,weekly,69.5
56,2258.72,needs,childcare,childcare,100.44,monthly,100.44
56,2258.72,needs,other,other,17.83,biweekly,38.69
56,2258.72,wants,dining out,dining_out,15.82,weekly,68.5
56,2258.72,wants,entertainment,entertainment,35.47,biweekly,76.97
56,2258.72,wants,shopping,shopping,157.64,monthly,157.64
56,2258.72,wants,subscriptions,subscriptions,80.78,monthly,80.78
56,2258.72,wants,hobbies,hobbies,22.02,monthly,22.02
56,2258.72,wants,travel,travel,24.81,weekly,107.43
56,2258.72,wants,personal care,personal_care,69.57,monthly,69.57
56,2258.72,wants,other,other,74.62,one time,74.62
57,7738.53,needs,groceries,groceries,350.54,biweekly,760.67
57,7738.53,needs,rent/mortgage,rent_mortgage,1051.14,biweekly,2280.97
57,7738.53,needs,utilities,utilities,456.93,monthly,456.93
57,7738.53,needs,gas/transport,gas_transport,272.89,biweekly,592.17
57,7738.53,needs,insurance,insurance,347.56,one time,347.56
57,7738.53,needs,bills,bills,343.43,monthly,343.43
57,7738.53,needs,healthcare,healthcare,95.67,biweekly,207.6
57,7738.53,needs,other,other,82.26,biweekly,178.5
57,7738.53,wants,dining out,dining_out,692.24,monthly,692.24
57,7738.53,wants,entertainment,entertainment,102.5,weekly,443.82
57,7738.53,wants,shopping,shopping,142.66,biweekly,309.57
57,7738.53,wants,subscriptions,subscriptions,57.27,weekly,247.98
57,7738.53,wants,travel,travel,67.52,biweekly,146.52
57,7738.53,wants,gifts,gifts,243.8,monthly,243.8
57,7738.53,wants,other,other,134.04,monthly,134.04
58,16103.9,needs,groceries,groceries,612.27,biweekly,1328.63
58,16103.9,needs,rent/mortgage,rent_mortgage,1130.52,weekly,4895.15
58,16103.9,needs,utilities,utilities,741.85,one time,741.85
58,16103.9,needs,gas/transport,gas_transport,1200.28,monthly,1200.28
58,16103.9,needs,insurance,insurance,732.86,monthly,732.86
58,16103.9,needs,bills,bills,292.37,biweekly,634.44
58,16103.9,needs,healthcare,healthcare,450.45,monthly,450.45
58,16103.9,wants,dining out,dining_out,126.56,weekly,548.0
58,16103.9,wants,shopping,shopping,402.72,biweekly,873.9
58,16103.9,wants,subscriptions,subscriptions,453.53,monthly,453.53
58,16103.9,wants,personal care,personal_care,287.1,monthly,287.1
58,16103.9,wants,gifts,gifts,64.29,biweekly,139.51
58,16103.9,wants,other,other,55.17,biweekly,119.72
59,9543.64,needs,groceries,groceries,387.41,biweekly,840.68
59,9543.64,needs,rent/mortgage,rent_mortgage,1202.61,biweekly,2609.66
59,9543.64,needs,utilities,utilities,383.58,monthly,383.58
59,9543.64,needs,gas/transport,gas_transport,447.53,monthly,447.53
59,9543.64,needs,insurance,insurance,103.09,weekly,446.38
59,9543.64,needs,bills,bills,98.56,weekly,426.76
59,9543.64,needs,healthcare,healthcare,82.06,weekly,355.32
59,9543.64,needs,childcare,childcare,379.09,monthly,379.09
59,9543.64,needs,other,other,112.56,biweekly,244.26
59,9543.64,wants,dining out,dining_out,146.15,weekly,632.83
59,9543.64,wants,entertainment,entertainment,274.25,biweekly,595.12
59,9543.64,wants,subscriptions,subscriptions,51.49,biweekly,111.73
59,9543.64,wants,hobbies,hobbies,213.38,biweekly,463.03
59,9543.64,wants,travel,travel,422.6,monthly,422.6
59,9543.64,wants,personal care,personal_care,325.35,monthly,325.35
59,9543.64,wants,gifts,gifts,100.29,one time,100.29
59,9543.64,wants,other,other,191.04,monthly,191.04
60,4701.46,needs,groceries,groceries,413.18,monthly,413.18
60,4701.46,needs,rent/mortgage,rent_mortgage,699.23,biweekly,1517.33
60,4701.46,needs,utilities,utilities,256.48,monthly,256.48
60,4701.46,needs,gas/transport,gas_transport,302.73,monthly,302.73
60,4701.46,needs,insurance,insurance,77.93,biweekly,169.11
60,4701.46,needs,bills,bills,196.07,monthly,196.07
60,4701.46,needs,healthcare,healthcare,101.57,monthly,101.57
60,4701.46,needs,other,other,34.23,biweekly,74.28
60,4701.46,wants,dining out,dining_out,44.25,weekly,191.6
60,4701.46,wants,entertainment,entertainment,34.76,weekly,150.51
60,4701.46,wants,shopping,shopping,229.32,monthly,229.32
60,4701.46,wants,hobbies,hobbies,241.5,monthly,241.5
60,4701.46,wants,personal care,personal_care,108.75,biweekly,235.99
60,4701.46,wants,gifts,gifts,33.4,monthly,33.4
60,4701.46,wants,other,other,108.69,monthly,108.69
61,1745.51,needs,groceries,groceries,154.41,one time,154.41
61,1745.51,needs,rent/mortgage,rent_mortgage,247.62,biweekly,537.34
61,1745.51,needs,utilities,utilities,15.05,weekly,65.17
61,1745.51,needs,gas/transport,gas_transport,28.04,weekly,121.41
61,1745.51,needs,insurance,insurance,92.07,monthly,92.07
61,1745.51,needs,bills,bills,62.04,monthly,62.04
61,1745.51,needs,healthcare,healthcare,12.44,weekly,53.87
61,1745.51,wants,dining out,dining_out,129.28,monthly,129.28
61,1745.51,wants,entertainment,entertainment,53.62,monthly,53.62
61,1745.51,wants,shopping,shopping,40.75,weekly,176.45
61,1745.51,wants,subscriptions,subscriptions,31.86,monthly,31.86
61,1745.51,wants,travel,travel,73.29,monthly,73.29
61,1745.51,wants,personal care,personal_care,38.31,biweekly,83.13
61,1745.51,wants,gifts,gifts,4.2,weekly,18.19
61,1745.51,wants,other,other,47.76,monthly,47.76
62,3400.6,needs,groceries,groceries,72.64,weekly,314.53
62,3400.6,needs,rent/mortgage,rent_mortgage,1020.05,monthly,1020.05
62,3400.6,needs,utilities,utilities,135.76,monthly,135.76
62,3400.6,needs,gas/transport,gas_transport,78.88,biweekly,171.17
62,3400.6,needs,insurance,insurance,177.6,monthly,177.6
62,3400.6,needs,bills,bills,129.72,monthly,129.72
62,3400.6,needs,healthcare,healthcare,72.47,monthly,72.47
62,3400.6,wants,dining out,dining_out,95.57,monthly,95.57
62,3400.6,wants,entertainment,entertainment,113.15,monthly,113.15
62,3400.6,wants,subscriptions,subscriptions,23.69,monthly,23.69
62,3400.6,wants,hobbies,hobbies,15.68,weekly,67.89
62,3400.6,wants,travel,travel,31.97,biweekly,69.37
62,3400.6,wants,personal care,personal_care,56.26,monthly,56.26
62,3400.6,wants,gifts,gifts,104.84,monthly,104.84
62,3400.6,wants,other,other,47.18,monthly,47.18
63,17463.05,needs,groceries,groceries,1926.73,one time,1926.73
63,17463.05,needs,rent/mortgage,rent_mortgage,943.55,weekly,4085.57
63,17463.05,needs,utilities,utilities,437.41,biweekly,949.18
63,17463.05,needs,gas/transport,gas_transport,313.43,weekly,1357.15
63,17463.05,needs,insurance,insurance,231.62,weekly,1002.91
63,17463.05,needs,bills,bills,849.15,monthly,849.15
63,17463.05,needs,healthcare,healthcare,303.09,biweekly,657.71
63,17463.05,wants,shopping,shopping,1108.79,monthly,1108.79
63,17463.05,wants,hobbies,hobbies,310.87,one time,310.87
63,17463.05,wants,travel,travel,176.49,weekly,764.2
63,17463.05,wants,other,other,87.99,weekly,381.0
64,5387.53,needs,groceries,groceries,123.6,weekly,535.19
64,5387.53,needs,rent/mortgage,rent_mortgage,315.72,weekly,1367.07
64,5387.53,needs,utilities,utilities,133.07,biweekly,288.76
64,5387.53,needs,gas/transport,gas_transport,150.98,biweekly,327.63
64,5387.53,needs,insurance,insurance,298.05,one time,298.05
64,5387.53,needs,bills,bills,269.38,one time,269.38
64,5387.53,needs,healthcare,healthcare,166.86,monthly,166.86
64,5387.53,needs,other,other,61.19,biweekly,132.78
64,5387.53,wants,dining out,dining_out,50.87,weekly,220.27
64,5387.53,wants,subscriptions,subscriptions,127.3,monthly,127.3
64,5387.53,wants,hobbies,hobbies,43.22,weekly,187.14
64,5387.53,wants,travel,travel,58.44,monthly,58.44
64,5387.53,wants,gifts,gifts,75.91,biweekly,164.72
65,2106.7,needs,groceries,groceries,250.67,monthly,250.67
65,2106.7,needs,rent/mortgage,rent_mortgage,108.19,weekly,468.46
65,2106.7,needs,utilities,utilities,29.82,weekly,129.12
65,2106.7,needs,gas/transport,gas_transport,144.95,monthly,144.95
65,2106.7,needs,insurance,insurance,121.97,monthly,121.97
65,2106.7,needs,bills,bills,88.7,one time,88.7
65,2106.7,needs,healthcare,healthcare,11.74,weekly,50.83
65,2106.7,needs,other,other,36.96,one time,36.96
65,2106.7,wants,dining out,dining_out,95.05,monthly,95.05
65,2106.7,wants,shopping,shopping,105.49,monthly,105.49
65,2106.7,wants,gifts,gifts,31.4,monthly,31.4
65,2106.7,wants,other,other,55.09,monthly,55.09
66,2499.82,needs,groceries,groceries,286.04,monthly,286.04
66,2499.82,needs,rent/mortgage,rent_mortgage,166.41,weekly,720.56
66,2499.82,needs,utilities,utilities,110.96,monthly,110.96
66,2499.82,needs,gas/transport,gas_transport,79.13,biweekly,171.71
66,2499.82,needs,insurance,insurance,48.52,biweekly,105.29
66,2499.82,needs,bills,bills,41.26,biweekly,89.53
66,2499.82,needs,healthcare,healthcare,13.37,weekly,57.89
66,2499.82,needs,childcare,childcare,105.85,monthly,105.85
66,2499.82,needs,other,other,53.41,one time,53.41
66,2499.82,wants,dining out,dining_out,66.13,monthly,66.13
66,2499.82,wants,entertainment,entertainment,170.23,one time,170.23
66,2499.82,wants,shopping,shopping,50.15,one time,50.15
66,2499.82,wants,subscriptions,subscriptions,71.11,one time,71.11
66,2499.82,wants,hobbies,hobbies,91.78,monthly,91.78
66,2499.82,wants,travel,travel,56.41,biweekly,122.41
66,2499.82,wants,personal care,personal_care,94.09,monthly,94.09
66,2499.82,wants,gifts,gifts,75.0,monthly,75.0
66,2499.82,wants,other,other,10.69,weekly,46.29
67,2187.01,needs,groceries,groceries,236.13,monthly,236.13
67,2187.01,needs,rent/mortgage,rent_mortgage,769.57,monthly,769.57
67,2187.01,needs,utilities,utilities,119.22,monthly,119.22
67,2187.01,needs,gas/transport,gas_transport,64.76,biweekly,140.53
67,2187.01,needs,insurance,insurance,139.18,monthly,139.18
67,2187.01,needs,bills,bills,71.4,monthly,71.4
67,2187.01,needs,healthcare,healthcare,68.48,one time,68.48
67,2187.01,wants,dining out,dining_out,16.3,weekly,70.58
67,2187.01,wants,entertainment,entertainment,147.29,one time,147.29
67,2187.01,wants,shopping,shopping,64.86,monthly,64.86
67,2187.01,wants,subscriptions,subscriptions,16.35,monthly,16.35
67,2187.01,wants,personal care,personal_care,30.08,biweekly,65.27
67,2187.01,wants,gifts,gifts,24.66,biweekly,53.51
67,2187.01,wants,other,other,25.68,monthly,25.68
68,2110.06,needs,groceries,groceries,158.89,monthly,158.89
68,2110.06,needs,rent/mortgage,rent_mortgage,337.77,biweekly,732.96
68,2110.06,needs,utilities,utilities,94.82,one time,94.82
68,2110.06,needs,gas/transport,gas_transport,71.81,biweekly,155.83
68,2110.06,needs,insurance,insurance,75.31,one time,75.31
68,2110.06,needs,bills,bills,105.34,one time,105.34
68,2110.06,needs,healthcare,healthcare,27.41,biweekly,59.48
68,2110.06,needs,other,other,33.93,one time,33.93
68,2110.06,wants,shopping,shopping,91.64,biweekly,198.86
68,2110.06,wants,subscriptions,subscriptions,73.09,monthly,73.09
68,2110.06,wants,hobbies,hobbies,110.72,monthly,110.72
68,2110.06,wants,travel,travel,43.41,monthly,43.41
68,2110.06,wants,personal care,personal_care,20.36,weekly,88.16
68,2110.06,wants,gifts,gifts,73.62,monthly,73.62
69,13292.29,needs,groceries,groceries,1601.19,monthly,1601.19
69,13292.29,needs,rent/mortgage,rent_mortgage,671.07,weekly,2905.73
69,13292.29,needs,utilities,utilities,152.77,weekly,661.49
69,13292.29,needs,gas/transport,gas_transport,369.83,biweekly,802.53
69,13292.29,needs,insurance,insurance,617.13,monthly,617.13
69,13292.29,needs,bills,bills,685.63,one time,685.63
69,13292.29,needs,healthcare,healthcare,428.3,monthly,428.3
69,13292.29,needs,other,other,44.91,weekly,194.46
69,13292.29,wants,dining out,dining_out,77.83,weekly,337.0
69,13292.29,wants,entertainment,entertainment,438.2,biweekly,950.89
69,13292.29,wants,shopping,shopping,904.42,monthly,904.42
69,13292.29,wants,subscriptions,subscriptions,411.01,monthly,411.01
69,13292.29,wants,hobbies,hobbies,659.49,monthly,659.49
69,13292.29,wants,travel,travel,29.76,weekly,128.86
69,13292.29,wants,other,other,181.98,one time,181.98
70,5980.66,needs,groceries,groceries,534.43,monthly,534.43
70,5980.66,needs,rent/mortgage,rent_mortgage,618.2,biweekly,1341.49
70,5980.66,needs,utilities,utilities,261.33,monthly,261.33
70,5980.66,needs,gas/transport,gas_transport,404.33,monthly,404.33
70,5980.66,needs,insurance,insurance,67.39,weekly,291.8
70,5980.66,needs,bills,bills,174.32,monthly,174.32
70,5980.66,needs,healthcare,healthcare,158.71,monthly,158.71
70,5980.66,wants,entertainment,entertainment,55.88,weekly,241.96
70,5980.66,wants,shopping,shopping,286.02,monthly,286.02
70,5980.66,wants,subscriptions,subscriptions,106.55,monthly,106.55
70,5980.66,wants,hobbies,hobbies,132.03,biweekly,286.51
70,5980.66,wants,travel,travel,102.54,biweekly,222.51
70,5980.66,wants,personal care,personal_care,269.04,monthly,269.04
70,5980.66,wants,gifts,gifts,142.28,monthly,142.28
70,5980.66,wants,other,other,47.21,weekly,204.42
71,3828.86,needs,groceries,groceries,388.75,monthly,388.75
71,3828.86,needs,rent/mortgage,rent_mortgage,1095.57,monthly,1095.57
71,3828.86,needs,utilities,utilities,51.21,weekly,221.74
71,3828.86,needs,gas/transport,gas_transport,182.08,monthly,182.08
71,3828.86,needs,insurance,insurance,63.96,biweekly,138.79
71,3828.86,needs,bills,bills,154.46,monthly,154.46
71,3828.86,needs,healthcare,healthcare,30.15,weekly,130.55
71,3828.86,needs,childcare,childcare,151.77,monthly,151.77
71,3828.86,needs,other,other,54.45,one time,54.45
71,3828.86,wants,dining out,dining_out,287.66,monthly,287.66
71,3828.86,wants,entertainment,entertainment,49.56,weekly,214.59
71,3828.86,wants,shopping,shopping,232.58,monthly,232.58
71,3828.86,wants,hobbies,hobbies,48.44,monthly,48.44
71,3828.86,wants,travel,travel,70.16,biweekly,152.25
71,3828.86,wants,personal care,personal_care,14.27,weekly,61.79
71,3828.86,wants,gifts,gifts,25.12,biweekly,54.51
71,3828.86,wants,other,other,7.61,weekly,32.95
72,7164.53,needs,groceries,groceries,168.1,weekly,727.87
72,7164.53,needs,rent/mortgage,rent_mortgage,2587.14,monthly,2587.14
72,7164.53,needs,utilities,utilities,159.51,biweekly,346.14
72,7164.53,needs,gas/transport,gas_transport,119.47,weekly,517.31
72,7164.53,needs,insurance,insurance,97.12,weekly,420.53
72,7164.53,needs,bills,bills,273.58,monthly,273.58
72,7164.53,needs,healthcare,healthcare,185.05,monthly,185.05
72,7164.53,needs,childcare,childcare,212.98,monthly,212.98
72,7164.53,needs,other,other,127.01,monthly,127.01
72,7164.53,wants,dining out,dining_out,391.93,monthly,391.93
72,7164.53,wants,entertainment,entertainment,41.19,biweekly,89.38
72,7164.53,wants,shopping,shopping,120.8,biweekly,262.14
72,7164.53,wants,subscriptions,subscriptions,56.1,monthly,56.1
72,7164.53,wants,hobbies,hobbies,334.37,monthly,334.37
72,7164.53,wants,travel,travel,57.75,weekly,250.06
72,7164.53,wants,gifts,gifts,17.1,weekly,74.04
72,7164.53,wants,other,other,213.19,monthly,213.19
73,8400.81,needs,groceries,groceries,829.8,monthly,829.8
73,8400.81,needs,rent/mortgage,rent_mortgage,396.18,weekly,1715.46
73,8400.81,needs,utilities,utilities,487.15,monthly,487.15
73,8400.81,needs,gas/transport,gas_transport,562.77,one time,562.77
73,8400.81,needs,insurance,insurance,228.93,biweekly,496.78
73,8400.81,needs,bills,bills,430.96,monthly,430.96
73,8400.81,needs,healthcare,healthcare,296.43,monthly,296.43
73,8400.81,wants,dining out,dining_out,336.23,monthly,336.23
73,8400.81,wants,entertainment,entertainment,133.5,biweekly,289.69
73,8400.81,wants,shopping,shopping,897.28,monthly,897.28
73,8400.81,wants,subscriptions,subscriptions,132.64,monthly,132.64
73,8400.81,wants,hobbies,hobbies,47.59,weekly,206.06
73,8400.81,wants,travel,travel,41.97,biweekly,91.07
73,8400.81,wants,personal care,personal_care,81.41,biweekly,176.66
73,8400.81,wants,gifts,gifts,209.93,monthly,209.93
74,5498.77,needs,groceries,groceries,119.0,weekly,515.27
74,5498.77,needs,rent/mortgage,rent_mortgage,418.16,weekly,1810.63
74,5498.77,needs,utilities,utilities,46.85,weekly,202.86
74,5498.77,needs,gas/transport,gas_transport,60.34,weekly,261.27
74,5498.77,needs,insurance,insurance,354.36,monthly,354.36
74,5498.77,needs,bills,bills,251.48,one time,251.48
74,5498.77,needs,healthcare,healthcare,30.18,weekly,130.68
74,5498.77,needs,childcare,childcare,176.49,monthly,176.49
74,5498.77,needs,other,other,100.57,monthly,100.57
74,5498.77,wants,dining out,dining_out,187.14,biweekly,406.09
74,5498.77,wants,hobbies,hobbies,133.67,monthly,133.67
74,5498.77,wants,personal care,personal_care,145.07,monthly,145.07
74,5498.77,wants,other,other,22.77,weekly,98.59
75,3622.58,needs,groceries,groceries,58.69,weekly,254.13
75,3622.58,needs,rent/mortgage,rent_mortgage,1182.76,monthly,1182.76
75,3622.58,needs,utilities,utilities,179.01,monthly,179.01
75,3622.58,needs,gas/transport,gas_transport,110.16,biweekly,239.05
75,3622.58,needs,insurance,insurance,202.53,one time,202.53
75,3622.58,needs,bills,bills,154.22,monthly,154.22
75,3622.58,needs,healthcare,healthcare,107.59,monthly,107.59
75,3622.58,needs,other,other,62.77,monthly,62.77
75,3622.58,wants,dining out,dining_out,266.46,monthly,266.46
75,3622.58,wants,entertainment,entertainment,136.81,monthly,136.81
75,3622.58,wants,shopping,shopping,54.21,weekly,234.73
75,3622.58,wants,hobbies,hobbies,20.19,weekly,87.42
75,3622.58,wants,travel,travel,105.14,monthly,105.14
75,3622.58,wants,personal care,personal_care,127.54,monthly,127.54
75,3622.58,wants,other,other,100.56,monthly,100.56
76,6840.99,needs,groceries,groceries,821.74,monthly,821.74
76,6840.99,needs,rent/mortgage,rent_mortgage,512.93,weekly,2220.99
76,6840.99,needs,utilities,utilities,374.32,monthly,374.32
76,6840.99,needs,gas/transport,gas_transport,229.99,biweekly,499.08
76,6840.99,needs,insurance,insurance,275.29,monthly,275.29
76,6840.99,needs,bills,bills,44.34,weekly,191.99
76,6840.99,needs,healthcare,healthcare,109.77,biweekly,238.2
76,6840.99,needs,other,other,173.72,monthly,173.72
76,6840.99,wants,dining out,dining_out,280.02,monthly,280.02
76,6840.99,wants,entertainment,entertainment,133.39,monthly,133.39
76,6840.99,wants,hobbies,hobbies,139.23,monthly,139.23
76,6840.99,wants,personal care,personal_care,357.39,monthly,357.39
76,6840.99,wants,other,other,21.92,weekly,94.91
77,1852.4,needs,groceries,groceries,170.27,one time,170.27
77,1852.4,needs,rent/mortgage,rent_mortgage,467.87,monthly,467.87
77,1852.4,needs,utilities,utilities,77.24,monthly,77.24
77,1852.4,needs,gas/transport,gas_transport,32.85,weekly,142.24
77,1852.4,needs,insurance,insurance,82.01,monthly,82.01
77,1852.4,needs,bills,bills,15.35,weekly,66.47
77,1852.4,needs,healthcare,healthcare,12.58,weekly,54.47
77,1852.4,wants,entertainment,entertainment,14.7,weekly,63.65
77,1852.4,wants,shopping,shopping,33.66,weekly,145.75
77,1852.4,wants,subscriptions,subscriptions,13.93,biweekly,30.23
77,1852.4,wants,hobbies,hobbies,57.33,one time,57.33
77,1852.4,wants,personal care,personal_care,9.38,biweekly,20.35
77,1852.4,wants,gifts,gifts,54.09,monthly,54.09
77,1852.4,wants,other,other,54.28,monthly,54.28
78,3612.5,needs,groceries,groceries,394.89,one time,394.89
78,3612.5,needs,rent/mortgage,rent_mortgage,891.3,monthly,891.3
78,3612.5,needs,utilities,utilities,128.41,monthly,128.41
78,3612.5,needs,gas/transport,gas_transport,47.07,weekly,203.81
78,3612.5,needs,insurance,insurance,53.62,weekly,232.17
78,3612.5,needs,bills,bills,50.45,biweekly,109.48
78,3612.5,needs,healthcare,healthcare,24.92,weekly,107.9
78,3612.5,needs,childcare,childcare,39.51,weekly,171.08
78,3612.5,needs,other,other,55.97,monthly,55.97
78,3612.5,wants,dining out,dining_out,146.32,monthly,146.32
78,3612.5,wants,entertainment,entertainment,151.58,monthly,151.58
78,3612.5,wants,shopping,shopping,195.86,monthly,195.86
78,3612.5,wants,hobbies,hobbies,95.64,monthly,95.64
78,3612.5,wants,travel,travel,132.61,monthly,132.61
78,3612.5,wants,personal care,personal_care,155.73,monthly,155.73
78,3612.5,wants,other,other,19.34,weekly,83.74
79,4977.76,needs,groceries,groceries,110.3,weekly,477.6
79,4977.76,needs,rent/mortgage,rent_mortgage,1765.21,monthly,1765.21
79,4977.76,needs,utilities,utilities,275.75,monthly,275.75
79,4977.76,needs,gas/transport,gas_transport,335.16,monthly,335.16
79,4977.76,needs,insurance,insurance,67.76,weekly,293.4
79,4977.76,needs,bills,bills,53.73,weekly,232.65
79,4977.76,needs,healthcare,healthcare,173.58,one time,173.58
79,4977.76,needs,other,other,84.62,one time,84.62
79,4977.76,wants,dining out,dining_out,256.41,monthly,256.41
79,4977.76,wants,entertainment,entertainment,137.03,biweekly,297.36
79,4977.76,wants,shopping,shopping,109.97,monthly,109.97
79,4977.76,wants,hobbies,hobbies,42.78,biweekly,92.83
79,4977.76,wants,travel,travel,96.43,monthly,96.43
80,2570.69,needs,groceries,groceries,116.2,biweekly,252.15
80,2570.69,needs,rent/mortgage,rent_mortgage,132.82,weekly,575.11
80,2570.69,needs,utilities,utilities,165.21,monthly,165.21
80,2570.69,needs,gas/transport,gas_transport,33.6,weekly,145.49
80,2570.69,needs,insurance,insurance,107.33,monthly,107.33
80,2570.69,needs,bills,bills,27.62,weekly,119.59
80,2570.69,needs,healthcare,healthcare,34.29,biweekly,74.41
80,2570.69,needs,other,other,52.04,monthly,52.04
80,2570.69,wants,dining out,dining_out,93.66,biweekly,203.24
80,2570.69,wants,subscriptions,subscriptions,32.73,biweekly,71.02
80,2570.69,wants,hobbies,hobbies,73.68,monthly,73.68
80,2570.69,wants,travel,travel,68.23,monthly,68.23
80,2570.69,wants,gifts,gifts,29.42,one time,29.42
80,2570.69,wants,other,other,84.6,monthly,84.6
81,4528.83,needs,groceries,groceries,528.53,monthly,528.53
81,4528.83,needs,rent/mortgage,rent_mortgage,719.83,biweekly,1562.03
81,4528.83,needs,utilities,utilities,229.58,monthly,229.58
81,4528.83,needs,gas/transport,gas_transport,285.31,monthly,285.31
81,4528.83,needs,insurance,insurance,175.66,monthly,175.66
81,4528.83,needs,bills,bills,68.26,biweekly,148.12
81,4528.83,needs,healthcare,healthcare,23.39,weekly,101.28
81,4528.83,needs,other,other,107.16,monthly,107.16
81,4528.83,wants,entertainment,entertainment,52.83,weekly,228.75
81,4528.83,wants,shopping,shopping,195.89,biweekly,425.08
81,4528.83,wants,subscriptions,subscriptions,37.21,biweekly,80.75
81,4528.83,wants,hobbies,hobbies,54.77,weekly,237.15
81,4528.83,wants,travel,travel,104.69,biweekly,227.18
81,4528.83,wants,gifts,gifts,70.25,monthly,70.25
82,5594.59,needs,groceries,groceries,143.74,weekly,622.39
82,5594.59,needs,rent/mortgage,rent_mortgage,419.19,weekly,1815.09
82,5594.59,needs,utilities,utilities,210.13,monthly,210.13
82,5594.59,needs,gas/transport,gas_transport,75.2,weekly,325.62
82,5594.59,needs,insurance,insurance,198.88,monthly,198.88
82,5594.59,needs,bills,bills,37.97,weekly,164.41
82,5594.59,needs,healthcare,healthcare,42.21,weekly,182.77
82,5594.59,needs,childcare,childcare,85.58,biweekly,185.71
82,5594.59,needs,other,other,51.96,biweekly,112.75
82,5594.59,wants,dining out,dining_out,212.27,biweekly,460.63
82,5594.59,wants,entertainment,entertainment,35.67,weekly,154.45
82,5594.59,wants,subscriptions,subscriptions,17.87,weekly,77.38
82,5594.59,wants,travel,travel,136.29,biweekly,295.75
82,5594.59,wants,gifts,gifts,124.49,one time,124.49
83,1981.68,needs,groceries,groceries,231.19,one time,231.19
83,1981.68,needs,rent/mortgage,rent_mortgage,544.45,monthly,544.45
83,1981.68,needs,utilities,utilities,112.9,monthly,112.9
83,1981.68,needs,gas/transport,gas_transport,26.17,weekly,113.32
83,1981.68,needs,insurance,insurance,95.25,one time,95.25
83,1981.68,needs,bills,bills,66.77,monthly,66.77
83,1981.68,needs,healthcare,healthcare,10.8,weekly,46.76
83,1981.68,needs,other,other,18.08,biweekly,39.23
83,1981.68,wants,dining out,dining_out,57.3,monthly,57.3
83,1981.68,wants,shopping,shopping,29.8,weekly,129.03
83,1981.68,wants,subscriptions,subscriptions,50.94,monthly,50.94
83,1981.68,wants,hobbies,hobbies,69.05,monthly,69.05
83,1981.68,wants,travel,travel,77.7,monthly,77.7
83,1981.68,wants,personal care,personal_care,47.13,monthly,47.13
83,1981.68,wants,gifts,gifts,39.67,monthly,39.67
83,1981.68,wants,other,other,35.75,monthly,35.75
84,17527.32,needs,groceries,groceries,1867.6,monthly,1867.6
84,17527.32,needs,rent/mortgage,rent_mortgage,5745.76,monthly,5745.76
84,17527.32,needs,utilities,utilities,1032.85,monthly,1032.85
84,17527.32,needs,gas/transport,gas_transport,503.4,biweekly,1092.38
84,17527.32,needs,insurance,insurance,869.29,monthly,869.29
84,17527.32,needs,bills,bills,616.28,monthly,616.28
84,17527.32,needs,healthcare,healthcare,576.93,monthly,576.93
84,17527.32,needs,childcare,childcare,680.32,monthly,680.32
84,17527.32,needs,other,other,400.48,monthly,400.48
84,17527.32,wants,dining out,dining_out,509.82,one time,509.82
84,17527.32,wants,shopping,shopping,1821.15,monthly,1821.15
84,17527.32,wants,hobbies,hobbies,885.17,monthly,885.17
84,17527.32,wants,personal care,personal_care,337.53,biweekly,732.44
84,17527.32,wants,gifts,gifts,90.11,biweekly,195.54
85,2071.39,needs,groceries,groceries,260.48,monthly,260.48
85,2071.39,needs,rent/mortgage,rent_mortgage,652.32,monthly,652.32
85,2071.39,needs,utilities,utilities,28.12,weekly,121.76
85,2071.39,needs,gas/transport,gas_transport,44.96,biweekly,97.56
85,2071.39,needs,insurance,insurance,110.0,monthly,110.0
85,2071.39,needs,bills,bills,24.8,weekly,107.38
85,2071.39,needs,healthcare,healthcare,33.04,biweekly,71.7
85,2071.39,needs,other,other,44.88,monthly,44.88
85,2071.39,wants,dining out,dining_out,31.45,biweekly,68.25
85,2071.39,wants,entertainment,entertainment,84.51,monthly,84.51
85,2071.39,wants,shopping,shopping,66.49,biweekly,144.28
85,2071.39,wants,subscriptions,subscriptions,9.22,biweekly,20.01
85,2071.39,wants,hobbies,hobbies,47.0,one time,47.0
85,2071.39,wants,travel,travel,7.55,weekly,32.69
85,2071.39,wants,gifts,gifts,35.27,one time,35.27
85,2071.39,wants,other,other,9.79,weekly,42.39
86,13388.75,needs,groceries,groceries,357.14,weekly,1546.42
86,13388.75,needs,rent/mortgage,rent_mortgage,2849.05,one time,2849.05
86,13388.75,needs,utilities,utilities,501.32,monthly,501.32
86,13388.75,needs,gas/transport,gas_transport,575.26,monthly,575.26
86,13388.75,needs,insurance,insurance,633.61,monthly,633.61
86,13388.75,needs,bills,bills,90.81,weekly,393.21
86,13388.75,needs,healthcare,healthcare,298.93,monthly,298.93
86,13388.75,needs,childcare,childcare,497.63,monthly,497.63
86,13388.75,needs,other,other,105.14,biweekly,228.15
86,13388.75,wants,dining out,dining_out,192.76,weekly,834.65
86,13388.75,wants,shopping,shopping,914.12,monthly,914.12
86,13388.75,wants,subscriptions,subscriptions,387.19,monthly,387.19
86,13388.75,wants,hobbies,hobbies,240.78,biweekly,522.49
86,13388.75,wants,personal care,personal_care,307.37,one time,307.37
86,13388.75,wants,gifts,gifts,84.82,weekly,367.27
86,13388.75,wants,other,other,81.29,weekly,351.99
87,2620.04,needs,groceries,groceries,139.76,biweekly,303.28
87,2620.04,needs,rent/mortgage,rent_mortgage,533.16,monthly,533.16
87,2620.04,needs,utilities,utilities,51.83,biweekly,112.47
87,2620.04,needs,gas/transport,gas_transport,83.24,biweekly,180.63
87,2620.04,needs,insurance,insurance,127.17,one time,127.17
87,2620.04,needs,bills,bills,62.31,biweekly,135.21
87,2620.04,needs,healthcare,healthcare,31.09,biweekly,67.47
87,2620.04,wants,dining out,dining_out,99.33,biweekly,215.55
87,2620.04,wants,entertainment,entertainment,141.63,one time,141.63
87,2620.04,wants,shopping,shopping,98.38,monthly,98.38
87,2620.04,wants,hobbies,hobbies,25.88,monthly,25.88
87,2620.04,wants,travel,travel,80.6,monthly,80.6
87,2620.04,wants,personal care,personal_care,92.4,one time,92.4
87,2620.04,wants,gifts,gifts,72.17,monthly,72.17
87,2620.04,wants,other,other,81.11,monthly,81.11
88,2453.36,needs,groceries,groceries,256.54,monthly,256.54
88,2453.36,needs,rent/mortgage,rent_mortgage,844.02,monthly,844.02
88,2453.36,needs,utilities,utilities,135.45,monthly,135.45
88,2453.36,needs,gas/transport,gas_transport,133.2,monthly,133.2
88,2453.36,needs,insurance,insurance,127.47,monthly,127.47
88,2453.36,needs,bills,bills,18.13,weekly,78.5
88,2453.36,needs,healthcare,healthcare,14.04,weekly,60.79
88,2453.36,needs,other,other,35.08,monthly,35.08
88,2453.36,wants,entertainment,entertainment,170.26,monthly,170.26
88,2453.36,wants,shopping,shopping,207.92,monthly,207.92
88,2453.36,wants,subscriptions,subscriptions,31.32,biweekly,67.96
88,2453.36,wants,travel,travel,43.24,biweekly,93.83
88,2453.36,wants,gifts,gifts,38.38,biweekly,83.28
88,2453.36,wants,other,other,27.97,biweekly,60.69
89,9561.48,needs,groceries,groceries,921.17,monthly,921.17
89,9561.48,needs,rent/mortgage,rent_mortgage,447.97,weekly,1939.71
89,9561.48,needs,utilities,utilities,229.5,biweekly,498.01
89,9561.48,needs,gas/transport,gas_transport,541.42,monthly,541.42
89,9561.48,needs,insurance,insurance,110.21,weekly,477.21
89,9561.48,needs,bills,bills,216.36,biweekly,469.5
89,9561.48,needs,healthcare,healthcare,359.61,monthly,359.61
89,9561.48,needs,childcare,childcare,280.38,monthly,280.38
89,9561.48,wants,dining out,dining_out,54.66,weekly,236.68
89,9561.48,wants,shopping,shopping,46.2,weekly,200.05
89,9561.48,wants,subscriptions,subscriptions,320.2,monthly,320.2
89,9561.48,wants,personal care,personal_care,87.61,biweekly,190.11
89,9561.48,wants,other,other,123.28,monthly,123.28
90,1901.14,needs,groceries,groceries,213.88,monthly,213.88
90,1901.14,needs,rent/mortgage,rent_mortgage,643.52,one time,643.52
90,1901.14,needs,utilities,utilities,98.82,one time,98.82
90,1901.14,needs,gas/transport,gas_transport,29.63,weekly,128.3
90,1901.14,needs,insurance,insurance,15.4,weekly,66.68
90,1901.14,needs,bills,bills,83.09,monthly,83.09
90,1901.14,needs,healthcare,healthcare,25.3,biweekly,54.9
90,1901.14,wants,dining out,dining_out,47.99,monthly,47.99
90,1901.14,wants,entertainment,entertainment,118.02,monthly,118.02
90,1901.14,wants,shopping,shopping,195.09,monthly,195.09
90,1901.14,wants,subscriptions,subscriptions,43.1,monthly,43.1
90,1901.14,wants,hobbies,hobbies,98.13,monthly,98.13
90,1901.14,wants,personal care,personal_care,37.59,biweekly,81.57
90,1901.14,wants,gifts,gifts,26.0,monthly,26.0
90,1901.14,wants,other,other,14.55,weekly,63.0
91,1747.58,needs,groceries,groceries,77.83,biweekly,168.89
91,1747.58,needs,rent/mortgage,rent_mortgage,431.39,monthly,431.39
91,1747.58,needs,utilities,utilities,78.62,monthly,78.62
91,1747.58,needs,gas/transport,gas_transport,108.45,one time,108.45
91,1747.58,needs,insurance,insurance,19.26,weekly,83.4
91,1747.58,needs,bills,bills,20.61,weekly,89.24
91,1747.58,needs,healthcare,healthcare,37.56,monthly,37.56
91,1747.58,needs,other,other,27.19,monthly,27.19
91,1747.58,wants,dining out,dining_out,146.41,monthly,146.41
91,1747.58,wants,entertainment,entertainment,39.69,biweekly,86.13
91,1747.58,wants,shopping,shopping,94.57,monthly,94.57
91,1747.58,wants,hobbies,hobbies,61.08,monthly,61.08
91,1747.58,wants,travel,travel,27.75,biweekly,60.22
91,1747.58,wants,gifts,gifts,16.84,biweekly,36.54
91,1747.58,wants,other,other,23.68,monthly,23.68
92,3043.44,needs,groceries,groceries,66.44,weekly,287.69
92,3043.44,needs,rent/mortgage,rent_mortgage,654.34,one time,654.34
92,3043.44,needs,utilities,utilities,159.24,monthly,159.24
92,3043.44,needs,gas/transport,gas_transport,140.41,monthly,140.41
92,3043.44,needs,insurance,insurance,124.3,monthly,124.3
92,3043.44,needs,bills,bills,125.88,monthly,125.88
92,3043.44,needs,healthcare,healthcare,64.16,monthly,64.16
92,3043.44,needs,childcare,childcare,98.28,monthly,98.28
92,3043.44,wants,entertainment,entertainment,63.39,monthly,63.39
92,3043.44,wants,shopping,shopping,260.8,monthly,260.8
92,3043.44,wants,subscriptions,subscriptions,51.21,monthly,51.21
92,3043.44,wants,hobbies,hobbies,18.93,weekly,81.97
92,3043.44,wants,travel,travel,27.16,weekly,117.6
92,3043.44,wants,gifts,gifts,55.31,monthly,55.31
92,3043.44,wants,other,other,77.63,monthly,77.63
93,1671.12,needs,groceries,groceries,42.78,weekly,185.24
93,1671.12,needs,rent/mortgage,rent_mortgage,398.53,monthly,398.53
93,1671.12,needs,utilities,utilities,28.13,biweekly,61.04
93,1671.12,needs,gas/transport,gas_transport,94.15,monthly,94.15
93,1671.12,needs,insurance,insurance,104.04,monthly,104.04
93,1671.12,needs,bills,bills,76.27,one time,76.27
93,1671.12,needs,healthcare,healthcare,59.31,monthly,59.31
93,1671.12,wants,dining out,dining_out,42.83,monthly,42.83
93,1671.12,wants,entertainment,entertainment,27.63,biweekly,59.96
93,1671.12,wants,travel,travel,11.21,weekly,48.54
93,1671.12,wants,gifts,gifts,6.36,biweekly,13.8
93,1671.12,wants,other,other,35.1,monthly,35.1
94,4013.93,needs,groceries,groceries,169.99,biweekly,368.88
94,4013.93,needs,rent/mortgage,rent_mortgage,1168.07,monthly,1168.07
94,4013.93,needs,utilities,utilities,258.64,one time,258.64
94,4013.93,needs,gas/transport,gas_transport,265.3,monthly,265.3
94,4013.93,needs,insurance,insurance,156.04,monthly,156.04
94,4013.93,needs,bills,bills,124.98,monthly,124.98
94,4013.93,needs,healthcare,healthcare,28.85,weekly,124.92
94,4013.93,needs,childcare,childcare,124.56,monthly,124.56
94,4013.93,wants,dining out,dining_out,144.53,biweekly,313.63
94,4013.93,wants,entertainment,entertainment,116.64,biweekly,253.11
94,4013.93,wants,shopping,shopping,58.86,weekly,254.86
94,4013.93,wants,hobbies,hobbies,205.54,one time,205.54
94,4013.93,wants,travel,travel,182.53,monthly,182.53
94,4013.93,wants,personal care,personal_care,41.8,weekly,180.99
94,4013.93,wants,other,other,141.32,one time,141.32
95,5660.98,needs,groceries,groceries,127.56,weekly,552.33
95,5660.98,needs,rent/mortgage,rent_mortgage,559.83,biweekly,1214.83
95,5660.98,needs,utilities,utilities,250.74,monthly,250.74
95,5660.98,needs,gas/transport,gas_transport,352.15,monthly,352.15
95,5660.98,needs,insurance,insurance,238.59,monthly,238.59
95,5660.98,needs,bills,bills,210.88,monthly,210.88
95,5660.98,needs,healthcare,healthcare,127.0,one time,127.0
95,5660.98,wants,dining out,dining_out,329.09,one time,329.09
95,5660.98,wants,entertainment,entertainment,227.51,monthly,227.51
95,5660.98,wants,shopping,shopping,198.57,biweekly,430.9
95,5660.98,wants,subscriptions,subscriptions,29.1,biweekly,63.15
95,5660.98,wants,hobbies,hobbies,212.8,monthly,212.8
95,5660.98,wants,travel,travel,62.36,weekly,270.02
95,5660.98,wants,personal care,personal_care,40.91,weekly,177.14
95,5660.98,wants,gifts,gifts,95.43,monthly,95.43
95,5660.98,wants,other,other,74.56,biweekly,161.8
96,3277.79,needs,groceries,groceries,362.46,monthly,362.46
96,3277.79,needs,rent/mortgage,rent_mortgage,728.73,one time,728.73
96,3277.79,needs,utilities,utilities,54.99,biweekly,119.33
96,3277.79,needs,gas/transport,gas_transport,39.16,weekly,169.56
96,3277.79,needs,insurance,insurance,116.57,monthly,116.57
96,3277.79,needs,bills,bills,26.52,weekly,114.83
96,3277.79,needs,healthcare,healthcare,93.54,monthly,93.54
96,3277.79,wants,dining out,dining_out,197.01,monthly,197.01
96,3277.79,wants,entertainment,entertainment,84.18,monthly,84.18
96,3277.79,wants,shopping,shopping,108.5,monthly,108.5
96,3277.79,wants,subscriptions,subscriptions,87.9,monthly,87.9
96,3277.79,wants,hobbies,hobbies,117.1,one time,117.1
96,3277.79,wants,personal care,personal_care,14.68,weekly,63.56
96,3277.79,wants,other,other,25.5,weekly,110.42
97,1600.26,needs,groceries,groceries,143.9,monthly,143.9
97,1600.26,needs,rent/mortgage,rent_mortgage,158.01,biweekly,342.88
97,1600.26,needs,utilities,utilities,92.12,monthly,92.12
97,1600.26,needs,gas/transport,gas_transport,77.71,monthly,77.71
97,1600.26,needs,insurance,insurance,59.17,monthly,59.17
97,1600.26,needs,bills,bills,78.08,monthly,78.08
97,1600.26,needs,healthcare,healthcare,61.54,monthly,61.54
97,1600.26,wants,dining out,dining_out,61.86,biweekly,134.24
97,1600.26,wants,shopping,shopping,48.28,biweekly,104.77
97,1600.26,wants,subscriptions,subscriptions,24.3,monthly,24.3
97,1600.26,wants,hobbies,hobbies,14.68,biweekly,31.86
97,1600.26,wants,travel,travel,16.0,weekly,69.28
97,1600.26,wants,personal care,personal_care,80.05,monthly,80.05
97,1600.26,wants,gifts,gifts,54.45,one time,54.45
98,5579.29,needs,groceries,groceries,205.61,biweekly,446.17
98,5579.29,needs,rent/mortgage,rent_mortgage,1246.82,monthly,1246.82
98,5579.29,needs,utilities,utilities,317.23,monthly,317.23
98,5579.29,needs,gas/transport,gas_transport,299.5,monthly,299.5
98,5579.29,needs,insurance,insurance,52.94,weekly,229.23
98,5579.29,needs,bills,bills,158.35,monthly,158.35
98,5579.29,needs,healthcare,healthcare,214.72,monthly,214.72
98,5579.29,needs,other,other,38.08,biweekly,82.63
98,5579.29,wants,dining out,dining_out,33.4,weekly,144.62
98,5579.29,wants,shopping,shopping,263.56,monthly,263.56
98,5579.29,wants,subscriptions,subscriptions,153.05,monthly,153.05
98,5579.29,wants,hobbies,hobbies,18.84,weekly,81.58
98,5579.29,wants,travel,travel,106.92,biweekly,232.02
98,5579.29,wants,personal care,personal_care,161.41,monthly,161.41
98,5579.29,wants,gifts,gifts,191.83,monthly,191.83
99,16839.1,needs,groceries,groceries,1583.12,monthly,1583.12
99,16839.1,needs,rent/mortgage,rent_mortgage,4204.22,monthly,4204.22
99,16839.1,needs,utilities,utilities,226.87,weekly,982.35
99,16839.1,needs,gas/transport,gas_transport,818.31,one time,818.31
99,16839.1,needs,insurance,insurance,176.57,weekly,764.55
99,16839.1,needs,bills,bills,696.98,monthly,696.98
99,16839.1,needs,healthcare,healthcare,492.04,monthly,492.04
99,16839.1,needs,childcare,childcare,312.44,biweekly,677.99
99,16839.1,wants,dining out,dining_out,546.15,monthly,546.15
99,16839.1,wants,entertainment,entertainment,1049.0,monthly,1049.0
99,16839.1,wants,hobbies,hobbies,791.96,monthly,791.96
99,16839.1,wants,travel,travel,858.85,monthly,858.85
99,16839.1,wants,personal care,personal_care,200.55,biweekly,435.19
99,16839.1,wants,gifts,gifts,128.8,monthly,128.8
100,13997.61,needs,groceries,groceries,500.11,biweekly,1085.24
100,13997.61,needs,rent/mortgage,rent_mortgage,1618.29,biweekly,3511.69
100,13997.61,needs,utilities,utilities,694.62,monthly,694.62
100,13997.61,needs,gas/transport,gas_transport,1065.21,monthly,1065.21
100,13997.61,needs,insurance,insurance,850.72,monthly,850.72
100,13997.61,needs,bills,bills,589.39,one time,589.39
100,13997.61,needs,healthcare,healthcare,104.78,weekly,453.7
100,13997.61,wants,dining out,dining_out,931.27,monthly,931.27
100,13997.61,wants,entertainment,entertainment,424.59,monthly,424.59
100,13997.61,wants,shopping,shopping,719.76,monthly,719.76
100,13997.61,wants,hobbies,hobbies,206.29,biweekly,447.65
100,13997.61,wants,travel,travel,611.43,monthly,611.43
100,13997.61,wants,other,other,492.88,monthly,492.88
101,2215.5,needs,groceries,groceries,42.67,weekly,184.76
101,2215.5,needs,rent/mortgage,rent_mortgage,661.74,monthly,661.74
101,2215.5,needs,utilities,utilities,128.19,monthly,128.19
101,2215.5,needs,gas/transport,gas_transport,149.91,monthly,149.91
101,2215.5,needs,insurance,insurance,99.69,monthly,99.69
101,2215.5,needs,bills,bills,102.26,monthly,102.26
101,2215.5,needs,healthcare,healthcare,38.89,biweekly,84.39
101,2215.5,needs,other,other,8.23,weekly,35.64
101,2215.5,wants,dining out,dining_out,196.18,monthly,196.18
101,2215.5,wants,shopping,shopping,63.87,monthly,63.87
101,2215.5,wants,subscriptions,subscriptions,4.21,weekly,18.23
101,2215.5,wants,hobbies,hobbies,56.3,one time,56.3
101,2215.5,wants,travel,travel,51.44,monthly,51.44
101,2215.5,wants,personal care,personal_care,65.62,one time,65.62
101,2215.5,wants,gifts,gifts,32.51,monthly,32.51
101,2215.5,wants,other,other,13.19,weekly,57.11
102,3478.2,needs,groceries,groceries,367.78,monthly,367.78
102,3478.2,needs,rent/mortgage,rent_mortgage,726.92,monthly,726.92
102,3478.2,needs,utilities,utilities,144.25,one time,144.25
102,3478.2,needs,gas/transport,gas_transport,149.09,one time,149.09
102,3478.2,needs,insurance,insurance,58.12,biweekly,126.12
102,3478.2,needs,bills,bills,100.56,monthly,100.56
102,3478.2,needs,healthcare,healthcare,60.1,biweekly,130.42
102,3478.2,wants,subscriptions,subscriptions,17.46,weekly,75.6
102,3478.2,wants,hobbies,hobbies,63.72,monthly,63.72
102,3478.2,wants,travel,travel,92.46,monthly,92.46
102,3478.2,wants,personal care,personal_care,118.15,monthly,118.15
102,3478.2,wants,gifts,gifts,16.22,weekly,70.23
102,3478.2,wants,other,other,17.53,weekly,75.9
103,19309.64,needs,groceries,groceries,1404.68,monthly,1404.68
103,19309.64,needs,rent/mortgage,rent_mortgage,900.42,weekly,3898.82
103,19309.64,needs,utilities,utilities,869.36,monthly,869.36
103,19309.64,needs,gas/transport,gas_transport,552.1,biweekly,1198.06
103,19309.64,needs,insurance,insurance,896.08,monthly,896.08
103,19309.64,needs,bills,bills,556.55,monthly,556.55
103,19309.64,needs,healthcare,healthcare,459.75,monthly,459.75
103,19309.64,needs,childcare,childcare,876.2,one time,876.2
103,19309.64,wants,dining out,dining_out,1542.07,monthly,1542.07
103,19309.64,wants,entertainment,entertainment,762.46,monthly,762.46
103,19309.64,wants,shopping,shopping,1157.61,monthly,1157.61
103,19309.64,wants,subscriptions,subscriptions,568.32,one time,568.32
103,19309.64,wants,travel,travel,698.33,one time,698.33
103,19309.64,wants,personal care,personal_care,160.22,weekly,693.75
103,19309.64,wants,gifts,gifts,175.66,monthly,175.66
103,19309.64,wants,other,other,467.81,monthly,467.81
104,4158.86,needs,groceries,groceries,387.82,monthly,387.82
104,4158.86,needs,rent/mortgage,rent_mortgage,839.81,monthly,839.81
104,4158.86,needs,utilities,utilities,97.37,biweekly,211.29
104,4158.86,needs,gas/transport,gas_transport,241.96,monthly,241.96
104,4158.86,needs,insurance,insurance,99.34,biweekly,215.57
104,4158.86,needs,bills,bills,205.6,monthly,205.6
104,4158.86,needs,healthcare,healthcare,110.12,monthly,110.12
104,4158.86,needs,other,other,76.46,monthly,76.46
104,4158.86,wants,dining out,dining_out,64.53,biweekly,140.03
104,4158.86,wants,entertainment,entertainment,64.32,weekly,278.51
104,4158.86,wants,subscriptions,subscriptions,26.98,monthly,26.98
104,4158.86,wants,hobbies,hobbies,193.68,monthly,193.68
104,4158.86,wants,travel,travel,185.47,monthly,185.47
104,4158.86,wants,personal care,personal_care,58.37,biweekly,126.66
105,3531.27,needs,groceries,groceries,80.63,weekly,349.13
105,3531.27,needs,rent/mortgage,rent_mortgage,787.58,monthly,787.58
105,3531.27,needs,utilities,utilities,37.62,weekly,162.89
105,3531.27,needs,gas/transport,gas_transport,233.91,monthly,233.91
105,3531.27,needs,insurance,insurance,134.56,monthly,134.56
105,3531.27,needs,bills,bills,103.76,one time,103.76
105,3531.27,needs,healthcare,healthcare,134.88,monthly,134.88
105,3531.27,needs,other,other,91.68,monthly,91.68
105,3531.27,wants,dining out,dining_out,86.32,biweekly,187.31
105,3531.27,wants,shopping,shopping,163.8,biweekly,355.45
105,3531.27,wants,subscriptions,subscriptions,17.03,weekly,73.74
105,3531.27,wants,travel,travel,53.25,monthly,53.25
105,3531.27,wants,personal care,personal_care,15.61,biweekly,33.87
105,3531.27,wants,gifts,gifts,47.54,monthly,47.54
105,3531.27,wants,other,other,5.57,weekly,24.12
106,2969.31,needs,groceries,groceries,73.31,weekly,317.43
106,2969.31,needs,rent/mortgage,rent_mortgage,694.74,monthly,694.74
106,2969.31,needs,utilities,utilities,76.28,biweekly,165.53
106,2969.31,needs,gas/transport,gas_transport,136.08,one time,136.08
106,2969.31,needs,insurance,insurance,35.65,weekly,154.36
106,2969.31,needs,bills,bills,105.52,monthly,105.52
106,2969.31,needs,healthcare,healthcare,102.69,monthly,102.69
106,2969.31,needs,other,other,12.56,weekly,54.38
106,2969.31,wants,dining out,dining_out,79.45,monthly,79.45
106,2969.31,wants,entertainment,entertainment,93.94,monthly,93.94
106,2969.31,wants,personal care,personal_care,31.93,monthly,31.93
106,2969.31,wants,gifts,gifts,93.81,one time,93.81
107,3488.94,needs,groceries,groceries,162.58,biweekly,352.8
107,3488.94,needs,rent/mortgage,rent_mortgage,1168.02,monthly,1168.02
107,3488.94,needs,utilities,utilities,40.69,weekly,176.19
107,3488.94,needs,gas/transport,gas_transport,56.24,weekly,243.52
107,3488.94,needs,insurance,insurance,217.17,monthly,217.17
107,3488.94,needs,bills,bills,132.26,monthly,132.26
107,3488.94,needs,healthcare,healthcare,54.3,biweekly,117.83
107,3488.94,needs,childcare,childcare,115.9,monthly,115.9
107,3488.94,needs,other,other,61.15,monthly,61.15
107,3488.94,wants,dining out,dining_out,14.12,weekly,61.14
107,3488.94,wants,entertainment,entertainment,129.01,monthly,129.01
107,3488.94,wants,shopping,shopping,117.43,biweekly,254.82
107,3488.94,wants,subscriptions,subscriptions,110.48,monthly,110.48
107,3488.94,wants,hobbies,hobbies,33.73,monthly,33.73
107,3488.94,wants,travel,travel,140.37,monthly,140.37
107,3488.94,wants,personal care,personal_care,162.72,monthly,162.72
107,3488.94,wants,other,other,45.5,monthly,45.5
108,2839.55,needs,groceries,groceries,97.38,biweekly,211.31
108,2839.55,needs,rent/mortgage,rent_mortgage,140.64,weekly,608.97
108,2839.55,needs,utilities,utilities,158.63,monthly,158.63
108,2839.55,needs,gas/transport,gas_transport,36.53,weekly,158.17
108,2839.55,needs,insurance,insurance,109.76,monthly,109.76
108,2839.55,needs,bills,bills,40.46,biweekly,87.8
108,2839.55,needs,healthcare,healthcare,93.85,monthly,93.85
108,2839.55,wants,dining out,dining_out,209.24,monthly,209.24
108,2839.55,wants,entertainment,entertainment,176.05,monthly,176.05
108,2839.55,wants,subscriptions,subscriptions,85.15,monthly,85.15
108,2839.55,wants,hobbies,hobbies,146.69,one time,146.69
108,2839.55,wants,travel,travel,43.83,monthly,43.83
108,2839.55,wants,personal care,personal_care,22.43,weekly,97.12
109,1761.83,needs,groceries,groceries,153.02,monthly,153.02
109,1761.83,needs,rent/mortgage,rent_mortgage,365.97,monthly,365.97
109,1761.83,needs,utilities,utilities,111.55,one time,111.55
109,1761.83,needs,gas/transport,gas_transport,109.67,monthly,109.67
109,1761.83,needs,insurance,insurance,62.18,one time,62.18
109,1761.83,needs,bills,bills,20.39,weekly,88.29
109,1761.83,needs,healthcare,healthcare,44.34,monthly,44.34
109,1761.83,needs,other,other,38.8,monthly,38.8
109,1761.83,wants,dining out,dining_out,92.8,monthly,92.8
109,1761.83,wants,entertainment,entertainment,50.2,monthly,50.2
109,1761.83,wants,shopping,shopping,92.98,monthly,92.98
109,1761.83,wants,subscriptions,subscriptions,8.59,weekly,37.19
109,1761.83,wants,personal care,personal_care,36.8,biweekly,79.86
109,1761.83,wants,gifts,gifts,27.2,monthly,27.2
109,1761.83,wants,other,other,8.03,weekly,34.77
110,4537.59,needs,groceries,groceries,153.23,biweekly,332.51
110,4537.59,needs,rent/mortgage,rent_mortgage,910.2,monthly,910.2
110,4537.59,needs,utilities,utilities,294.01,monthly,294.01
110,4537.59,needs,gas/transport,gas_transport,53.76,weekly,232.78
110,4537.59,needs,insurance,insurance,242.32,one time,242.32
110,4537.59,needs,bills,bills,40.65,weekly,176.01
110,4537.59,needs,healthcare,healthcare,26.34,weekly,114.05
110,4537.59,needs,childcare,childcare,169.87,one time,169.87
110,4537.59,needs,other,other,31.51,biweekly,68.38
110,4537.59,wants,dining out,dining_out,170.32,monthly,170.32
110,4537.59,wants,entertainment,entertainment,115.48,monthly,115.48
110,4537.59,wants,shopping,shopping,224.85,one time,224.85
110,4537.59,wants,subscriptions,subscriptions,102.98,monthly,102.98
110,4537.59,wants,hobbies,hobbies,121.82,monthly,121.82
110,4537.59,wants,travel,travel,57.42,one time,57.42
110,4537.59,wants,personal care,personal_care,172.34,monthly,172.34
110,4537.59,wants,gifts,gifts,49.79,monthly,49.79
111,10213.18,needs,groceries,groceries,887.05,monthly,887.05
111,10213.18,needs,rent/mortgage,rent_mortgage,2895.81,monthly,2895.81
111,10213.18,needs,utilities,utilities,103.81,weekly,449.5
111,10213.18,needs,gas/transport,gas_transport,164.86,weekly,713.84
111,10213.18,needs,insurance,insurance,140.32,weekly,607.59
111,10213.18,needs,bills,bills,94.84,weekly,410.66
111,10213.18,needs,healthcare,healthcare,138.43,biweekly,300.39
111,10213.18,needs,other,other,146.09,monthly,146.09
111,10213.18,wants,dining out,dining_out,764.4,monthly,764.4
111,10213.18,wants,shopping,shopping,489.56,biweekly,1062.35
111,10213.18,wants,subscriptions,subscriptions,157.24,one time,157.24
111,10213.18,wants,hobbies,hobbies,213.69,biweekly,463.71
111,10213.18,wants,travel,travel,296.05,monthly,296.05
111,10213.18,wants,personal care,personal_care,125.88,monthly,125.88
111,10213.18,wants,gifts,gifts,190.92,monthly,190.92
112,4340.44,needs,groceries,groceries,328.01,monthly,328.01
112,4340.44,needs,rent/mortgage,rent_mortgage,913.53,one time,913.53
112,4340.44,needs,utilities,utilities,91.41,biweekly,198.36
112,4340.44,needs,gas/transport,gas_transport,248.38,monthly,248.38
112,4340.44,needs,insurance,insurance,42.07,weekly,182.16
112,4340.44,needs,bills,bills,40.55,weekly,175.58
112,4340.44,needs,healthcare,healthcare,148.21,one time,148.21
112,4340.44,needs,childcare,childcare,160.49,monthly,160.49
112,4340.44,needs,other,other,30.62,biweekly,66.45
112,4340.44,wants,travel,travel,11.52,weekly,49.88
112,4340.44,wants,personal care,personal_care,153.05,monthly,153.05
112,4340.44,wants,gifts,gifts,32.88,biweekly,71.35
112,4340.44,wants,other,other,34.8,weekly,150.68
113,4912.72,needs,groceries,groceries,374.48,monthly,374.48
113,4912.72,needs,rent/mortgage,rent_mortgage,809.44,biweekly,1756.48
113,4912.72,needs,utilities,utilities,65.69,weekly,284.44
113,4912.72,needs,gas/transport,gas_transport,53.97,weekly,233.69
113,4912.72,needs,insurance,insurance,277.71,monthly,277.71
113,4912.72,needs,bills,bills,113.28,biweekly,245.82
113,4912.72,needs,healthcare,healthcare,80.62,biweekly,174.95
113,4912.72,needs,childcare,childcare,181.9,monthly,181.9
113,4912.72,needs,other,other,118.04,monthly,118.04
113,4912.72,wants,dining out,dining_out,86.12,weekly,372.9
113,4912.72,wants,entertainment,entertainment,135.82,monthly,135.82
113,4912.72,wants,shopping,shopping,45.07,weekly,195.15
113,4912.72,wants,subscriptions,subscriptions,161.32,monthly,161.32
113,4912.72,wants,hobbies,hobbies,141.56,monthly,141.56
113,4912.72,wants,personal care,personal_care,185.94,monthly,185.94
113,4912.72,wants,other,other,119.01,monthly,119.01
114,7554.32,needs,groceries,groceries,682.46,monthly,682.46
114,7554.32,needs,rent/mortgage,rent_mortgage,579.79,weekly,2510.49
114,7554.32,needs,utilities,utilities,141.48,biweekly,307.01
114,7554.32,needs,gas/transport,gas_transport,521.28,monthly,521.28
114,7554.32,needs,insurance,insurance,163.69,biweekly,355.21
114,7554.32,needs,bills,bills,71.26,weekly,308.56
114,7554.32,needs,healthcare,healthcare,160.76,one time,160.76
114,7554.32,needs,childcare,childcare,325.45,monthly,325.45
114,7554.32,needs,other,other,182.54,monthly,182.54
114,7554.32,wants,dining out,dining_out,255.26,monthly,255.26
114,7554.32,wants,entertainment,entertainment,246.93,biweekly,535.84
114,7554.32,wants,shopping,shopping,187.21,biweekly,406.25
114,7554.32,wants,subscriptions,subscriptions,127.39,monthly,127.39
114,7554.32,wants,hobbies,hobbies,288.42,monthly,288.42
114,7554.32,wants,travel,travel,127.01,one time,127.01
114,7554.32,wants,gifts,gifts,102.74,biweekly,222.95
115,6221.53,needs,groceries,groceries,740.85,monthly,740.85
115,6221.53,needs,rent/mortgage,rent_mortgage,761.97,biweekly,1653.47
115,6221.53,needs,utilities,utilities,70.1,weekly,303.53
115,6221.53,needs,gas/transport,gas_transport,437.75,one time,437.75
115,6221.53,needs,insurance,insurance,82.49,weekly,357.18
115,6221.53,needs,bills,bills,186.43,one time,186.43
115,6221.53,needs,healthcare,healthcare,226.45,monthly,226.45
115,6221.53,needs,childcare,childcare,257.23,monthly,257.23
115,6221.53,needs,other,other,126.73,monthly,126.73
115,6221.53,wants,dining out,dining_out,111.23,weekly,481.63
115,6221.53,wants,entertainment,entertainment,152.52,biweekly,330.97
115,6221.53,wants,shopping,shopping,425.93,monthly,425.93
115,6221.53,wants,hobbies,hobbies,117.04,monthly,117.04
115,6221.53,wants,travel,travel,204.16,monthly,204.16
115,6221.53,wants,personal care,personal_care,330.09,one time,330.09
115,6221.53,wants,other,other,197.11,one time,197.11
116,17246.39,needs,groceries,groceries,1279.9,monthly,1279.9
116,17246.39,needs,rent/mortgage,rent_mortgage,2876.69,biweekly,6242.42
116,17246.39,needs,utilities,utilities,878.0,monthly,878.0
116,17246.39,needs,gas/transport,gas_transport,811.09,monthly,811.09
116,17246.39,needs,insurance,insurance,229.1,weekly,992.0
116,17246.39,needs,bills,bills,410.24,biweekly,890.22
116,17246.39,needs,healthcare,healthcare,399.91,monthly,399.91
116,17246.39,needs,other,other,179.72,biweekly,389.99
116,17246.39,wants,entertainment,entertainment,230.51,weekly,998.11
116,17246.39,wants,shopping,shopping,157.27,weekly,680.98
116,17246.39,wants,subscriptions,subscriptions,98.66,weekly,427.2
116,17246.39,wants,hobbies,hobbies,514.11,monthly,514.11
116,17246.39,wants,travel,travel,124.22,biweekly,269.56
116,17246.39,wants,personal care,personal_care,326.54,biweekly,708.59
116,17246.39,wants,gifts,gifts,609.23,monthly,609.23
116,17246.39,wants,other,other,83.26,biweekly,180.67
117,9220.17,needs,groceries,groceries,1149.67,monthly,1149.67
117,9220.17,needs,rent/mortgage,rent_mortgage,3182.75,monthly,3182.75
117,9220.17,needs,utilities,utilities,111.78,weekly,484.01
117,9220.17,needs,gas/transport,gas_transport,594.57,monthly,594.57
117,9220.17,needs,insurance,insurance,560.61,one time,560.61
117,9220.17,needs,bills,bills,327.43,one time,327.43
117,9220.17,needs,healthcare,healthcare,262.41,monthly,262.41
117,9220.17,needs,other,other,213.18,monthly,213.18
117,9220.17,wants,dining out,dining_out,264.43,biweekly,573.81
117,9220.17,wants,entertainment,entertainment,351.29,monthly,351.29
117,9220.17,wants,shopping,shopping,262.34,monthly,262.34
117,9220.17,wants,subscriptions,subscriptions,116.39,monthly,116.39
117,9220.17,wants,travel,travel,21.51,weekly,93.14
117,9220.17,wants,personal care,personal_care,431.88,monthly,431.88
117,9220.17,wants,gifts,gifts,111.51,biweekly,241.98
118,4777.31,needs,groceries,groceries,271.51,biweekly,589.18
118,4777.31,needs,rent/mortgage,rent_mortgage,1362.24,one time,1362.24
118,4777.31,needs,utilities,utilities,174.68,one time,174.68
118,4777.31,needs,gas/transport,gas_transport,69.26,weekly,299.9
118,4777.31,needs,insurance,insurance,78.1,biweekly,169.48
118,4777.31,needs,bills,bills,243.21,one time,243.21
118,4777.31,needs,healthcare,healthcare,140.56,monthly,140.56
118,4777.31,needs,other,other,41.31,biweekly,89.64
118,4777.31,wants,shopping,shopping,53.98,biweekly,117.14
118,4777.31,wants,hobbies,hobbies,42.59,weekly,184.41
118,4777.31,wants,travel,travel,143.69,monthly,143.69
118,4777.31,wants,personal care,personal_care,55.46,weekly,240.14
118,4777.31,wants,gifts,gifts,80.12,monthly,80.12
118,4777.31,wants,other,other,138.11,monthly,138.11
119,18161.24,needs,groceries,groceries,1549.0,monthly,1549.0
119,18161.24,needs,rent/mortgage,rent_mortgage,5641.02,monthly,5641.02
119,18161.24,needs,utilities,utilities,896.88,monthly,896.88
119,18161.24,needs,gas/transport,gas_transport,1018.75,one time,1018.75
119,18161.24,needs,insurance,insurance,295.9,biweekly,642.1
119,18161.24,needs,bills,bills,694.06,one time,694.06
119,18161.24,needs,healthcare,healthcare,117.75,weekly,509.86
119,18161.24,needs,childcare,childcare,553.88,monthly,553.88
119,18161.24,needs,other,other,146.46,biweekly,317.82
119,18161.24,wants,hobbies,hobbies,169.19,biweekly,367.14
119,18161.24,wants,travel,travel,282.9,one time,282.9
119,18161.24,wants,personal care,personal_care,225.4,weekly,975.98
119,18161.24,wants,gifts,gifts,230.56,one time,230.56
119,18161.24,wants,other,other,544.49,monthly,544.49
120,5432.23,needs,groceries,groceries,551.29,monthly,551.29
120,5432.23,needs,rent/mortgage,rent_mortgage,1645.76,monthly,1645.76
120,5432.23,needs,utilities,utilities,259.68,monthly,259.68
120,5432.23,needs,gas/transport,gas_transport,94.23,weekly,408.02
120,5432.23,needs,insurance,insurance,214.47,monthly,214.47
120,5432.23,needs,bills,bills,169.54,monthly,169.54
120,5432.23,needs,healthcare,healthcare,158.0,monthly,158.0
120,5432.23,needs,other,other,21.38,weekly,92.58
120,5432.23,wants,dining out,dining_out,373.39,monthly,373.39
120,5432.23,wants,entertainment,entertainment,313.56,monthly,313.56
120,5432.23,wants,shopping,shopping,30.06,weekly,130.16
120,5432.23,wants,subscriptions,subscriptions,90.2,monthly,90.2
120,5432.23,wants,hobbies,hobbies,53.37,monthly,53.37
120,5432.23,wants,personal care,personal_care,46.21,weekly,200.09
120,5432.23,wants,gifts,gifts,148.3,monthly,148.3
120,5432.23,wants,other,other,66.49,monthly,66.49
121,2516.1,needs,groceries,groceries,244.33,monthly,244.33
121,2516.1,needs,rent/mortgage,rent_mortgage,629.37,monthly,629.37
121,2516.1,needs,utilities,utilities,137.44,monthly,137.44
121,2516.1,needs,gas/transport,gas_transport,169.57,monthly,169.57
121,2516.1,needs,insurance,insurance,108.57,monthly,108.57
121,2516.1,needs,bills,bills,119.92,monthly,119.92
121,2516.1,needs,healthcare,healthcare,97.94,monthly,97.94
121,2516.1,wants,dining out,dining_out,67.23,biweekly,145.89
121,2516.1,wants,entertainment,entertainment,160.7,monthly,160.7
121,2516.1,wants,shopping,shopping,135.05,monthly,135.05
121,2516.1,wants,subscriptions,subscriptions,17.16,weekly,74.3
121,2516.1,wants,hobbies,hobbies,17.55,weekly,75.99
121,2516.1,wants,other,other,83.78,monthly,83.78
122,1599.59,needs,groceries,groceries,34.53,weekly,149.51
122,1599.59,needs,rent/mortgage,rent_mortgage,72.67,weekly,314.66
122,1599.59,needs,utilities,utilities,32.16,biweekly,69.79
122,1599.59,needs,gas/transport,gas_transport,86.26,monthly,86.26
122,1599.59,needs,insurance,insurance,16.58,weekly,71.79
122,1599.59,needs,bills,bills,63.59,monthly,63.59
122,1599.59,needs,healthcare,healthcare,50.29,monthly,50.29
122,1599.59,needs,childcare,childcare,14.92,weekly,64.6
122,1599.59,wants,shopping,shopping,122.97,one time,122.97
122,1599.59,wants,subscriptions,subscriptions,17.1,biweekly,37.11
122,1599.59,wants,travel,travel,28.44,monthly,28.44
122,1599.59,wants,gifts,gifts,17.27,monthly,17.27
123,5959.24,needs,groceries,groceries,751.62,monthly,751.62
123,5959.24,needs,rent/mortgage,rent_mortgage,2006.43,monthly,2006.43
123,5959.24,needs,utilities,utilities,290.1,monthly,290.1
123,5959.24,needs,gas/transport,gas_transport,315.54,monthly,315.54
123,5959.24,needs,insurance,insurance,257.02,monthly,257.02
123,5959.24,needs,bills,bills,122.99,biweekly,266.89
123,5959.24,needs,healthcare,healthcare,178.45,monthly,178.45
123,5959.24,needs,childcare,childcare,63.18,weekly,273.57
123,5959.24,needs,other,other,86.77,monthly,86.77
123,5959.24,wants,entertainment,entertainment,128.42,monthly,128.42
123,5959.24,wants,shopping,shopping,340.79,monthly,340.79
123,5959.24,wants,subscriptions,subscriptions,30.69,weekly,132.89
123,5959.24,wants,hobbies,hobbies,112.91,one time,112.91
123,5959.24,wants,travel,travel,211.2,one time,211.2
123,5959.24,wants,gifts,gifts,99.89,one time,99.89
123,5959.24,wants,other,other,58.29,biweekly,126.49
124,4235.47,needs,groceries,groceries,434.62,monthly,434.62
124,4235.47,needs,rent/mortgage,rent_mortgage,674.02,biweekly,1462.62
124,4235.47,needs,utilities,utilities,253.3,monthly,253.3
124,4235.47,needs,gas/transport,gas_transport,124.78,biweekly,270.77
124,4235.47,needs,insurance,insurance,89.86,biweekly,195.0
124,4235.47,needs,bills,bills,99.6,biweekly,216.13
124,4235.47,needs,healthcare,healthcare,139.32,monthly,139.32
124,4235.47,needs,childcare,childcare,56.77,biweekly,123.19
124,4235.47,wants,dining out,dining_out,165.56,monthly,165.56
124,4235.47,wants,entertainment,entertainment,267.49,monthly,267.49
124,4235.47,wants,subscriptions,subscriptions,23.25,weekly,100.67
124,4235.47,wants,travel,travel,101.27,monthly,101.27
124,4235.47,wants,gifts,gifts,30.75,biweekly,66.73
125,10005.62,needs,groceries,groceries,480.45,biweekly,1042.58
125,10005.62,needs,rent/mortgage,rent_mortgage,591.36,weekly,2560.59
125,10005.62,needs,utilities,utilities,489.7,one time,489.7
125,10005.62,needs,gas/transport,gas_transport,707.67,monthly,707.67
125,10005.62,needs,insurance,insurance,454.84,one time,454.84
125,10005.62,needs,bills,bills,320.47,monthly,320.47
125,10005.62,needs,healthcare,healthcare,247.06,monthly,247.06
125,10005.62,needs,other,other,147.38,one time,147.38
125,10005.62,wants,entertainment,entertainment,528.75,monthly,528.75
125,10005.62,wants,shopping,shopping,346.77,biweekly,752.49
125,10005.62,wants,subscriptions,subscriptions,276.61,monthly,276.61
125,10005.62,wants,hobbies,hobbies,313.3,monthly,313.3
125,10005.62,wants,other,other,55.76,weekly,241.44
126,5720.6,needs,groceries,groceries,604.46,monthly,604.46
126,5720.6,needs,rent/mortgage,rent_mortgage,1729.97,one time,1729.97
126,5720.6,needs,utilities,utilities,319.66,one time,319.66
126,5720.6,needs,gas/transport,gas_transport,197.31,biweekly,428.16
126,5720.6,needs,insurance,insurance,54.97,weekly,238.02
126,5720.6,needs,bills,bills,52.39,weekly,226.85
126,5720.6,needs,healthcare,healthcare,173.58,monthly,173.58
126,5720.6,needs,childcare,childcare,106.29,biweekly,230.65
126,5720.6,needs,other,other,27.39,weekly,118.6
126,5720.6,wants,dining out,dining_out,84.42,weekly,365.54
126,5720.6,wants,entertainment,entertainment,334.98,one time,334.98
126,5720.6,wants,shopping,shopping,461.66,monthly,461.66
126,5720.6,wants,subscriptions,subscriptions,30.46,weekly,131.89
126,5720.6,wants,hobbies,hobbies,179.28,monthly,179.28
126,5720.6,wants,travel,travel,96.29,biweekly,208.95
126,5720.6,wants,personal care,personal_care,121.46,biweekly,263.57
126,5720.6,wants,gifts,gifts,35.04,weekly,151.72
126,5720.6,wants,other,other,171.61,monthly,171.61
127,6172.86,needs,groceries,groceries,581.36,one time,581.36
127,6172.86,needs,rent/mortgage,rent_mortgage,1386.55,monthly,1386.55
127,6172.86,needs,utilities,utilities,132.47,biweekly,287.46
127,6172.86,needs,gas/transport,gas_transport,77.5,weekly,335.57
127,6172.86,needs,insurance,insurance,271.18,monthly,271.18
127,6172.86,needs,bills,bills,52.05,weekly,225.38
127,6172.86,needs,healthcare,healthcare,206.23,monthly,206.23
127,6172.86,needs,childcare,childcare,211.23,monthly,211.23
127,6172.86,needs,other,other,124.6,one time,124.6
127,6172.86,wants,dining out,dining_out,123.47,weekly,534.63
127,6172.86,wants,entertainment,entertainment,348.44,monthly,348.44
127,6172.86,wants,shopping,shopping,546.01,one time,546.01
127,6172.86,wants,subscriptions,subscriptions,195.38,monthly,195.38
127,6172.86,wants,hobbies,hobbies,311.65,monthly,311.65
127,6172.86,wants,travel,travel,76.1,weekly,329.51
127,6172.86,wants,personal care,personal_care,201.74,one time,201.74
127,6172.86,wants,other,other,20.39,biweekly,44.25
128,4113.58,needs,groceries,groceries,91.74,weekly,397.23
128,4113.58,needs,rent/mortgage,rent_mortgage,628.35,biweekly,1363.52
128,4113.58,needs,utilities,utilities,201.45,monthly,201.45
128,4113.58,needs,gas/transport,gas_transport,70.0,weekly,303.1
128,4113.58,needs,insurance,insurance,250.09,monthly,250.09
128,4113.58,needs,bills,bills,27.18,weekly,117.69
128,4113.58,needs,healthcare,healthcare,28.36,weekly,122.8
128,4113.58,wants,entertainment,entertainment,173.03,monthly,173.03
128,4113.58,wants,hobbies,hobbies,148.83,monthly,148.83
128,4113.58,wants,travel,travel,163.29,monthly,163.29
128,4113.58,wants,other,other,19.24,biweekly,41.75
129,7260.24,needs,groceries,groceries,577.31,monthly,577.31
129,7260.24,needs,rent/mortgage,rent_mortgage,1046.05,biweekly,2269.93
129,7260.24,needs,utilities,utilities,430.28,monthly,430.28
129,7260.24,needs,gas/transport,gas_transport,422.67,monthly,422.67
129,7260.24,needs,insurance,insurance,404.39,monthly,404.39
129,7260.24,needs,bills,bills,372.06,monthly,372.06
129,7260.24,needs,healthcare,healthcare,215.46,monthly,215.46
129,7260.24,needs,other,other,41.31,weekly,178.87
129,7260.24,wants,dining out,dining_out,279.86,monthly,279.86
129,7260.24,wants,entertainment,entertainment,517.78,one time,517.78
129,7260.24,wants,travel,travel,128.91,one time,128.91
129,7260.24,wants,personal care,personal_care,370.28,monthly,370.28
129,7260.24,wants,gifts,gifts,145.95,monthly,145.95
129,7260.24,wants,other,other,15.48,weekly,67.03
130,15970.65,needs,groceries,groceries,2034.55,monthly,2034.55
130,15970.65,needs,rent/mortgage,rent_mortgage,2279.58,biweekly,4946.69
130,15970.65,needs,utilities,utilities,565.81,monthly,565.81
130,15970.65,needs,gas/transport,gas_transport,316.97,biweekly,687.82
130,15970.65,needs,insurance,insurance,608.5,monthly,608.5
130,15970.65,needs,bills,bills,780.38,one time,780.38
130,15970.65,needs,healthcare,healthcare,490.91,monthly,490.91
130,15970.65,needs,childcare,childcare,457.3,monthly,457.3
130,15970.65,wants,dining out,dining_out,152.89,weekly,662.01
130,15970.65,wants,entertainment,entertainment,547.13,monthly,547.13
130,15970.65,wants,shopping,shopping,1122.05,monthly,1122.05
130,15970.65,wants,subscriptions,subscriptions,197.52,monthly,197.52
130,15970.65,wants,travel,travel,160.69,weekly,695.79
130,15970.65,wants,personal care,personal_care,807.03,monthly,807.03
130,15970.65,wants,gifts,gifts,151.94,biweekly,329.71
131,6246.87,needs,groceries,groceries,691.54,monthly,691.54
131,6246.87,needs,rent/mortgage,rent_mortgage,1255.06,monthly,1255.06
131,6246.87,needs,utilities,utilities,357.66,monthly,357.66
131,6246.87,needs,gas/transport,gas_transport,179.52,biweekly,389.56
131,6246.87,needs,insurance,insurance,185.65,biweekly,402.86
131,6246.87,needs,bills,bills,317.05,monthly,317.05
131,6246.87,needs,healthcare,healthcare,235.66,monthly,235.66
131,6246.87,needs,childcare,childcare,202.46,monthly,202.46
131,6246.87,needs,other,other,36.63,weekly,158.61
131,6246.87,wants,dining out,dining_out,71.19,weekly,308.25
131,6246.87,wants,entertainment,entertainment,426.74,monthly,426.74
131,6246.87,wants,shopping,shopping,150.19,monthly,150.19
131,6246.87,wants,personal care,personal_care,29.4,weekly,127.3
131,6246.87,wants,gifts,gifts,69.01,biweekly,149.75
131,6246.87,wants,other,other,50.3,biweekly,109.15
132,4387.27,needs,groceries,groceries,85.37,weekly,369.65
132,4387.27,needs,rent/mortgage,rent_mortgage,474.8,biweekly,1030.32
132,4387.27,needs,utilities,utilities,266.11,monthly,266.11
132,4387.27,needs,gas/transport,gas_transport,64.31,weekly,278.46
132,4387.27,needs,insurance,insurance,46.95,weekly,203.29
132,4387.27,needs,bills,bills,138.29,monthly,138.29
132,4387.27,needs,healthcare,healthcare,118.76,monthly,118.76
132,4387.27,wants,dining out,dining_out,161.63,biweekly,350.74
132,4387.27,wants,hobbies,hobbies,187.28,monthly,187.28
132,4387.27,wants,travel,travel,23.51,weekly,101.8
132,4387.27,wants,personal care,personal_care,42.65,weekly,184.67
132,4387.27,wants,gifts,gifts,11.14,weekly,48.24
133,4301.45,needs,groceries,groceries,110.84,weekly,479.94
133,4301.45,needs,rent/mortgage,rent_mortgage,619.53,biweekly,1344.38
133,4301.45,needs,utilities,utilities,274.43,one time,274.43
133,4301.45,needs,gas/transport,gas_transport,206.58,one time,206.58
133,4301.45,needs,insurance,insurance,221.96,one time,221.96
133,4301.45,needs,bills,bills,67.81,biweekly,147.15
133,4301.45,needs,healthcare,healthcare,27.4,weekly,118.64
133,4301.45,needs,other,other,85.57,monthly,85.57
133,4301.45,wants,dining out,dining_out,151.41,biweekly,328.56
133,4301.45,wants,entertainment,entertainment,280.31,one time,280.31
133,4301.45,wants,shopping,shopping,346.39,monthly,346.39
133,4301.45,wants,subscriptions,subscriptions,70.02,monthly,70.02
133,4301.45,wants,travel,travel,173.22,monthly,173.22
133,4301.45,wants,personal care,personal_care,142.53,monthly,142.53
133,4301.45,wants,other,other,104.01,monthly,104.01
134,4916.3,needs,groceries,groceries,600.04,one time,600.04
134,4916.3,needs,rent/mortgage,rent_mortgage,1034.96,one time,1034.96
134,4916.3,needs,utilities,utilities,57.25,weekly,247.89
134,4916.3,needs,gas/transport,gas_transport,375.24,monthly,375.24
134,4916.3,needs,insurance,insurance,217.25,monthly,217.25
134,4916.3,needs,bills,bills,33.46,weekly,144.88
134,4916.3,needs,healthcare,healthcare,148.61,one time,148.61
134,4916.3,needs,childcare,childcare,218.72,monthly,218.72
134,4916.3,needs,other,other,91.11,monthly,91.11
134,4916.3,wants,entertainment,entertainment,314.35,monthly,314.35
134,4916.3,wants,shopping,shopping,276.21,monthly,276.21
134,4916.3,wants,subscriptions,subscriptions,20.36,weekly,88.16
134,4916.3,wants,hobbies,hobbies,27.96,biweekly,60.67
134,4916.3,wants,travel,travel,127.87,one time,127.87
134,4916.3,wants,personal care,personal_care,171.95,monthly,171.95
134,4916.3,wants,other,other,49.19,biweekly,106.74
135,9043.88,needs,groceries,groceries,1173.92,monthly,1173.92
135,9043.88,needs,rent/mortgage,rent_mortgage,2812.93,monthly,2812.93
135,9043.88,needs,utilities,utilities,96.48,weekly,417.76
135,9043.88,needs,gas/transport,gas_transport,406.93,monthly,406.93
135,9043.88,needs,insurance,insurance,74.23,weekly,321.42
135,9043.88,needs,bills,bills,62.77,weekly,271.79
135,9043.88,needs,healthcare,healthcare,69.46,weekly,300.76
135,9043.88,wants,dining out,dining_out,105.16,weekly,455.34
135,9043.88,wants,entertainment,entertainment,480.31,monthly,480.31
135,9043.88,wants,shopping,shopping,461.52,monthly,461.52
135,9043.88,wants,subscriptions,subscriptions,82.33,one time,82.33
135,9043.88,wants,hobbies,hobbies,197.48,monthly,197.48
135,9043.88,wants,personal care,personal_care,146.09,biweekly,317.02
135,9043.88,wants,gifts,gifts,177.17,monthly,177.17
135,9043.88,wants,other,other,38.37,weekly,166.14
136,2601.06,needs,groceries,groceries,86.42,biweekly,187.53
136,2601.06,needs,rent/mortgage,rent_mortgage,914.08,monthly,914.08
136,2601.06,needs,utilities,utilities,58.82,biweekly,127.64
136,2601.06,needs,gas/transport,gas_transport,71.76,biweekly,155.72
136,2601.06,needs,insurance,insurance,93.23,monthly,93.23
136,2601.06,needs,bills,bills,96.07,monthly,96.07
136,2601.06,needs,healthcare,healthcare,19.81,weekly,85.78
136,2601.06,needs,other,other,25.8,biweekly,55.99
136,2601.06,wants,dining out,dining_out,45.41,monthly,45.41
136,2601.06,wants,entertainment,entertainment,58.98,biweekly,127.99
136,2601.06,wants,shopping,shopping,44.57,weekly,192.99
136,2601.06,wants,subscriptions,subscriptions,11.91,weekly,51.57
136,2601.06,wants,hobbies,hobbies,30.74,weekly,133.1
136,2601.06,wants,travel,travel,16.82,weekly,72.83
136,2601.06,wants,personal care,personal_care,76.23,monthly,76.23
136,2601.06,wants,gifts,gifts,28.64,monthly,28.64
136,2601.06,wants,other,other,31.66,biweekly,68.7
137,3472.67,needs,groceries,groceries,254.79,monthly,254.79
137,3472.67,needs,rent/mortgage,rent_mortgage,846.46,monthly,846.46
137,3472.67,needs,utilities,utilities,196.43,monthly,196.43
137,3472.67,needs,gas/transport,gas_transport,69.48,biweekly,150.77
137,3472.67,needs,insurance,insurance,192.38,monthly,192.38
137,3472.67,needs,bills,bills,172.28,one time,172.28
137,3472.67,needs,healthcare,healthcare,87.83,one time,87.83
137,3472.67,needs,childcare,childcare,74.28,biweekly,161.19
137,3472.67,needs,other,other,81.8,monthly,81.8
137,3472.67,wants,dining out,dining_out,59.15,weekly,256.12
137,3472.67,wants,entertainment,entertainment,15.17,weekly,65.69
137,3472.67,wants,shopping,shopping,160.91,biweekly,349.17
137,3472.67,wants,subscriptions,subscriptions,72.55,monthly,72.55
137,3472.67,wants,hobbies,hobbies,18.09,weekly,78.33
137,3472.67,wants,travel,travel,26.02,weekly,112.67
137,3472.67,wants,personal care,personal_care,110.82,monthly,110.82
137,3472.67,wants,gifts,gifts,24.47,monthly,24.47
137,3472.67,wants,other,other,23.99,weekly,103.88
138,3601.71,needs,groceries,groceries,397.74,monthly,397.74
138,3601.71,needs,rent/mortgage,rent_mortgage,866.61,monthly,866.61
138,3601.71,needs,utilities,utilities,44.51,weekly,192.73
138,3601.71,needs,gas/transport,gas_transport,178.38,monthly,178.38
138,3601.71,needs,insurance,insurance,208.7,monthly,208.7
138,3601.71,needs,bills,bills,85.27,biweekly,185.04
138,3601.71,needs,healthcare,healthcare,82.72,one time,82.72
138,3601.71,needs,other,other,20.74,weekly,89.8
138,3601.71,wants,dining out,dining_out,286.77,one time,286.77
138,3601.71,wants,entertainment,entertainment,87.38,biweekly,189.61
138,3601.71,wants,shopping,shopping,129.71,biweekly,281.47
138,3601.71,wants,subscriptions,subscriptions,110.05,monthly,110.05
138,3601.71,wants,hobbies,hobbies,125.91,monthly,125.91
138,3601.71,wants,travel,travel,9.44,weekly,40.88
138,3601.71,wants,personal care,personal_care,64.6,monthly,64.6
138,3601.71,wants,gifts,gifts,36.44,biweekly,79.07
139,3484.96,needs,groceries,groceries,331.47,monthly,331.47
139,3484.96,needs,rent/mortgage,rent_mortgage,1043.82,one time,1043.82
139,3484.96,needs,utilities,utilities,191.26,monthly,191.26
139,3484.96,needs,gas/transport,gas_transport,188.39,monthly,188.39
139,3484.96,needs,insurance,insurance,179.13,monthly,179.13
139,3484.96,needs,bills,bills,67.11,biweekly,145.63
139,3484.96,needs,healthcare,healthcare,131.35,one time,131.35
139,3484.96,wants,dining out,dining_out,140.73,biweekly,305.38
139,3484.96,wants,entertainment,entertainment,32.38,weekly,140.21
139,3484.96,wants,shopping,shopping,232.05,monthly,232.05
139,3484.96,wants,subscriptions,subscriptions,11.94,weekly,51.7
139,3484.96,wants,hobbies,hobbies,181.67,monthly,181.67
139,3484.96,wants,travel,travel,70.9,monthly,70.9
139,3484.96,wants,personal care,personal_care,59.63,monthly,59.63
140,2571.13,needs,groceries,groceries,102.24,biweekly,221.86
140,2571.13,needs,rent/mortgage,rent_mortgage,355.94,biweekly,772.39
140,2571.13,needs,utilities,utilities,56.53,biweekly,122.67
140,2571.13,needs,gas/transport,gas_transport,42.87,weekly,185.63
140,2571.13,needs,insurance,insurance,29.75,weekly,128.82
140,2571.13,needs,bills,bills,100.07,one time,100.07
140,2571.13,needs,healthcare,healthcare,78.28,one time,78.28
140,2571.13,wants,dining out,dining_out,96.28,biweekly,208.93
140,2571.13,wants,entertainment,entertainment,67.2,monthly,67.2
140,2571.13,wants,shopping,shopping,260.61,monthly,260.61
140,2571.13,wants,subscriptions,subscriptions,91.88,one time,91.88
140,2571.13,wants,hobbies,hobbies,126.17,monthly,126.17
140,2571.13,wants,travel,travel,92.8,monthly,92.8
140,2571.13,wants,personal care,personal_care,99.91,monthly,99.91
140,2571.13,wants,gifts,gifts,31.53,monthly,31.53
141,4221.76,needs,groceries,groceries,234.27,biweekly,508.37
141,4221.76,needs,rent/mortgage,rent_mortgage,553.89,biweekly,1201.94
141,4221.76,needs,utilities,utilities,208.37,monthly,208.37
141,4221.76,needs,gas/transport,gas_transport,66.18,weekly,286.56
141,4221.76,needs,insurance,insurance,199.32,one time,199.32
141,4221.76,needs,bills,bills,125.29,monthly,125.29
141,4221.76,needs,healthcare,healthcare,130.79,monthly,130.79
141,4221.76,needs,childcare,childcare,189.26,monthly,189.26
141,4221.76,needs,other,other,49.79,biweekly,108.04
141,4221.76,wants,entertainment,entertainment,47.58,weekly,206.02
141,4221.76,wants,shopping,shopping,443.72,monthly,443.72
141,4221.76,wants,hobbies,hobbies,123.39,one time,123.39
141,4221.76,wants,gifts,gifts,146.95,monthly,146.95
141,4221.76,wants,other,other,49.64,biweekly,107.72
142,5073.79,needs,groceries,groceries,548.7,monthly,548.7
142,5073.79,needs,rent/mortgage,rent_mortgage,575.43,biweekly,1248.68
142,5073.79,needs,utilities,utilities,231.18,monthly,231.18
142,5073.79,needs,gas/transport,gas_transport,103.47,biweekly,224.53
142,5073.79,needs,insurance,insurance,197.38,monthly,197.38
142,5073.79,needs,bills,bills,208.26,monthly,208.26
142,5073.79,needs,healthcare,healthcare,156.28,monthly,156.28
142,5073.79,needs,childcare,childcare,95.75,biweekly,207.78
142,5073.79,needs,other,other,96.37,monthly,96.37
142,5073.79,wants,dining out,dining_out,95.87,biweekly,208.04
142,5073.79,wants,entertainment,entertainment,183.06,monthly,183.06
142,5073.79,wants,shopping,shopping,414.93,monthly,414.93
142,5073.79,wants,subscriptions,subscriptions,8.04,weekly,34.81
142,5073.79,wants,hobbies,hobbies,164.91,monthly,164.91
142,5073.79,wants,gifts,gifts,137.74,monthly,137.74
142,5073.79,wants,other,other,169.16,monthly,169.16
143,12725.09,needs,groceries,groceries,617.84,biweekly,1340.71
143,12725.09,needs,rent/mortgage,rent_mortgage,3618.55,monthly,3618.55
143,12725.09,needs,utilities,utilities,299.69,biweekly,650.33
143,12725.09,needs,gas/transport,gas_transport,456.03,biweekly,989.59
143,12725.09,needs,insurance,insurance,823.37,monthly,823.37
143,12725.09,needs,bills,bills,367.3,monthly,367.3
143,12725.09,needs,healthcare,healthcare,74.55,weekly,322.8
143,12725.09,needs,childcare,childcare,94.11,weekly,407.5
143,12725.09,needs,other,other,316.29,monthly,316.29
143,12725.09,wants,dining out,dining_out,1016.3,monthly,1016.3
143,12725.09,wants,subscriptions,subscriptions,100.92,weekly,436.98
143,12725.09,wants,hobbies,hobbies,187.12,monthly,187.12
143,12725.09,wants,travel,travel,389.69,monthly,389.69
143,12725.09,wants,personal care,personal_care,98.07,weekly,424.64
143,12725.09,wants,gifts,gifts,59.18,weekly,256.25
143,12725.09,wants,other,other,207.86,biweekly,451.06
144,2005.82,needs,groceries,groceries,250.26,monthly,250.26
144,2005.82,needs,rent/mortgage,rent_mortgage,469.47,monthly,469.47
144,2005.82,needs,utilities,utilities,128.57,one time,128.57
144,2005.82,needs,gas/transport,gas_transport,84.77,monthly,84.77
144,2005.82,needs,insurance,insurance,47.24,biweekly,102.51
144,2005.82,needs,bills,bills,15.93,weekly,68.98
144,2005.82,needs,healthcare,healthcare,32.94,biweekly,71.48
144,2005.82,needs,childcare,childcare,86.81,monthly,86.81
144,2005.82,wants,dining out,dining_out,56.19,one time,56.19
144,2005.82,wants,shopping,shopping,187.6,monthly,187.6
144,2005.82,wants,subscriptions,subscriptions,14.23,monthly,14.23
144,2005.82,wants,travel,travel,81.75,monthly,81.75
144,2005.82,wants,other,other,13.14,weekly,56.9
145,2050.75,needs,groceries,groceries,112.41,biweekly,243.93
145,2050.75,needs,rent/mortgage,rent_mortgage,719.87,monthly,719.87
145,2050.75,needs,utilities,utilities,53.18,biweekly,115.4
145,2050.75,needs,gas/transport,gas_transport,41.11,biweekly,89.21
145,2050.75,needs,insurance,insurance,81.15,monthly,81.15
145,2050.75,needs,bills,bills,71.71,monthly,71.71
145,2050.75,needs,healthcare,healthcare,30.11,biweekly,65.34
145,2050.75,needs,childcare,childcare,48.71,biweekly,105.7
145,2050.75,needs,other,other,12.22,weekly,52.91
145,2050.75,wants,dining out,dining_out,46.76,monthly,46.76
145,2050.75,wants,entertainment,entertainment,129.67,monthly,129.67
145,2050.75,wants,shopping,shopping,52.85,biweekly,114.68
145,2050.75,wants,subscriptions,subscriptions,65.79,monthly,65.79
145,2050.75,wants,hobbies,hobbies,96.11,one time,96.11
145,2050.75,wants,travel,travel,74.63,monthly,74.63
145,2050.75,wants,personal care,personal_care,65.97,one time,65.97
145,2050.75,wants,gifts,gifts,53.59,monthly,53.59
146,2767.47,needs,groceries,groceries,334.56,one time,334.56
146,2767.47,needs,rent/mortgage,rent_mortgage,142.78,weekly,618.24
146,2767.47,needs,utilities,utilities,28.7,weekly,124.27
146,2767.47,needs,gas/transport,gas_transport,207.7,monthly,207.7
146,2767.47,needs,insurance,insurance,45.04,biweekly,97.74
146,2767.47,needs,bills,bills,136.68,monthly,136.68
146,2767.47,needs,healthcare,healthcare,88.75,one time,88.75
146,2767.47,needs,other,other,66.7,one time,66.7
146,2767.47,wants,dining out,dining_out,48.11,monthly,48.11
146,2767.47,wants,entertainment,entertainment,131.95,monthly,131.95
146,2767.47,wants,subscriptions,subscriptions,9.46,biweekly,20.53
146,2767.47,wants,travel,travel,111.31,monthly,111.31
146,2767.47,wants,personal care,personal_care,40.1,biweekly,87.02
146,2767.47,wants,gifts,gifts,61.79,monthly,61.79
146,2767.47,wants,other,other,68.46,monthly,68.46
147,9100.24,needs,groceries,groceries,156.66,weekly,678.34
147,9100.24,needs,rent/mortgage,rent_mortgage,1809.5,monthly,1809.5
147,9100.24,needs,utilities,utilities,541.99,monthly,541.99
147,9100.24,needs,gas/transport,gas_transport,218.44,biweekly,474.01
147,9100.24,needs,insurance,insurance,407.53,monthly,407.53
147,9100.24,needs,bills,bills,65.37,weekly,283.05
147,9100.24,needs,healthcare,healthcare,62.71,weekly,271.53
147,9100.24,needs,other,other,228.53,monthly,228.53
147,9100.24,wants,dining out,dining_out,560.34,monthly,560.34
147,9100.24,wants,entertainment,entertainment,473.82,monthly,473.82
147,9100.24,wants,shopping,shopping,442.78,monthly,442.78
147,9100.24,wants,subscriptions,subscriptions,321.13,monthly,321.13
147,9100.24,wants,hobbies,hobbies,449.05,monthly,449.05
147,9100.24,wants,travel,travel,63.03,biweekly,136.78
147,9100.24,wants,other,other,293.57,one time,293.57
148,2611.46,needs,groceries,groceries,217.94,monthly,217.94
148,2611.46,needs,rent/mortgage,rent_mortgage,582.24,monthly,582.24
148,2611.46,needs,utilities,utilities,34.48,weekly,149.3
148,2611.46,needs,gas/transport,gas_transport,66.44,biweekly,144.17
148,2611.46,needs,insurance,insurance,96.24,monthly,96.24
148,2611.46,needs,bills,bills,26.57,weekly,115.05
148,2611.46,needs,healthcare,healthcare,100.74,monthly,100.74
148,2611.46,needs,childcare,childcare,97.84,monthly,97.84
148,2611.46,needs,other,other,25.66,biweekly,55.68
148,2611.46,wants,entertainment,entertainment,89.98,monthly,89.98
148,2611.46,wants,shopping,shopping,37.79,biweekly,82.0
148,2611.46,wants,hobbies,hobbies,9.11,weekly,39.45
148,2611.46,wants,travel,travel,127.12,monthly,127.12
148,2611.46,wants,gifts,gifts,58.52,monthly,58.52
149,7449.5,needs,groceries,groceries,905.07,monthly,905.07
149,7449.5,needs,rent/mortgage,rent_mortgage,1213.37,biweekly,2633.01
149,7449.5,needs,utilities,utilities,425.63,monthly,425.63
149,7449.5,needs,gas/transport,gas_transport,578.73,monthly,578.73
149,7449.5,needs,insurance,insurance,96.46,weekly,417.67
149,7449.5,needs,bills,bills,387.14,monthly,387.14
149,7449.5,needs,healthcare,healthcare,89.98,biweekly,195.26
149,7449.5,needs,childcare,childcare,311.55,monthly,311.55
149,7449.5,needs,other,other,25.91,weekly,112.19
149,7449.5,wants,entertainment,entertainment,384.41,monthly,384.41
149,7449.5,wants,shopping,shopping,524.96,monthly,524.96
149,7449.5,wants,hobbies,hobbies,227.44,one time,227.44
149,7449.5,wants,personal care,personal_care,286.76,one time,286.76
149,7449.5,wants,gifts,gifts,135.57,monthly,135.57
149,7449.5,wants,other,other,64.13,one time,64.13
150,2299.92,needs,groceries,groceries,121.31,biweekly,263.24
150,2299.92,needs,rent/mortgage,rent_mortgage,249.26,biweekly,540.89
150,2299.92,needs,utilities,utilities,129.49,monthly,129.49
150,2299.92,needs,gas/transport,gas_transport,26.17,weekly,113.32
150,2299.92,needs,insurance,insurance,127.8,monthly,127.8
150,2299.92,needs,bills,bills,74.11,monthly,74.11
150,2299.92,needs,healthcare,healthcare,70.94,monthly,70.94
150,2299.92,wants,entertainment,entertainment,22.3,biweekly,48.39
150,2299.92,wants,shopping,shopping,103.29,biweekly,224.14
150,2299.92,wants,subscriptions,subscriptions,82.38,monthly,82.38
150,2299.92,wants,hobbies,hobbies,25.32,weekly,109.64
150,2299.92,wants,personal care,personal_care,19.18,weekly,83.05
150,2299.92,wants,gifts,gifts,14.52,weekly,62.87
150,2299.92,wants,other,other,34.64,monthly,34.64
151,3736.75,needs,groceries,groceries,65.99,weekly,285.74
151,3736.75,needs,rent/mortgage,rent_mortgage,254.7,weekly,1102.85
151,3736.75,needs,utilities,utilities,138.65,monthly,138.65
151,3736.75,needs,gas/transport,gas_transport,200.12,one time,200.12
151,3736.75,needs,insurance,insurance,49.03,weekly,212.3
151,3736.75,needs,bills,bills,113.07,one time,113.07
151,3736.75,needs,healthcare,healthcare,94.18,monthly,94.18
151,3736.75,needs,childcare,childcare,140.38,monthly,140.38
151,3736.75,wants,dining out,dining_out,302.68,one time,302.68
151,3736.75,wants,entertainment,entertainment,29.45,biweekly,63.91
151,3736.75,wants,subscriptions,subscriptions,19.76,weekly,85.56
151,3736.75,wants,hobbies,hobbies,167.01,monthly,167.01
151,3736.75,wants,personal care,personal_care,38.7,monthly,38.7
152,9944.41,needs,groceries,groceries,395.7,biweekly,858.67
152,9944.41,needs,rent/mortgage,rent_mortgage,2938.86,monthly,2938.86
152,9944.41,needs,utilities,utilities,633.9,monthly,633.9
152,9944.41,needs,gas/transport,gas_transport,737.85,monthly,737.85
152,9944.41,needs,insurance,insurance,464.65,monthly,464.65
152,9944.41,needs,bills,bills,449.22,monthly,449.22
152,9944.41,needs,healthcare,healthcare,343.28,monthly,343.28
152,9944.41,needs,childcare,childcare,434.3,monthly,434.3
152,9944.41,wants,dining out,dining_out,705.84,monthly,705.84
152,9944.41,wants,subscriptions,subscriptions,115.83,biweekly,251.35
152,9944.41,wants,travel,travel,390.15,one time,390.15
152,9944.41,wants,gifts,gifts,265.52,monthly,265.52
152,9944.41,wants,other,other,68.91,monthly,68.91
153,8448.21,needs,groceries,groceries,1027.16,monthly,1027.16
153,8448.21,needs,rent/mortgage,rent_mortgage,1040.73,biweekly,2258.38
153,8448.21,needs,utilities,utilities,301.44,monthly,301.44
153,8448.21,needs,gas/transport,gas_transport,539.6,monthly,539.6
153,8448.21,needs,insurance,insurance,206.01,biweekly,447.04
153,8448.21,needs,bills,bills,73.22,weekly,317.04
153,8448.21,needs,healthcare,healthcare,98.97,biweekly,214.76
153,8448.21,needs,childcare,childcare,66.23,weekly,286.78
153,8448.21,wants,dining out,dining_out,596.99,monthly,596.99
153,8448.21,wants,entertainment,entertainment,114.88,weekly,497.43
153,8448.21,wants,shopping,shopping,46.66,weekly,202.04
153,8448.21,wants,subscriptions,subscriptions,100.85,monthly,100.85
153,8448.21,wants,hobbies,hobbies,182.97,biweekly,397.04
153,8448.21,wants,travel,travel,190.88,biweekly,414.21
153,8448.21,wants,personal care,personal_care,94.97,weekly,411.22
153,8448.21,wants,gifts,gifts,45.87,biweekly,99.54
154,5199.56,needs,groceries,groceries,84.43,weekly,365.58
154,5199.56,needs,rent/mortgage,rent_mortgage,272.99,weekly,1182.05
154,5199.56,needs,utilities,utilities,320.71,one time,320.71
154,5199.56,needs,gas/transport,gas_transport,375.33,monthly,375.33
154,5199.56,needs,insurance,insurance,240.3,one time,240.3
154,5199.56,needs,bills,bills,238.27,monthly,238.27
154,5199.56,needs,healthcare,healthcare,202.68,monthly,202.68
154,5199.56,wants,dining out,dining_out,242.1,monthly,242.1
154,5199.56,wants,shopping,shopping,229.01,biweekly,496.95
154,5199.56,wants,hobbies,hobbies,178.01,monthly,178.01
154,5199.56,wants,travel,travel,42.64,biweekly,92.53
154,5199.56,wants,personal care,personal_care,91.84,one time,91.84
154,5199.56,wants,gifts,gifts,8.38,weekly,36.29
154,5199.56,wants,other,other,23.02,weekly,99.68
155,5797.17,needs,groceries,groceries,500.92,monthly,500.92
155,5797.17,needs,rent/mortgage,rent_mortgage,738.87,biweekly,1603.35
155,5797.17,needs,utilities,utilities,219.99,monthly,219.99
155,5797.17,needs,gas/transport,gas_transport,403.49,monthly,403.49
155,5797.17,needs,insurance,insurance,272.52,monthly,272.52
155,5797.17,needs,bills,bills,96.15,biweekly,208.65
155,5797.17,needs,healthcare,healthcare,181.75,monthly,181.75
155,5797.17,wants,dining out,dining_out,89.08,monthly,89.08
155,5797.17,wants,entertainment,entertainment,75.23,biweekly,163.25
155,5797.17,wants,shopping,shopping,197.36,monthly,197.36
155,5797.17,wants,subscriptions,subscriptions,72.03,monthly,72.03
155,5797.17,wants,travel,travel,151.62,monthly,151.62
155,5797.17,wants,personal care,personal_care,60.27,monthly,60.27
155,5797.17,wants,gifts,gifts,11.62,weekly,50.31
155,5797.17,wants,other,other,76.01,biweekly,164.94
156,3563.92,needs,groceries,groceries,307.13,one time,307.13
156,3563.92,needs,rent/mortgage,rent_mortgage,1243.24,monthly,1243.24
156,3563.92,needs,utilities,utilities,167.32,one time,167.32
156,3563.92,needs,gas/transport,gas_transport,91.43,biweekly,198.4
156,3563.92,needs,insurance,insurance,223.63,one time,223.63
156,3563.92,needs,bills,bills,182.84,one time,182.84
156,3563.92,needs,healthcare,healthcare,106.91,monthly,106.91
156,3563.92,wants,dining out,dining_out,267.11,monthly,267.11
156,3563.92,wants,entertainment,entertainment,102.81,monthly,102.81
156,3563.92,wants,shopping,shopping,129.27,biweekly,280.52
156,3563.92,wants,gifts,gifts,65.61,one time,65.61
157,9825.84,needs,groceries,groceries,1258.89,monthly,1258.89
157,9825.84,needs,rent/mortgage,rent_mortgage,2894.92,one time,2894.92
157,9825.84,needs,utilities,utilities,126.19,weekly,546.4
157,9825.84,needs,gas/transport,gas_transport,296.4,biweekly,643.19
157,9825.84,needs,insurance,insurance,262.53,biweekly,569.69
157,9825.84,needs,bills,bills,464.47,monthly,464.47
157,9825.84,needs,healthcare,healthcare,69.32,weekly,300.16
157,9825.84,needs,childcare,childcare,481.41,one time,481.41
157,9825.84,wants,dining out,dining_out,479.73,one time,479.73
157,9825.84,wants,entertainment,entertainment,124.6,biweekly,270.38
157,9825.84,wants,shopping,shopping,58.21,weekly,252.05
157,9825.84,wants,subscriptions,subscriptions,68.73,monthly,68.73
157,9825.84,wants,travel,travel,201.87,biweekly,438.06
157,9825.84,wants,personal care,personal_care,507.25,monthly,507.25
157,9825.84,wants,gifts,gifts,56.39,weekly,244.17
158,7895.44,needs,groceries,groceries,772.2,monthly,772.2
158,7895.44,needs,rent/mortgage,rent_mortgage,969.85,biweekly,2104.57
158,7895.44,needs,utilities,utilities,496.14,monthly,496.14
158,7895.44,needs,gas/transport,gas_transport,519.42,monthly,519.42
158,7895.44,needs,insurance,insurance,444.47,monthly,444.47
158,7895.44,needs,bills,bills,255.42,one time,255.42
158,7895.44,needs,healthcare,healthcare,46.66,weekly,202.04
158,7895.44,needs,other,other,63.76,biweekly,138.36
158,7895.44,wants,dining out,dining_out,563.48,monthly,563.48
158,7895.44,wants,entertainment,entertainment,255.24,biweekly,553.87
158,7895.44,wants,subscriptions,subscriptions,165.92,one time,165.92
158,7895.44,wants,travel,travel,334.86,one time,334.86
158,7895.44,wants,personal care,personal_care,87.33,weekly,378.14
158,7895.44,wants,gifts,gifts,111.54,monthly,111.54
158,7895.44,wants,other,other,52.89,biweekly,114.77
159,4468.47,needs,groceries,groceries,227.44,biweekly,493.54
159,4468.47,needs,rent/mortgage,rent_mortgage,325.64,weekly,1410.02
159,4468.47,needs,utilities,utilities,266.76,monthly,266.76
159,4468.47,needs,gas/transport,gas_transport,77.13,weekly,333.97
159,4468.47,needs,insurance,insurance,221.6,monthly,221.6
159,4468.47,needs,bills,bills,104.88,biweekly,227.59
159,4468.47,needs,healthcare,healthcare,98.1,monthly,98.1
159,4468.47,needs,other,other,15.73,weekly,68.11
159,4468.47,wants,dining out,dining_out,280.26,monthly,280.26
159,4468.47,wants,entertainment,entertainment,33.96,biweekly,73.69
159,4468.47,wants,subscriptions,subscriptions,160.74,one time,160.74
159,4468.47,wants,hobbies,hobbies,152.71,monthly,152.71
159,4468.47,wants,travel,travel,22.68,weekly,98.2
159,4468.47,wants,personal care,personal_care,97.09,biweekly,210.69
159,4468.47,wants,gifts,gifts,73.81,monthly,73.81
159,4468.47,wants,other,other,31.38,weekly,135.88
160,4966.79,needs,groceries,groceries,252.85,biweekly,548.68
160,4966.79,needs,rent/mortgage,rent_mortgage,722.76,biweekly,1568.39
160,4966.79,needs,utilities,utilities,62.81,weekly,271.97
160,4966.79,needs,gas/transport,gas_transport,71.09,weekly,307.82
160,4966.79,needs,insurance,insurance,181.03,monthly,181.03
160,4966.79,needs,bills,bills,244.6,monthly,244.6
160,4966.79,needs,healthcare,healthcare,161.27,one time,161.27
160,4966.79,needs,other,other,20.76,weekly,89.89
160,4966.79,wants,dining out,dining_out,346.04,monthly,346.04
160,4966.79,wants,entertainment,entertainment,354.0,monthly,354.0
160,4966.79,wants,subscriptions,subscriptions,147.57,monthly,147.57
160,4966.79,wants,hobbies,hobbies,253.9,monthly,253.9
160,4966.79,wants,travel,travel,70.63,monthly,70.63
160,4966.79,wants,gifts,gifts,68.21,monthly,68.21
160,4966.79,wants,other,other,174.01,one time,174.01
161,6964.47,needs,groceries,groceries,804.36,monthly,804.36
161,6964.47,needs,rent/mortgage,rent_mortgage,2301.35,monthly,2301.35
161,6964.47,needs,utilities,utilities,186.22,biweekly,404.1
161,6964.47,needs,gas/transport,gas_transport,415.23,one time,415.23
161,6964.47,needs,insurance,insurance,95.54,weekly,413.69
161,6964.47,needs,bills,bills,160.52,biweekly,348.33
161,6964.47,needs,healthcare,healthcare,242.2,one time,242.2
161,6964.47,needs,other,other,157.81,monthly,157.81
161,6964.47,wants,dining out,dining_out,456.88,one time,456.88
161,6964.47,wants,entertainment,entertainment,85.55,monthly,85.55
161,6964.47,wants,shopping,shopping,201.2,monthly,201.2
161,6964.47,wants,hobbies,hobbies,92.39,monthly,92.39
161,6964.47,wants,travel,travel,140.22,biweekly,304.28
161,6964.47,wants,personal care,personal_care,113.9,monthly,113.9
161,6964.47,wants,gifts,gifts,244.78,monthly,244.78
161,6964.47,wants,other,other,58.33,biweekly,126.58
162,1930.38,needs,groceries,groceries,110.87,biweekly,240.59
162,1930.38,needs,rent/mortgage,rent_mortgage,556.5,monthly,556.5
162,1930.38,needs,utilities,utilities,100.64,one time,100.64
162,1930.38,needs,gas/transport,gas_transport,113.0,monthly,113.0
162,1930.38,needs,insurance,insurance,41.88,biweekly,90.88
162,1930.38,needs,bills,bills,78.59,one time,78.59
162,1930.38,needs,healthcare,healthcare,67.24,monthly,67.24
162,1930.38,needs,other,other,44.28,monthly,44.28
162,1930.38,wants,dining out,dining_out,114.91,one time,114.91
162,1930.38,wants,entertainment,entertainment,117.07,monthly,117.07
162,1930.38,wants,shopping,shopping,29.2,weekly,126.44
162,1930.38,wants,subscriptions,subscriptions,29.86,biweekly,64.8
162,1930.38,wants,hobbies,hobbies,20.21,weekly,87.51
162,1930.38,wants,personal care,personal_care,41.66,biweekly,90.4
162,1930.38,wants,other,other,63.13,monthly,63.13
163,5187.74,needs,groceries,groceries,132.2,weekly,572.43
163,5187.74,needs,rent/mortgage,rent_mortgage,1445.34,monthly,1445.34
163,5187.74,needs,utilities,utilities,250.09,monthly,250.09
163,5187.74,needs,gas/transport,gas_transport,79.83,weekly,345.66
163,5187.74,needs,insurance,insurance,108.6,biweekly,235.66
163,5187.74,needs,bills,bills,56.51,weekly,244.69
163,5187.74,needs,healthcare,healthcare,134.06,monthly,134.06
163,5187.74,wants,dining out,dining_out,218.06,monthly,218.06
163,5187.74,wants,entertainment,entertainment,51.03,weekly,220.96
163,5187.74,wants,shopping,shopping,366.97,monthly,366.97
163,5187.74,wants,subscriptions,subscriptions,31.67,one time,31.67
163,5187.74,wants,travel,travel,103.78,biweekly,225.2
163,5187.74,wants,gifts,gifts,13.64,weekly,59.06
163,5187.74,wants,other,other,40.21,monthly,40.21
164,8653.21,needs,groceries,groceries,1075.09,monthly,1075.09
164,8653.21,needs,rent/mortgage,rent_mortgage,3081.49,monthly,3081.49
164,8653.21,needs,utilities,utilities,417.94,monthly,417.94
164,8653.21,needs,gas/transport,gas_transport,255.31,biweekly,554.02
164,8653.21,needs,insurance,insurance,311.43,one time,311.43
164,8653.21,needs,bills,bills,183.77,biweekly,398.78
164,8653.21,needs,healthcare,healthcare,302.52,monthly,302.52
164,8653.21,wants,dining out,dining_out,81.36,weekly,352.29
164,8653.21,wants,entertainment,entertainment,311.37,monthly,311.37
164,8653.21,wants,subscriptions,subscriptions,196.77,monthly,196.77
164,8653.21,wants,hobbies,hobbies,309.01,monthly,309.01
164,8653.21,wants,travel,travel,100.16,biweekly,217.35
164,8653.21,wants,gifts,gifts,57.98,weekly,251.05
165,1934.48,needs,groceries,groceries,160.61,monthly,160.61
165,1934.48,needs,rent/mortgage,rent_mortgage,427.73,one time,427.73
165,1934.48,needs,utilities,utilities,108.17,monthly,108.17
165,1934.48,needs,gas/transport,gas_transport,33.99,weekly,147.18
165,1934.48,needs,insurance,insurance,43.65,biweekly,94.72
165,1934.48,needs,bills,bills,42.78,biweekly,92.83
165,1934.48,needs,healthcare,healthcare,57.94,monthly,57.94
165,1934.48,needs,other,other,29.45,monthly,29.45
165,1934.48,wants,entertainment,entertainment,25.92,weekly,112.23
165,1934.48,wants,shopping,shopping,8.32,weekly,36.03
165,1934.48,wants,subscriptions,subscriptions,49.62,monthly,49.62
165,1934.48,wants,hobbies,hobbies,35.2,monthly,35.2
165,1934.48,wants,travel,travel,15.69,biweekly,34.05
165,1934.48,wants,other,other,14.57,weekly,63.09
166,4734.27,needs,groceries,groceries,511.67,one time,511.67
166,4734.27,needs,rent/mortgage,rent_mortgage,237.79,weekly,1029.63
166,4734.27,needs,utilities,utilities,67.49,weekly,292.23
166,4734.27,needs,gas/transport,gas_transport,200.99,monthly,200.99
166,4734.27,needs,insurance,insurance,52.7,weekly,228.19
166,4734.27,needs,bills,bills,51.63,weekly,223.56
166,4734.27,needs,healthcare,healthcare,131.09,one time,131.09
166,4734.27,needs,childcare,childcare,186.82,monthly,186.82
166,4734.27,needs,other,other,44.69,biweekly,96.98
166,4734.27,wants,dining out,dining_out,208.13,monthly,208.13
166,4734.27,wants,entertainment,entertainment,66.39,biweekly,144.07
166,4734.27,wants,shopping,shopping,126.06,monthly,126.06
166,4734.27,wants,subscriptions,subscriptions,140.83,monthly,140.83
166,4734.27,wants,hobbies,hobbies,135.3,monthly,135.3
166,4734.27,wants,gifts,gifts,56.56,one time,56.56
166,4734.27,wants,other,other,20.62,weekly,89.28
167,4526.15,needs,groceries,groceries,133.48,weekly,577.97
167,4526.15,needs,rent/mortgage,rent_mortgage,302.53,weekly,1309.95
167,4526.15,needs,utilities,utilities,236.11,monthly,236.11
167,4526.15,needs,gas/transport,gas_transport,264.53,one time,264.53
167,4526.15,needs,insurance,insurance,222.06,one time,222.06
167,4526.15,needs,bills,bills,92.05,biweekly,199.75
167,4526.15,needs,healthcare,healthcare,150.26,monthly,150.26
167,4526.15,wants,entertainment,entertainment,119.84,biweekly,260.05
167,4526.15,wants,shopping,shopping,222.19,monthly,222.19
167,4526.15,wants,hobbies,hobbies,46.82,monthly,46.82
167,4526.15,wants,travel,travel,129.21,one time,129.21
167,4526.15,wants,personal care,personal_care,28.45,weekly,123.19
167,4526.15,wants,other,other,57.46,monthly,57.46
168,4187.24,needs,groceries,groceries,84.97,weekly,367.92
168,4187.24,needs,rent/mortgage,rent_mortgage,1298.02,monthly,1298.02
168,4187.24,needs,utilities,utilities,37.98,weekly,164.45
168,4187.24,needs,gas/transport,gas_transport,285.02,monthly,285.02
168,4187.24,needs,insurance,insurance,238.34,monthly,238.34
168,4187.24,needs,bills,bills,150.9,monthly,150.9
168,4187.24,needs,healthcare,healthcare,152.49,monthly,152.49
168,4187.24,wants,dining out,dining_out,188.56,one time,188.56
168,4187.24,wants,entertainment,entertainment,23.55,weekly,101.97
168,4187.24,wants,shopping,shopping,300.19,monthly,300.19
168,4187.24,wants,subscriptions,subscriptions,100.05,monthly,100.05
168,4187.24,wants,hobbies,hobbies,47.57,biweekly,103.23
168,4187.24,wants,travel,travel,48.83,biweekly,105.96
168,4187.24,wants,personal care,personal_care,75.07,monthly,75.07
168,4187.24,wants,gifts,gifts,52.41,monthly,52.41
168,4187.24,wants,other,other,8.44,weekly,36.55
169,9779.63,needs,groceries,groceries,1236.15,monthly,1236.15
169,9779.63,needs,rent/mortgage,rent_mortgage,585.37,weekly,2534.65
169,9779.63,needs,utilities,utilities,627.75,monthly,627.75
169,9779.63,needs,gas/transport,gas_transport,252.64,biweekly,548.23
169,9779.63,needs,insurance,insurance,185.44,biweekly,402.4
169,9779.63,needs,bills,bills,317.46,one time,317.46
169,9779.63,needs,healthcare,healthcare,241.37,one time,241.37
169,9779.63,needs,other,other,207.14,monthly,207.14
169,9779.63,wants,dining out,dining_out,150.43,monthly,150.43
169,9779.63,wants,shopping,shopping,102.12,weekly,442.18
169,9779.63,wants,subscriptions,subscriptions,343.32,monthly,343.32
169,9779.63,wants,hobbies,hobbies,238.53,biweekly,517.61
169,9779.63,wants,travel,travel,102.25,biweekly,221.88
169,9779.63,wants,personal care,personal_care,77.0,weekly,333.41
169,9779.63,wants,gifts,gifts,58.57,weekly,253.61
169,9779.63,wants,other,other,243.54,monthly,243.54
170,4861.49,needs,groceries,groceries,164.66,biweekly,357.31
170,4861.49,needs,rent/mortgage,rent_mortgage,346.6,weekly,1500.78
170,4861.49,needs,utilities,utilities,242.44,one time,242.44
170,4861.49,needs,gas/transport,gas_transport,255.4,one time,255.4
170,4861.49,needs,insurance,insurance,63.12,weekly,273.31
170,4861.49,needs,bills,bills,48.64,weekly,210.61
170,4861.49,needs,healthcare,healthcare,103.36,monthly,103.36
170,4861.49,wants,dining out,dining_out,53.5,weekly,231.66
170,4861.49,wants,entertainment,entertainment,149.77,biweekly,325.0
170,4861.49,wants,shopping,shopping,118.08,weekly,511.29
170,4861.49,wants,subscriptions,subscriptions,72.73,biweekly,157.82
170,4861.49,wants,hobbies,hobbies,250.44,monthly,250.44
170,4861.49,wants,travel,travel,39.03,weekly,169.0
170,4861.49,wants,personal care,personal_care,119.18,one time,119.18
170,4861.49,wants,gifts,gifts,43.18,biweekly,93.7
170,4861.49,wants,other,other,94.71,monthly,94.71
171,5507.3,needs,groceries,groceries,551.54,one time,551.54
171,5507.3,needs,rent/mortgage,rent_mortgage,614.02,biweekly,1332.42
171,5507.3,needs,utilities,utilities,58.05,weekly,251.36
171,5507.3,needs,gas/transport,gas_transport,311.26,monthly,311.26
171,5507.3,needs,insurance,insurance,228.17,monthly,228.17
171,5507.3,needs,bills,bills,175.05,monthly,175.05
171,5507.3,needs,healthcare,healthcare,130.5,monthly,130.5
171,5507.3,needs,childcare,childcare,110.34,biweekly,239.44
171,5507.3,wants,dining out,dining_out,77.1,weekly,333.84
171,5507.3,wants,entertainment,entertainment,64.3,biweekly,139.53
171,5507.3,wants,subscriptions,subscriptions,100.07,monthly,100.07
171,5507.3,wants,hobbies,hobbies,95.83,monthly,95.83
171,5507.3,wants,travel,travel,57.54,monthly,57.54
171,5507.3,wants,personal care,personal_care,11.74,weekly,50.83
171,5507.3,wants,other,other,102.37,monthly,102.37
172,5809.42,needs,groceries,groceries,611.41,monthly,611.41
172,5809.42,needs,rent/mortgage,rent_mortgage,1604.13,monthly,1604.13
172,5809.42,needs,utilities,utilities,251.47,monthly,251.47
172,5809.42,needs,gas/transport,gas_transport,435.15,monthly,435.15
172,5809.42,needs,insurance,insurance,332.59,monthly,332.59
172,5809.42,needs,bills,bills,173.97,monthly,173.97
172,5809.42,needs,healthcare,healthcare,206.96,monthly,206.96
172,5809.42,needs,childcare,childcare,121.67,biweekly,264.02
172,5809.42,needs,other,other,103.15,monthly,103.15
172,5809.42,wants,dining out,dining_out,182.75,biweekly,396.57
172,5809.42,wants,entertainment,entertainment,292.26,one time,292.26
172,5809.42,wants,subscriptions,subscriptions,87.61,monthly,87.61
172,5809.42,wants,hobbies,hobbies,108.45,monthly,108.45
172,5809.42,wants,travel,travel,74.21,biweekly,161.04
172,5809.42,wants,personal care,personal_care,78.54,monthly,78.54
172,5809.42,wants,gifts,gifts,76.24,biweekly,165.44
173,5570.81,needs,groceries,groceries,253.93,biweekly,551.03
173,5570.81,needs,rent/mortgage,rent_mortgage,1102.7,one time,1102.7
173,5570.81,needs,utilities,utilities,342.76,monthly,342.76
173,5570.81,needs,gas/transport,gas_transport,186.89,biweekly,405.55
173,5570.81,needs,insurance,insurance,338.06,monthly,338.06
173,5570.81,needs,bills,bills,228.44,one time,228.44
173,5570.81,needs,healthcare,healthcare,173.03,monthly,173.03
173,5570.81,needs,childcare,childcare,60.99,weekly,264.09
173,5570.81,needs,other,other,129.51,monthly,129.51
173,5570.81,wants,dining out,dining_out,158.94,biweekly,344.9
173,5570.81,wants,shopping,shopping,160.85,monthly,160.85
173,5570.81,wants,subscriptions,subscriptions,168.89,monthly,168.89
173,5570.81,wants,hobbies,hobbies,153.37,monthly,153.37
173,5570.81,wants,travel,travel,249.42,monthly,249.42
173,5570.81,wants,personal care,personal_care,42.63,weekly,184.59
173,5570.81,wants,gifts,gifts,26.77,biweekly,58.09
173,5570.81,wants,other,other,158.97,one time,158.97
174,9628.69,needs,groceries,groceries,564.65,biweekly,1225.29
174,9628.69,needs,rent/mortgage,rent_mortgage,3487.42,monthly,3487.42
174,9628.69,needs,utilities,utilities,277.56,biweekly,602.31
174,9628.69,needs,gas/transport,gas_transport,612.44,monthly,612.44
174,9628.69,needs,insurance,insurance,615.13,monthly,615.13
174,9628.69,needs,bills,bills,457.43,monthly,457.43
174,9628.69,needs,healthcare,healthcare,54.49,weekly,235.94
174,9628.69,wants,dining out,dining_out,380.05,biweekly,824.71
174,9628.69,wants,entertainment,entertainment,500.15,one time,500.15
174,9628.69,wants,shopping,shopping,135.69,weekly,587.54
174,9628.69,wants,subscriptions,subscriptions,193.88,monthly,193.88
174,9628.69,wants,hobbies,hobbies,116.88,biweekly,253.63
174,9628.69,wants,travel,travel,89.65,monthly,89.65
174,9628.69,wants,gifts,gifts,331.4,monthly,331.4
174,9628.69,wants,other,other,339.8,monthly,339.8
175,1729.55,needs,groceries,groceries,127.25,monthly,127.25
175,1729.55,needs,rent/mortgage,rent_mortgage,628.58,monthly,628.58
175,1729.55,needs,utilities,utilities,64.34,monthly,64.34
175,1729.55,needs,gas/transport,gas_transport,114.59,monthly,114.59
175,1729.55,needs,insurance,insurance,66.65,monthly,66.65
175,1729.55,needs,bills,bills,82.94,monthly,82.94
175,1729.55,needs,healthcare,healthcare,38.87,monthly,38.87
175,1729.55,needs,childcare,childcare,38.83,biweekly,84.26
175,1729.55,needs,other,other,9.79,weekly,42.39
175,1729.55,wants,dining out,dining_out,54.7,monthly,54.7
175,1729.55,wants,entertainment,entertainment,37.48,biweekly,81.33
175,1729.55,wants,shopping,shopping,121.54,one time,121.54
175,1729.55,wants,hobbies,hobbies,15.11,biweekly,32.79
175,1729.55,wants,travel,travel,42.09,monthly,42.09
175,1729.55,wants,personal care,personal_care,12.67,weekly,54.86
175,1729.55,wants,gifts,gifts,15.85,monthly,15.85
175,1729.55,wants,other,other,30.45,monthly,30.45
176,9440.71,needs,groceries,groceries,688.27,monthly,688.27
176,9440.71,needs,rent/mortgage,rent_mortgage,1899.3,monthly,1899.3
176,9440.71,needs,utilities,utilities,160.77,biweekly,348.87
176,9440.71,needs,gas/transport,gas_transport,314.68,biweekly,682.86
176,9440.71,needs,insurance,insurance,332.09,monthly,332.09
176,9440.71,needs,bills,bills,203.89,biweekly,442.44
176,9440.71,needs,healthcare,healthcare,165.08,biweekly,358.22
176,9440.71,needs,childcare,childcare,148.25,biweekly,321.7
176,9440.71,needs,other,other,104.75,biweekly,227.31
176,9440.71,wants,dining out,dining_out,631.44,monthly,631.44
176,9440.71,wants,subscriptions,subscriptions,294.77,monthly,294.77
176,9440.71,wants,hobbies,hobbies,45.49,weekly,196.97
176,9440.71,wants,travel,travel,433.43,monthly,433.43
176,9440.71,wants,personal care,personal_care,445.92,monthly,445.92
176,9440.71,wants,gifts,gifts,198.68,monthly,198.68
177,12622.76,needs,groceries,groceries,273.74,weekly,1185.29
177,12622.76,needs,rent/mortgage,rent_mortgage,679.34,weekly,2941.54
177,12622.76,needs,utilities,utilities,298.94,biweekly,648.7
177,12622.76,needs,gas/transport,gas_transport,789.86,monthly,789.86
177,12622.76,needs,insurance,insurance,124.59,weekly,539.47
177,12622.76,needs,bills,bills,436.5,monthly,436.5
177,12622.76,needs,healthcare,healthcare,96.12,weekly,416.2
177,12622.76,wants,dining out,dining_out,1133.03,monthly,1133.03
177,12622.76,wants,entertainment,entertainment,390.95,monthly,390.95
177,12622.76,wants,shopping,shopping,833.47,monthly,833.47
177,12622.76,wants,subscriptions,subscriptions,140.45,biweekly,304.78
177,12622.76,wants,hobbies,hobbies,224.51,monthly,224.51
177,12622.76,wants,travel,travel,662.99,monthly,662.99
177,12622.76,wants,personal care,personal_care,471.47,monthly,471.47
177,12622.76,wants,gifts,gifts,330.32,monthly,330.32
177,12622.76,wants,other,other,296.3,monthly,296.3
178,19619.3,needs,groceries,groceries,422.5,weekly,1829.42
178,19619.3,needs,rent/mortgage,rent_mortgage,5315.39,monthly,5315.39
178,19619.3,needs,utilities,utilities,757.87,monthly,757.87
178,19619.3,needs,gas/transport,gas_transport,424.35,biweekly,920.84
178,19619.3,needs,insurance,insurance,921.53,monthly,921.53
178,19619.3,needs,bills,bills,147.49,weekly,638.63
178,19619.3,needs,healthcare,healthcare,210.61,biweekly,457.02
178,19619.3,needs,other,other,490.68,one time,490.68
178,19619.3,wants,dining out,dining_out,1005.17,monthly,1005.17
178,19619.3,wants,entertainment,entertainment,313.81,biweekly,680.97
178,19619.3,wants,shopping,shopping,1803.74,monthly,1803.74
178,19619.3,wants,hobbies,hobbies,902.17,monthly,902.17
178,19619.3,wants,gifts,gifts,307.41,monthly,307.41
178,19619.3,wants,other,other,317.95,monthly,317.95
179,9324.57,needs,groceries,groceries,653.1,monthly,653.1
179,9324.57,needs,rent/mortgage,rent_mortgage,1446.39,biweekly,3138.67
179,9324.57,needs,utilities,utilities,412.77,monthly,412.77
179,9324.57,needs,gas/transport,gas_transport,412.62,monthly,412.62
179,9324.57,needs,insurance,insurance,197.06,biweekly,427.62
179,9324.57,needs,bills,bills,337.06,monthly,337.06
179,9324.57,needs,healthcare,healthcare,300.87,one time,300.87
179,9324.57,needs,childcare,childcare,154.4,biweekly,335.05
179,9324.57,wants,entertainment,entertainment,625.8,monthly,625.8
179,9324.57,wants,shopping,shopping,863.82,monthly,863.82
179,9324.57,wants,subscriptions,subscriptions,123.7,monthly,123.7
179,9324.57,wants,hobbies,hobbies,31.36,weekly,135.79
179,9324.57,wants,travel,travel,108.67,weekly,470.54
179,9324.57,wants,personal care,personal_care,456.99,monthly,456.99
179,9324.57,wants,other,other,71.63,weekly,310.16
180,2362.12,needs,groceries,groceries,64.62,weekly,279.8
180,2362.12,needs,rent/mortgage,rent_mortgage,179.33,weekly,776.5
180,2362.12,needs,utilities,utilities,101.47,one time,101.47
180,2362.12,needs,gas/transport,gas_transport,39.76,weekly,172.16
180,2362.12,needs,insurance,insurance,58.84,biweekly,127.68
180,2362.12,needs,bills,bills,43.06,biweekly,93.44
180,2362.12,needs,healthcare,healthcare,25.82,biweekly,56.03
180,2362.12,wants,dining out,dining_out,25.66,weekly,111.11
180,2362.12,wants,subscriptions,subscriptions,12.53,weekly,54.25
180,2362.12,wants,hobbies,hobbies,29.85,monthly,29.85
180,2362.12,wants,gifts,gifts,19.03,biweekly,41.3
181,5986.76,needs,groceries,groceries,139.86,weekly,605.59
181,5986.76,needs,rent/mortgage,rent_mortgage,914.1,biweekly,1983.6
181,5986.76,needs,utilities,utilities,331.54,monthly,331.54
181,5986.76,needs,gas/transport,gas_transport,353.49,one time,353.49
181,5986.76,needs,insurance,insurance,160.81,biweekly,348.96
181,5986.76,needs,bills,bills,292.18,monthly,292.18
181,5986.76,needs,healthcare,healthcare,208.4,monthly,208.4
181,5986.76,needs,other,other,45.09,biweekly,97.85
181,5986.76,wants,dining out,dining_out,371.09,monthly,371.09
181,5986.76,wants,entertainment,entertainment,31.99,weekly,138.52
181,5986.76,wants,hobbies,hobbies,72.79,weekly,315.18
181,5986.76,wants,travel,travel,203.01,monthly,203.01
181,5986.76,wants,personal care,personal_care,121.71,monthly,121.71
181,5986.76,wants,gifts,gifts,30.17,weekly,130.64
181,5986.76,wants,other,other,37.2,monthly,37.2
182,3152.72,needs,groceries,groceries,181.47,biweekly,393.79
182,3152.72,needs,rent/mortgage,rent_mortgage,207.82,weekly,899.86
182,3152.72,needs,utilities,utilities,202.08,monthly,202.08
182,3152.72,needs,gas/transport,gas_transport,97.99,biweekly,212.64
182,3152.72,needs,insurance,insurance,70.32,biweekly,152.59
182,3152.72,needs,bills,bills,22.65,weekly,98.07
182,3152.72,needs,healthcare,healthcare,83.99,monthly,83.99
182,3152.72,needs,childcare,childcare,104.56,one time,104.56
182,3152.72,needs,other,other,67.0,monthly,67.0
182,3152.72,wants,dining out,dining_out,215.02,monthly,215.02
182,3152.72,wants,shopping,shopping,193.16,monthly,193.16
182,3152.72,wants,subscriptions,subscriptions,12.3,biweekly,26.69
182,3152.72,wants,hobbies,hobbies,13.32,biweekly,28.9
182,3152.72,wants,personal care,personal_care,67.72,monthly,67.72
182,3152.72,wants,other,other,75.43,one time,75.43
183,3192.04,needs,groceries,groceries,275.39,monthly,275.39
183,3192.04,needs,rent/mortgage,rent_mortgage,305.4,biweekly,662.72
183,3192.04,needs,utilities,utilities,193.14,monthly,193.14
183,3192.04,needs,gas/transport,gas_transport,68.27,biweekly,148.15
183,3192.04,needs,insurance,insurance,61.49,biweekly,133.43
183,3192.04,needs,bills,bills,72.51,biweekly,157.35
183,3192.04,needs,healthcare,healthcare,120.63,monthly,120.63
183,3192.04,needs,other,other,45.78,monthly,45.78
183,3192.04,wants,shopping,shopping,122.47,monthly,122.47
183,3192.04,wants,subscriptions,subscriptions,24.9,biweekly,54.03
183,3192.04,wants,hobbies,hobbies,67.1,biweekly,145.61
183,3192.04,wants,travel,travel,30.97,weekly,134.1
183,3192.04,wants,gifts,gifts,68.16,monthly,68.16
183,3192.04,wants,other,other,49.88,biweekly,108.24
184,2072.69,needs,groceries,groceries,37.91,weekly,164.15
184,2072.69,needs,rent/mortgage,rent_mortgage,481.93,monthly,481.93
184,2072.69,needs,utilities,utilities,29.94,weekly,129.64
184,2072.69,needs,gas/transport,gas_transport,123.69,monthly,123.69
184,2072.69,needs,insurance,insurance,126.49,one time,126.49
184,2072.69,needs,bills,bills,68.51,monthly,68.51
184,2072.69,needs,healthcare,healthcare,49.77,monthly,49.77
184,2072.69,wants,entertainment,entertainment,26.59,monthly,26.59
184,2072.69,wants,shopping,shopping,101.49,biweekly,220.23
184,2072.69,wants,subscriptions,subscriptions,15.48,weekly,67.03
184,2072.69,wants,hobbies,hobbies,70.47,monthly,70.47
184,2072.69,wants,travel,travel,98.73,monthly,98.73
184,2072.69,wants,personal care,personal_care,39.28,monthly,39.28
184,2072.69,wants,gifts,gifts,73.5,monthly,73.5
185,4898.56,needs,groceries,groceries,625.75,monthly,625.75
185,4898.56,needs,rent/mortgage,rent_mortgage,384.2,weekly,1663.59
185,4898.56,needs,utilities,utilities,89.48,biweekly,194.17
185,4898.56,needs,gas/transport,gas_transport,54.89,weekly,237.67
185,4898.56,needs,insurance,insurance,250.62,monthly,250.62
185,4898.56,needs,bills,bills,234.62,monthly,234.62
185,4898.56,needs,healthcare,healthcare,178.38,monthly,178.38
185,4898.56,needs,childcare,childcare,36.16,weekly,156.57
185,4898.56,wants,dining out,dining_out,106.1,biweekly,230.24
185,4898.56,wants,subscriptions,subscriptions,74.92,biweekly,162.58
185,4898.56,wants,hobbies,hobbies,79.87,biweekly,173.32
185,4898.56,wants,travel,travel,190.07,monthly,190.07
185,4898.56,wants,personal care,personal_care,189.6,monthly,189.6
185,4898.56,wants,gifts,gifts,109.2,one time,109.2
186,3480.15,needs,groceries,groceries,298.87,one time,298.87
186,3480.15,needs,rent/mortgage,rent_mortgage,454.72,biweekly,986.74
186,3480.15,needs,utilities,utilities,182.18,one time,182.18
186,3480.15,needs,gas/transport,gas_transport,157.64,one time,157.64
186,3480.15,needs,insurance,insurance,190.49,one time,190.49
186,3480.15,needs,bills,bills,164.12,monthly,164.12
186,3480.15,needs,healthcare,healthcare,82.73,monthly,82.73
186,3480.15,needs,other,other,80.02,monthly,80.02
186,3480.15,wants,dining out,dining_out,81.05,biweekly,175.88
186,3480.15,wants,entertainment,entertainment,190.08,one time,190.08
186,3480.15,wants,shopping,shopping,141.7,one time,141.7
186,3480.15,wants,hobbies,hobbies,33.51,weekly,145.1
186,3480.15,wants,travel,travel,67.7,biweekly,146.91
186,3480.15,wants,personal care,personal_care,32.9,weekly,142.46
186,3480.15,wants,gifts,gifts,28.53,monthly,28.53
186,3480.15,wants,other,other,41.48,monthly,41.48
187,7640.45,needs,groceries,groceries,951.81,monthly,951.81
187,7640.45,needs,rent/mortgage,rent_mortgage,2237.14,monthly,2237.14
187,7640.45,needs,utilities,utilities,359.04,monthly,359.04
187,7640.45,needs,gas/transport,gas_transport,456.33,monthly,456.33
187,7640.45,needs,insurance,insurance,397.6,monthly,397.6
187,7640.45,needs,bills,bills,316.44,monthly,316.44
187,7640.45,needs,healthcare,healthcare,275.07,monthly,275.07
187,7640.45,needs,other,other,113.66,monthly,113.66
187,7640.45,wants,dining out,dining_out,685.28,monthly,685.28
187,7640.45,wants,entertainment,entertainment,341.26,monthly,341.26
187,7640.45,wants,shopping,shopping,475.43,monthly,475.43
187,7640.45,wants,hobbies,hobbies,302.42,monthly,302.42
187,7640.45,wants,travel,travel,193.68,monthly,193.68
187,7640.45,wants,other,other,28.28,weekly,122.45
188,1783.06,needs,groceries,groceries,204.99,monthly,204.99
188,1783.06,needs,rent/mortgage,rent_mortgage,98.08,weekly,424.69
188,1783.06,needs,utilities,utilities,102.96,monthly,102.96
188,1783.06,needs,gas/transport,gas_transport,112.44,monthly,112.44
188,1783.06,needs,insurance,insurance,28.82,biweekly,62.54
188,1783.06,needs,bills,bills,90.61,monthly,90.61
188,1783.06,needs,healthcare,healthcare,31.07,biweekly,67.42
188,1783.06,needs,childcare,childcare,60.63,monthly,60.63
188,1783.06,needs,other,other,7.31,weekly,31.65
188,1783.06,wants,dining out,dining_out,107.36,one time,107.36
188,1783.06,wants,entertainment,entertainment,118.3,monthly,118.3
188,1783.06,wants,shopping,shopping,36.39,monthly,36.39
188,1783.06,wants,subscriptions,subscriptions,7.18,weekly,31.09
188,1783.06,wants,hobbies,hobbies,30.61,monthly,30.61
188,1783.06,wants,travel,travel,11.76,biweekly,25.52
188,1783.06,wants,personal care,personal_care,52.8,monthly,52.8
189,3697.66,needs,groceries,groceries,384.77,monthly,384.77
189,3697.66,needs,rent/mortgage,rent_mortgage,823.04,monthly,823.04
189,3697.66,needs,utilities,utilities,169.69,one time,169.69
189,3697.66,needs,gas/transport,gas_transport,77.92,biweekly,169.09
189,3697.66,needs,insurance,insurance,201.03,monthly,201.03
189,3697.66,needs,bills,bills,37.89,weekly,164.06
189,3697.66,needs,healthcare,healthcare,40.6,biweekly,88.1
189,3697.66,wants,dining out,dining_out,32.55,weekly,140.94
189,3697.66,wants,entertainment,entertainment,147.88,monthly,147.88
189,3697.66,wants,shopping,shopping,58.72,biweekly,127.42
189,3697.66,wants,subscriptions,subscriptions,26.06,weekly,112.84
189,3697.66,wants,hobbies,hobbies,23.3,weekly,100.89
189,3697.66,wants,travel,travel,32.31,weekly,139.9
189,3697.66,wants,personal care,personal_care,18.01,biweekly,39.08
189,3697.66,wants,gifts,gifts,89.29,monthly,89.29
189,3697.66,wants,other,other,64.17,one time,64.17
190,9271.43,needs,groceries,groceries,1111.05,monthly,1111.05
190,9271.43,needs,rent/mortgage,rent_mortgage,496.13,weekly,2148.24
190,9271.43,needs,utilities,utilities,174.48,biweekly,378.62
190,9271.43,needs,gas/transport,gas_transport,221.56,biweekly,480.79
190,9271.43,needs,insurance,insurance,338.7,monthly,338.7
190,9271.43,needs,bills,bills,293.06,monthly,293.06
190,9271.43,needs,healthcare,healthcare,276.94,monthly,276.94
190,9271.43,needs,childcare,childcare,104.89,weekly,454.17
190,9271.43,needs,other,other,100.76,biweekly,218.65
190,9271.43,wants,dining out,dining_out,595.1,monthly,595.1
190,9271.43,wants,entertainment,entertainment,130.95,weekly,567.01
190,9271.43,wants,shopping,shopping,788.19,monthly,788.19
190,9271.43,wants,subscriptions,subscriptions,280.69,monthly,280.69
190,9271.43,wants,hobbies,hobbies,212.86,biweekly,461.91
190,9271.43,wants,travel,travel,382.54,monthly,382.54
190,9271.43,wants,gifts,gifts,178.76,monthly,178.76
190,9271.43,wants,other,other,211.15,monthly,211.15
191,8096.87,needs,groceries,groceries,350.37,biweekly,760.3
191,8096.87,needs,rent/mortgage,rent_mortgage,2459.85,monthly,2459.85
191,8096.87,needs,utilities,utilities,496.55,monthly,496.55
191,8096.87,needs,gas/transport,gas_transport,574.64,monthly,574.64
191,8096.87,needs,insurance,insurance,417.95,one time,417.95
191,8096.87,needs,bills,bills,376.9,monthly,376.9
191,8096.87,needs,healthcare,healthcare,171.1,monthly,171.1
191,8096.87,needs,other,other,149.49,monthly,149.49
191,8096.87,wants,entertainment,entertainment,155.88,monthly,155.88
191,8096.87,wants,shopping,shopping,197.92,weekly,856.99
191,8096.87,wants,subscriptions,subscriptions,53.36,biweekly,115.79
191,8096.87,wants,hobbies,hobbies,239.97,monthly,239.97
191,8096.87,wants,travel,travel,173.01,monthly,173.01
191,8096.87,wants,personal care,personal_care,213.63,monthly,213.63
191,8096.87,wants,gifts,gifts,111.15,monthly,111.15
192,9518.0,needs,groceries,groceries,207.63,weekly,899.04
192,9518.0,needs,rent/mortgage,rent_mortgage,3255.64,monthly,3255.64
192,9518.0,needs,utilities,utilities,499.15,monthly,499.15
192,9518.0,needs,gas/transport,gas_transport,705.0,one time,705.0
192,9518.0,needs,insurance,insurance,107.75,weekly,466.56
192,9518.0,needs,bills,bills,327.38,one time,327.38
192,9518.0,needs,healthcare,healthcare,335.0,one time,335.0
192,9518.0,needs,childcare,childcare,436.82,monthly,436.82
192,9518.0,needs,other,other,241.94,one time,241.94
192,9518.0,wants,entertainment,entertainment,467.9,monthly,467.9
192,9518.0,wants,shopping,shopping,296.94,monthly,296.94
192,9518.0,wants,subscriptions,subscriptions,102.05,biweekly,221.45
192,9518.0,wants,travel,travel,21.88,weekly,94.74
192,9518.0,wants,personal care,personal_care,67.55,weekly,292.49
192,9518.0,wants,gifts,gifts,227.38,monthly,227.38
192,9518.0,wants,other,other,47.33,weekly,204.94
193,5131.56,needs,groceries,groceries,116.33,weekly,503.71
193,5131.56,needs,rent/mortgage,rent_mortgage,859.13,biweekly,1864.31
193,5131.56,needs,utilities,utilities,182.95,monthly,182.95
193,5131.56,needs,gas/transport,gas_transport,120.74,biweekly,262.01
193,5131.56,needs,insurance,insurance,57.38,weekly,248.46
193,5131.56,needs,bills,bills,176.89,one time,176.89
193,5131.56,needs,healthcare,healthcare,156.54,monthly,156.54
193,5131.56,needs,other,other,29.55,weekly,127.95
193,5131.56,wants,dining out,dining_out,341.09,monthly,341.09
193,5131.56,wants,shopping,shopping,197.12,biweekly,427.75
193,5131.56,wants,subscriptions,subscriptions,97.4,monthly,97.4
193,5131.56,wants,hobbies,hobbies,193.17,one time,193.17
193,5131.56,wants,travel,travel,263.79,one time,263.79
193,5131.56,wants,personal care,personal_care,46.73,biweekly,101.4
193,5131.56,wants,gifts,gifts,37.78,weekly,163.59
194,4507.11,needs,groceries,groceries,110.22,weekly,477.25
194,4507.11,needs,rent/mortgage,rent_mortgage,1614.38,one time,1614.38
194,4507.11,needs,utilities,utilities,79.08,biweekly,171.6
194,4507.11,needs,gas/transport,gas_transport,222.9,one time,222.9
194,4507.11,needs,insurance,insurance,225.12,one time,225.12
194,4507.11,needs,bills,bills,174.43,monthly,174.43
194,4507.11,needs,healthcare,healthcare,69.54,biweekly,150.9
194,4507.11,needs,other,other,24.05,weekly,104.14
194,4507.11,wants,dining out,dining_out,353.25,monthly,353.25
194,4507.11,wants,entertainment,entertainment,275.48,monthly,275.48
194,4507.11,wants,shopping,shopping,109.2,weekly,472.84
194,4507.11,wants,subscriptions,subscriptions,119.09,monthly,119.09
194,4507.11,wants,hobbies,hobbies,95.1,one time,95.1
194,4507.11,wants,travel,travel,20.05,weekly,86.82
194,4507.11,wants,personal care,personal_care,134.36,monthly,134.36
194,4507.11,wants,gifts,gifts,26.85,weekly,116.26
195,2893.48,needs,groceries,groceries,224.99,monthly,224.99
195,2893.48,needs,rent/mortgage,rent_mortgage,595.2,monthly,595.2
195,2893.48,needs,utilities,utilities,111.49,monthly,111.49
195,2893.48,needs,gas/transport,gas_transport,48.97,weekly,212.04
195,2893.48,needs,insurance,insurance,78.35,biweekly,170.02
195,2893.48,needs,bills,bills,136.82,monthly,136.82
195,2893.48,needs,healthcare,healthcare,99.27,monthly,99.27
195,2893.48,needs,other,other,15.34,weekly,66.42
195,2893.48,wants,dining out,dining_out,100.06,monthly,100.06
195,2893.48,wants,shopping,shopping,201.18,monthly,201.18
195,2893.48,wants,subscriptions,subscriptions,36.08,monthly,36.08
195,2893.48,wants,travel,travel,39.67,biweekly,86.08
195,2893.48,wants,personal care,personal_care,62.69,biweekly,136.04
195,2893.48,wants,other,other,85.18,monthly,85.18
196,2810.08,needs,groceries,groceries,350.49,monthly,350.49
196,2810.08,needs,rent/mortgage,rent_mortgage,612.3,one time,612.3
196,2810.08,needs,utilities,utilities,153.86,monthly,153.86
196,2810.08,needs,gas/transport,gas_transport,137.83,monthly,137.83
196,2810.08,needs,insurance,insurance,68.65,biweekly,148.97
196,2810.08,needs,bills,bills,140.07,monthly,140.07
196,2810.08,needs,healthcare,healthcare,107.79,monthly,107.79
196,2810.08,needs,childcare,childcare,144.67,monthly,144.67
196,2810.08,needs,other,other,27.35,biweekly,59.35
196,2810.08,wants,dining out,dining_out,209.67,monthly,209.67
196,2810.08,wants,shopping,shopping,284.37,monthly,284.37
196,2810.08,wants,hobbies,hobbies,102.33,monthly,102.33
196,2810.08,wants,travel,travel,141.8,monthly,141.8
196,2810.08,wants,personal care,personal_care,11.7,weekly,50.66
196,2810.08,wants,gifts,gifts,34.96,biweekly,75.86
196,2810.08,wants,other,other,11.38,weekly,49.28
197,6221.87,needs,groceries,groceries,632.77,monthly,632.77
197,6221.87,needs,rent/mortgage,rent_mortgage,448.96,weekly,1944.0
197,6221.87,needs,utilities,utilities,387.63,monthly,387.63
197,6221.87,needs,gas/transport,gas_transport,476.51,monthly,476.51
197,6221.87,needs,insurance,insurance,271.5,monthly,271.5
197,6221.87,needs,bills,bills,310.88,monthly,310.88
197,6221.87,needs,healthcare,healthcare,215.38,monthly,215.38
197,6221.87,wants,dining out,dining_out,532.52,monthly,532.52
197,6221.87,wants,entertainment,entertainment,45.65,weekly,197.66
197,6221.87,wants,subscriptions,subscriptions,107.28,monthly,107.28
197,6221.87,wants,personal care,personal_care,124.47,biweekly,270.1
197,6221.87,wants,gifts,gifts,88.57,monthly,88.57
197,6221.87,wants,other,other,49.86,weekly,215.89
198,3043.5,needs,groceries,groceries,76.47,weekly,331.12
198,3043.5,needs,rent/mortgage,rent_mortgage,457.27,biweekly,992.28
198,3043.5,needs,utilities,utilities,166.91,monthly,166.91
198,3043.5,needs,gas/transport,gas_transport,52.43,weekly,227.02
198,3043.5,needs,insurance,insurance,128.77,one time,128.77
198,3043.5,needs,bills,bills,94.27,monthly,94.27
198,3043.5,needs,healthcare,healthcare,47.8,biweekly,103.73
198,3043.5,wants,dining out,dining_out,149.17,monthly,149.17
198,3043.5,wants,entertainment,entertainment,18.08,biweekly,39.23
198,3043.5,wants,shopping,shopping,47.72,weekly,206.63
198,3043.5,wants,hobbies,hobbies,71.95,monthly,71.95
198,3043.5,wants,travel,travel,117.02,monthly,117.02
198,3043.5,wants,personal care,personal_care,33.02,one time,33.02
198,3043.5,wants,other,other,55.97,one time,55.97
199,3028.45,needs,groceries,groceries,156.12,biweekly,338.78
199,3028.45,needs,rent/mortgage,rent_mortgage,322.85,biweekly,700.58
199,3028.45,needs,utilities,utilities,152.18,monthly,152.18
199,3028.45,needs,gas/transport,gas_transport,61.73,biweekly,133.95
199,3028.45,needs,insurance,insurance,118.18,monthly,118.18
199,3028.45,needs,bills,bills,116.68,monthly,116.68
199,3028.45,needs,healthcare,healthcare,40.54,biweekly,87.97
199,3028.45,needs,other,other,12.07,weekly,52.26
199,3028.45,wants,entertainment,entertainment,165.0,monthly,165.0
199,3028.45,wants,shopping,shopping,94.96,monthly,94.96
199,3028.45,wants,subscriptions,subscriptions,91.89,monthly,91.89
199,3028.45,wants,hobbies,hobbies,32.51,monthly,32.51
199,3028.45,wants,travel,travel,67.46,biweekly,146.39
199,3028.45,wants,personal care,personal_care,30.41,biweekly,65.99
199,3028.45,wants,gifts,gifts,85.15,monthly,85.15
199,3028.45,wants,other,other,38.5,biweekly,83.55
200,4265.14,needs,groceries,groceries,472.0,monthly,472.0
200,4265.14,needs,rent/mortgage,rent_mortgage,524.51,biweekly,1138.19
200,4265.14,needs,utilities,utilities,164.3,monthly,164.3
200,4265.14,needs,gas/transport,gas_transport,269.13,monthly,269.13
200,4265.14,needs,insurance,insurance,153.1,monthly,153.1
200,4265.14,needs,bills,bills,165.53,monthly,165.53
200,4265.14,needs,healthcare,healthcare,63.35,biweekly,137.47
200,4265.14,wants,entertainment,entertainment,90.35,monthly,90.35
200,4265.14,wants,shopping,shopping,99.14,biweekly,215.13
200,4265.14,wants,subscriptions,subscriptions,130.13,one time,130.13
200,4265.14,wants,hobbies,hobbies,77.15,monthly,77.15
200,4265.14,wants,travel,travel,160.64,monthly,160.64
200,4265.14,wants,personal care,personal_care,222.71,monthly,222.71
200,4265.14,wants,other,other,71.1,one time,71.1
201,7454.12,needs,groceries,groceries,716.4,monthly,716.4
201,7454.12,needs,rent/mortgage,rent_mortgage,1615.07,one time,1615.07
201,7454.12,needs,utilities,utilities,109.64,weekly,474.74
201,7454.12,needs,gas/transport,gas_transport,169.44,biweekly,367.68
201,7454.12,needs,insurance,insurance,468.37,monthly,468.37
201,7454.12,needs,bills,bills,176.2,biweekly,382.35
201,7454.12,needs,healthcare,healthcare,212.19,monthly,212.19
201,7454.12,needs,childcare,childcare,146.7,biweekly,318.34
201,7454.12,wants,dining out,dining_out,436.36,monthly,436.36
201,7454.12,wants,entertainment,entertainment,410.37,monthly,410.37
201,7454.12,wants,hobbies,hobbies,68.21,weekly,295.35
201,7454.12,wants,travel,travel,45.37,biweekly,98.45
201,7454.12,wants,personal care,personal_care,144.74,monthly,144.74
201,7454.12,wants,gifts,gifts,55.06,one time,55.06
201,7454.12,wants,other,other,98.97,monthly,98.97
202,4072.09,needs,groceries,groceries,425.72,one time,425.72
202,4072.09,needs,rent/mortgage,rent_mortgage,266.11,weekly,1152.26
202,4072.09,needs,utilities,utilities,42.8,weekly,185.32
202,4072.09,needs,gas/transport,gas_transport,314.62,monthly,314.62
202,4072.09,needs,insurance,insurance,86.61,biweekly,187.94
202,4072.09,needs,bills,bills,133.26,monthly,133.26
202,4072.09,needs,healthcare,healthcare,43.06,biweekly,93.44
202,4072.09,wants,dining out,dining_out,32.79,biweekly,71.15
202,4072.09,wants,entertainment,entertainment,105.11,biweekly,228.09
202,4072.09,wants,shopping,shopping,232.14,monthly,232.14
202,4072.09,wants,hobbies,hobbies,73.1,biweekly,158.63
202,4072.09,wants,travel,travel,35.39,weekly,153.24
202,4072.09,wants,personal care,personal_care,218.85,monthly,218.85
202,4072.09,wants,gifts,gifts,50.24,monthly,50.24
202,4072.09,wants,other,other,79.38,monthly,79.38
203,9091.7,needs,groceries,groceries,872.23,monthly,872.23
203,9091.7,needs,rent/mortgage,rent_mortgage,1441.98,biweekly,3129.1
203,9091.7,needs,utilities,utilities,247.74,biweekly,537.6
203,9091.7,needs,gas/transport,gas_transport,559.8,monthly,559.8
203,9091.7,needs,insurance,insurance,508.96,monthly,508.96
203,9091.7,needs,bills,bills,136.05,biweekly,295.23
203,9091.7,needs,healthcare,healthcare,262.11,monthly,262.11
203,9091.7,needs,other,other,74.09,biweekly,160.78
203,9091.7,wants,dining out,dining_out,578.4,monthly,578.4
203,9091.7,wants,entertainment,entertainment,199.9,monthly,199.9
203,9091.7,wants,shopping,shopping,496.24,monthly,496.24
203,9091.7,wants,subscriptions,subscriptions,143.81,monthly,143.81
203,9091.7,wants,hobbies,hobbies,127.14,biweekly,275.89
203,9091.7,wants,travel,travel,331.14,monthly,331.14
203,9091.7,wants,personal care,personal_care,264.24,monthly,264.24
203,9091.7,wants,gifts,gifts,57.47,biweekly,124.71
204,8466.42,needs,groceries,groceries,762.8,monthly,762.8
204,8466.42,needs,rent/mortgage,rent_mortgage,979.07,biweekly,2124.58
204,8466.42,needs,utilities,utilities,92.1,weekly,398.79
204,8466.42,needs,gas/transport,gas_transport,415.32,monthly,415.32
204,8466.42,needs,insurance,insurance,123.67,weekly,535.49
204,8466.42,needs,bills,bills,91.93,weekly,398.06
204,8466.42,needs,healthcare,healthcare,41.45,weekly,179.48
204,8466.42,wants,dining out,dining_out,501.1,monthly,501.1
204,8466.42,wants,entertainment,entertainment,511.96,monthly,511.96
204,8466.42,wants,shopping,shopping,151.57,weekly,656.3
204,8466.42,wants,subscriptions,subscriptions,90.89,biweekly,197.23
204,8466.42,wants,travel,travel,145.75,biweekly,316.28
204,8466.42,wants,gifts,gifts,175.42,monthly,175.42
205,4460.81,needs,groceries,groceries,231.1,biweekly,501.49
205,4460.81,needs,rent/mortgage,rent_mortgage,914.21,monthly,914.21
205,4460.81,needs,utilities,utilities,251.45,monthly,251.45
205,4460.81,needs,gas/transport,gas_transport,253.79,one time,253.79
205,4460.81,needs,insurance,insurance,250.72,one time,250.72
205,4460.81,needs,bills,bills,228.07,monthly,228.07
205,4460.81,needs,healthcare,healthcare,113.32,one time,113.32
205,4460.81,needs,childcare,childcare,160.0,monthly,160.0
205,4460.81,needs,other,other,25.42,weekly,110.07
205,4460.81,wants,dining out,dining_out,92.41,biweekly,200.53
205,4460.81,wants,entertainment,entertainment,145.65,biweekly,316.06
205,4460.81,wants,shopping,shopping,54.28,weekly,235.03
205,4460.81,wants,hobbies,hobbies,24.71,biweekly,53.62
205,4460.81,wants,travel,travel,168.06,monthly,168.06
205,4460.81,wants,personal care,personal_care,168.45,one time,168.45
205,4460.81,wants,gifts,gifts,156.32,one time,156.32
206,1911.09,needs,groceries,groceries,163.06,monthly,163.06
206,1911.09,needs,rent/mortgage,rent_mortgage,436.5,monthly,436.5
206,1911.09,needs,utilities,utilities,81.4,monthly,81.4
206,1911.09,needs,gas/transport,gas_transport,100.34,monthly,100.34
206,1911.09,needs,insurance,insurance,106.16,monthly,106.16
206,1911.09,needs,bills,bills,29.94,biweekly,64.97
206,1911.09,needs,healthcare,healthcare,69.9,monthly,69.9
206,1911.09,wants,dining out,dining_out,25.54,weekly,110.59
206,1911.09,wants,entertainment,entertainment,45.31,biweekly,98.32
206,1911.09,wants,shopping,shopping,142.3,monthly,142.3
206,1911.09,wants,subscriptions,subscriptions,60.33,monthly,60.33
206,1911.09,wants,hobbies,hobbies,71.03,one time,71.03
206,1911.09,wants,travel,travel,40.94,biweekly,88.84
206,1911.09,wants,personal care,personal_care,44.75,biweekly,97.11
206,1911.09,wants,gifts,gifts,68.52,monthly,68.52
206,1911.09,wants,other,other,20.9,biweekly,45.35
207,6515.43,needs,groceries,groceries,536.01,monthly,536.01
207,6515.43,needs,rent/mortgage,rent_mortgage,1717.28,one time,1717.28
207,6515.43,needs,utilities,utilities,86.25,weekly,373.46
207,6515.43,needs,gas/transport,gas_transport,231.01,biweekly,501.29
207,6515.43,needs,insurance,insurance,324.03,monthly,324.03
207,6515.43,needs,bills,bills,47.59,weekly,206.06
207,6515.43,needs,healthcare,healthcare,198.83,monthly,198.83
207,6515.43,needs,childcare,childcare,131.22,biweekly,284.75
207,6515.43,wants,dining out,dining_out,68.44,weekly,296.35
207,6515.43,wants,shopping,shopping,181.88,biweekly,394.68
207,6515.43,wants,subscriptions,subscriptions,160.36,monthly,160.36
207,6515.43,wants,travel,travel,151.44,one time,151.44
207,6515.43,wants,personal care,personal_care,71.76,one time,71.76
207,6515.43,wants,other,other,83.91,biweekly,182.08
208,2831.24,needs,groceries,groceries,270.91,monthly,270.91
208,2831.24,needs,rent/mortgage,rent_mortgage,420.38,biweekly,912.22
208,2831.24,needs,utilities,utilities,182.19,monthly,182.19
208,2831.24,needs,gas/transport,gas_transport,174.95,monthly,174.95
208,2831.24,needs,insurance,insurance,127.9,one time,127.9
208,2831.24,needs,bills,bills,135.2,monthly,135.2
208,2831.24,needs,healthcare,healthcare,110.33,monthly,110.33
208,2831.24,needs,childcare,childcare,82.25,monthly,82.25
208,2831.24,needs,other,other,54.7,monthly,54.7
208,2831.24,wants,entertainment,entertainment,103.83,monthly,103.83
208,2831.24,wants,hobbies,hobbies,140.7,one time,140.7
208,2831.24,wants,travel,travel,13.04,biweekly,28.3
208,2831.24,wants,personal care,personal_care,67.0,monthly,67.0
208,2831.24,wants,gifts,gifts,44.63,biweekly,96.85
208,2831.24,wants,other,other,23.69,biweekly,51.41
209,6575.89,needs,groceries,groceries,745.98,monthly,745.98
209,6575.89,needs,rent/mortgage,rent_mortgage,1297.39,one time,1297.39
209,6575.89,needs,utilities,utilities,188.19,biweekly,408.37
209,6575.89,needs,gas/transport,gas_transport,493.39,one time,493.39
209,6575.89,needs,insurance,insurance,338.63,monthly,338.63
209,6575.89,needs,bills,bills,275.51,monthly,275.51
209,6575.89,needs,healthcare,healthcare,115.84,biweekly,251.37
209,6575.89,needs,childcare,childcare,45.56,weekly,197.27
209,6575.89,needs,other,other,29.53,weekly,127.86
209,6575.89,wants,subscriptions,subscriptions,35.24,biweekly,76.47
209,6575.89,wants,hobbies,hobbies,331.14,monthly,331.14
209,6575.89,wants,travel,travel,139.86,monthly,139.86
209,6575.89,wants,personal care,personal_care,153.78,monthly,153.78
209,6575.89,wants,gifts,gifts,48.26,biweekly,104.72
209,6575.89,wants,other,other,154.21,monthly,154.21
210,8825.05,needs,groceries,groceries,738.06,monthly,738.06
210,8825.05,needs,rent/mortgage,rent_mortgage,459.95,weekly,1991.58
210,8825.05,needs,utilities,utilities,96.54,weekly,418.02
210,8825.05,needs,gas/transport,gas_transport,476.87,one time,476.87
210,8825.05,needs,insurance,insurance,396.49,monthly,396.49
210,8825.05,needs,bills,bills,116.27,biweekly,252.31
210,8825.05,needs,healthcare,healthcare,107.7,biweekly,233.71
210,8825.05,needs,childcare,childcare,120.2,biweekly,260.83
210,8825.05,needs,other,other,127.02,monthly,127.02
210,8825.05,wants,shopping,shopping,356.75,biweekly,774.15
210,8825.05,wants,hobbies,hobbies,382.81,monthly,382.81
210,8825.05,wants,travel,travel,89.17,weekly,386.11
210,8825.05,wants,gifts,gifts,15.47,weekly,66.99
210,8825.05,wants,other,other,127.56,monthly,127.56
211,12332.87,needs,groceries,groceries,1550.79,monthly,1550.79
211,12332.87,needs,rent/mortgage,rent_mortgage,3757.28,monthly,3757.28
211,12332.87,needs,utilities,utilities,277.76,biweekly,602.74
211,12332.87,needs,gas/transport,gas_transport,849.5,monthly,849.5
211,12332.87,needs,insurance,insurance,472.84,monthly,472.84
211,12332.87,needs,bills,bills,255.13,biweekly,553.63
211,12332.87,needs,healthcare,healthcare,136.7,biweekly,296.64
211,12332.87,needs,childcare,childcare,411.61,monthly,411.61
211,12332.87,needs,other,other,135.47,biweekly,293.97
211,12332.87,wants,entertainment,entertainment,774.64,monthly,774.64
211,12332.87,wants,shopping,shopping,167.65,weekly,725.92
211,12332.87,wants,subscriptions,subscriptions,205.2,monthly,205.2
211,12332.87,wants,hobbies,hobbies,55.98,weekly,242.39
211,12332.87,wants,travel,travel,58.96,biweekly,127.94
211,12332.87,wants,personal care,personal_care,226.5,biweekly,491.5
211,12332.87,wants,gifts,gifts,134.64,biweekly,292.17
211,12332.87,wants,other,other,276.82,monthly,276.82
212,4976.25,needs,groceries,groceries,189.68,biweekly,411.61
212,4976.25,needs,rent/mortgage,rent_mortgage,1215.72,monthly,1215.72
212,4976.25,needs,utilities,utilities,115.98,biweekly,251.68
212,4976.25,needs,gas/transport,gas_transport,255.17,monthly,255.17
212,4976.25,needs,insurance,insurance,106.8,biweekly,231.76
212,4976.25,needs,bills,bills,235.05,monthly,235.05
212,4976.25,needs,healthcare,healthcare,193.43,monthly,193.43
212,4976.25,needs,other,other,103.76,one time,103.76
212,4976.25,wants,dining out,dining_out,82.65,monthly,82.65
212,4976.25,wants,entertainment,entertainment,173.83,monthly,173.83
212,4976.25,wants,shopping,shopping,122.17,biweekly,265.11
212,4976.25,wants,subscriptions,subscriptions,161.34,monthly,161.34
212,4976.25,wants,travel,travel,85.61,monthly,85.61
212,4976.25,wants,personal care,personal_care,80.64,monthly,80.64
212,4976.25,wants,other,other,124.14,monthly,124.14
213,9837.83,needs,groceries,groceries,760.24,monthly,760.24
213,9837.83,needs,rent/mortgage,rent_mortgage,3350.81,monthly,3350.81
213,9837.83,needs,utilities,utilities,379.01,one time,379.01
213,9837.83,needs,gas/transport,gas_transport,335.04,biweekly,727.04
213,9837.83,needs,insurance,insurance,473.0,monthly,473.0
213,9837.83,needs,bills,bills,99.02,weekly,428.76
213,9837.83,needs,healthcare,healthcare,356.11,monthly,356.11
213,9837.83,needs,other,other,66.13,biweekly,143.5
213,9837.83,wants,dining out,dining_out,516.19,monthly,516.19
213,9837.83,wants,subscriptions,subscriptions,68.31,weekly,295.78
213,9837.83,wants,hobbies,hobbies,294.37,monthly,294.37
213,9837.83,wants,travel,travel,110.57,monthly,110.57
213,9837.83,wants,personal care,personal_care,147.92,monthly,147.92
213,9837.83,wants,other,other,90.07,monthly,90.07
214,5545.82,needs,groceries,groceries,587.82,monthly,587.82
214,5545.82,needs,rent/mortgage,rent_mortgage,1491.35,one time,1491.35
214,5545.82,needs,utilities,utilities,62.1,weekly,268.89
214,5545.82,needs,gas/transport,gas_transport,424.94,monthly,424.94
214,5545.82,needs,insurance,insurance,71.55,weekly,309.81
214,5545.82,needs,bills,bills,39.31,weekly,170.21
214,5545.82,needs,healthcare,healthcare,133.16,monthly,133.16
214,5545.82,needs,childcare,childcare,275.28,monthly,275.28
214,5545.82,wants,dining out,dining_out,202.31,biweekly,439.01
214,5545.82,wants,entertainment,entertainment,312.29,monthly,312.29
214,5545.82,wants,shopping,shopping,84.22,weekly,364.67
214,5545.82,wants,travel,travel,76.33,monthly,76.33
214,5545.82,wants,personal care,personal_care,58.24,weekly,252.18
214,5545.82,wants,gifts,gifts,14.95,weekly,64.73
214,5545.82,wants,other,other,154.87,monthly,154.87
215,5019.18,needs,groceries,groceries,635.59,monthly,635.59
215,5019.18,needs,rent/mortgage,rent_mortgage,1364.16,monthly,1364.16
215,5019.18,needs,utilities,utilities,70.59,weekly,305.65
215,5019.18,needs,gas/transport,gas_transport,74.68,weekly,323.36
215,5019.18,needs,insurance,insurance,52.15,weekly,225.81
215,5019.18,needs,bills,bills,166.58,monthly,166.58
215,5019.18,needs,healthcare,healthcare,32.41,weekly,140.34
215,5019.18,wants,dining out,dining_out,168.79,biweekly,366.27
215,5019.18,wants,entertainment,entertainment,78.78,monthly,78.78
215,5019.18,wants,shopping,shopping,379.64,monthly,379.64
215,5019.18,wants,subscriptions,subscriptions,24.03,weekly,104.05
215,5019.18,wants,hobbies,hobbies,60.62,weekly,262.48
215,5019.18,wants,other,other,15.49,weekly,67.07
216,4079.21,needs,groceries,groceries,102.2,weekly,442.53
216,4079.21,needs,rent/mortgage,rent_mortgage,531.28,biweekly,1152.88
216,4079.21,needs,utilities,utilities,238.58,monthly,238.58
216,4079.21,needs,gas/transport,gas_transport,94.88,biweekly,205.89
216,4079.21,needs,insurance,insurance,38.0,weekly,164.54
216,4079.21,needs,bills,bills,27.58,weekly,119.42
216,4079.21,needs,healthcare,healthcare,24.48,weekly,106.0
216,4079.21,needs,other,other,63.17,monthly,63.17
216,4079.21,wants,entertainment,entertainment,211.58,monthly,211.58
216,4079.21,wants,shopping,shopping,118.3,monthly,118.3
216,4079.21,wants,subscriptions,subscriptions,122.46,monthly,122.46
216,4079.21,wants,travel,travel,121.17,monthly,121.17
216,4079.21,wants,personal care,personal_care,38.2,monthly,38.2
216,4079.21,wants,gifts,gifts,49.95,biweekly,108.39
216,4079.21,wants,other,other,29.29,weekly,126.83
217,1825.66,needs,groceries,groceries,41.72,weekly,180.65
217,1825.66,needs,rent/mortgage,rent_mortgage,267.34,biweekly,580.13
217,1825.66,needs,utilities,utilities,94.71,monthly,94.71
217,1825.66,needs,gas/transport,gas_transport,90.07,one time,90.07
217,1825.66,needs,insurance,insurance,100.56,monthly,100.56
217,1825.66,needs,bills,bills,79.19,monthly,79.19
217,1825.66,needs,healthcare,healthcare,46.48,one time,46.48
217,1825.66,needs,other,other,36.4,monthly,36.4
217,1825.66,wants,dining out,dining_out,150.61,monthly,150.61
217,1825.66,wants,shopping,shopping,17.77,biweekly,38.56
217,1825.66,wants,subscriptions,subscriptions,49.39,monthly,49.39
217,1825.66,wants,hobbies,hobbies,97.91,monthly,97.91
217,1825.66,wants,travel,travel,7.53,weekly,32.6
217,1825.66,wants,personal care,personal_care,21.87,biweekly,47.46
217,1825.66,wants,gifts,gifts,2.59,weekly,11.21
217,1825.66,wants,other,other,2.74,weekly,11.86
218,3661.02,needs,groceries,groceries,383.5,one time,383.5
218,3661.02,needs,rent/mortgage,rent_mortgage,881.18,monthly,881.18
218,3661.02,needs,utilities,utilities,214.45,monthly,214.45
218,3661.02,needs,gas/transport,gas_transport,89.07,biweekly,193.28
218,3661.02,needs,insurance,insurance,49.37,weekly,213.77
218,3661.02,needs,bills,bills,125.39,monthly,125.39
218,3661.02,needs,healthcare,healthcare,21.99,weekly,95.22
218,3661.02,needs,other,other,12.92,weekly,55.94
218,3661.02,wants,entertainment,entertainment,184.6,monthly,184.6
218,3661.02,wants,shopping,shopping,270.99,monthly,270.99
218,3661.02,wants,subscriptions,subscriptions,48.72,biweekly,105.72
218,3661.02,wants,hobbies,hobbies,93.86,one time,93.86
218,3661.02,wants,travel,travel,55.32,biweekly,120.04
218,3661.02,wants,personal care,personal_care,45.73,monthly,45.73
218,3661.02,wants,gifts,gifts,26.09,monthly,26.09
218,3661.02,wants,other,other,15.11,weekly,65.43
219,9348.46,needs,groceries,groceries,814.98,one time,814.98
219,9348.46,needs,rent/mortgage,rent_mortgage,2911.44,monthly,2911.44
219,9348.46,needs,utilities,utilities,411.86,one time,411.86
219,9348.46,needs,gas/transport,gas_transport,698.42,monthly,698.42
219,9348.46,needs,insurance,insurance,604.6,monthly,604.6
219,9348.46,needs,bills,bills,301.66,monthly,301.66
219,9348.46,needs,healthcare,healthcare,108.34,biweekly,235.1
219,9348.46,needs,childcare,childcare,92.73,weekly,401.52
219,9348.46,wants,entertainment,entertainment,178.4,biweekly,387.13
219,9348.46,wants,shopping,shopping,375.35,monthly,375.35
219,9348.46,wants,subscriptions,subscriptions,163.51,monthly,163.51
219,9348.46,wants,hobbies,hobbies,346.73,monthly,346.73
219,9348.46,wants,travel,travel,282.82,monthly,282.82
219,9348.46,wants,personal care,personal_care,119.64,biweekly,259.62
219,9348.46,wants,other,other,295.38,monthly,295.38
220,5990.43,needs,groceries,groceries,547.81,monthly,547.81
220,5990.43,needs,rent/mortgage,rent_mortgage,1513.58,monthly,1513.58
220,5990.43,needs,utilities,utilities,148.99,biweekly,323.31
220,5990.43,needs,gas/transport,gas_transport,411.23,monthly,411.23
220,5990.43,needs,insurance,insurance,240.3,monthly,240.3
220,5990.43,needs,bills,bills,183.07,monthly,183.07
220,5990.43,needs,healthcare,healthcare,30.73,weekly,133.06
220,5990.43,needs,childcare,childcare,216.25,monthly,216.25
220,5990.43,needs,other,other,121.88,one time,121.88
220,5990.43,wants,dining out,dining_out,144.6,monthly,144.6
220,5990.43,wants,shopping,shopping,501.84,monthly,501.84
220,5990.43,wants,subscriptions,subscriptions,49.0,weekly,212.17
220,5990.43,wants,hobbies,hobbies,142.53,monthly,142.53
220,5990.43,wants,travel,travel,140.04,monthly,140.04
220,5990.43,wants,personal care,personal_care,80.58,monthly,80.58
220,5990.43,wants,gifts,gifts,66.57,monthly,66.57
220,5990.43,wants,other,other,168.52,monthly,168.52
221,2628.47,needs,groceries,groceries,276.24,monthly,276.24
221,2628.47,needs,rent/mortgage,rent_mortgage,188.9,weekly,817.94
221,2628.47,needs,utilities,utilities,24.16,weekly,104.61
221,2628.47,needs,gas/transport,gas_transport,38.77,weekly,167.87
221,2628.47,needs,insurance,insurance,114.88,monthly,114.88
221,2628.47,needs,bills,bills,120.98,monthly,120.98
221,2628.47,needs,healthcare,healthcare,79.48,monthly,79.48
221,2628.47,needs,childcare,childcare,30.13,weekly,130.46
221,2628.47,needs,other,other,45.77,monthly,45.77
221,2628.47,wants,dining out,dining_out,40.55,monthly,40.55
221,2628.47,wants,shopping,shopping,72.88,monthly,72.88
221,2628.47,wants,travel,travel,46.15,biweekly,100.15
221,2628.47,wants,personal care,personal_care,32.23,weekly,139.56
221,2628.47,wants,gifts,gifts,10.99,weekly,47.59
221,2628.47,wants,other,other,70.26,monthly,70.26
222,3698.93,needs,groceries,groceries,66.19,weekly,286.6
222,3698.93,needs,rent/mortgage,rent_mortgage,233.03,weekly,1009.02
222,3698.93,needs,utilities,utilities,234.82,one time,234.82
222,3698.93,needs,gas/transport,gas_transport,276.95,monthly,276.95
222,3698.93,needs,insurance,insurance,36.9,weekly,159.78
222,3698.93,needs,bills,bills,114.56,one time,114.56
222,3698.93,needs,healthcare,healthcare,45.41,biweekly,98.54
222,3698.93,needs,childcare,childcare,153.26,monthly,153.26
222,3698.93,wants,entertainment,entertainment,240.28,monthly,240.28
222,3698.93,wants,shopping,shopping,79.1,weekly,342.5
222,3698.93,wants,hobbies,hobbies,18.83,weekly,81.53
222,3698.93,wants,travel,travel,89.96,biweekly,195.21
222,3698.93,wants,gifts,gifts,103.73,monthly,103.73
223,3750.45,needs,groceries,groceries,404.24,one time,404.24
223,3750.45,needs,rent/mortgage,rent_mortgage,834.7,one time,834.7
223,3750.45,needs,utilities,utilities,166.5,one time,166.5
223,3750.45,needs,gas/transport,gas_transport,132.79,biweekly,288.15
223,3750.45,needs,insurance,insurance,34.45,weekly,149.17
223,3750.45,needs,bills,bills,144.71,monthly,144.71
223,3750.45,needs,healthcare,healthcare,109.02,monthly,109.02
223,3750.45,wants,dining out,dining_out,111.92,one time,111.92
223,3750.45,wants,entertainment,entertainment,89.25,biweekly,193.67
223,3750.45,wants,shopping,shopping,140.94,biweekly,305.84
223,3750.45,wants,subscriptions,subscriptions,124.88,monthly,124.88
223,3750.45,wants,hobbies,hobbies,70.06,biweekly,152.03
223,3750.45,wants,travel,travel,179.45,monthly,179.45
223,3750.45,wants,personal care,personal_care,41.85,biweekly,90.81
223,3750.45,wants,gifts,gifts,28.33,monthly,28.33
224,2291.38,needs,groceries,groceries,277.87,monthly,277.87
224,2291.38,needs,rent/mortgage,rent_mortgage,326.39,biweekly,708.27
224,2291.38,needs,utilities,utilities,55.91,biweekly,121.32
224,2291.38,needs,gas/transport,gas_transport,175.97,monthly,175.97
224,2291.38,needs,insurance,insurance,62.25,biweekly,135.08
224,2291.38,needs,bills,bills,71.72,monthly,71.72
224,2291.38,needs,healthcare,healthcare,65.95,monthly,65.95
224,2291.38,needs,other,other,11.64,weekly,50.4
224,2291.38,wants,dining out,dining_out,136.37,monthly,136.37
224,2291.38,wants,entertainment,entertainment,130.95,one time,130.95
224,2291.38,wants,shopping,shopping,20.67,weekly,89.5
224,2291.38,wants,subscriptions,subscriptions,6.66,weekly,28.84
224,2291.38,wants,hobbies,hobbies,38.08,one time,38.08
224,2291.38,wants,travel,travel,26.38,weekly,114.23
224,2291.38,wants,personal care,personal_care,39.28,biweekly,85.24
224,2291.38,wants,gifts,gifts,13.51,weekly,58.5
224,2291.38,wants,other,other,81.38,one time,81.38
225,3476.07,needs,groceries,groceries,291.76,one time,291.76
225,3476.07,needs,rent/mortgage,rent_mortgage,218.93,weekly,947.97
225,3476.07,needs,utilities,utilities,30.0,weekly,129.9
225,3476.07,needs,gas/transport,gas_transport,191.95,monthly,191.95
225,3476.07,needs,insurance,insurance,95.5,biweekly,207.23
225,3476.07,needs,bills,bills,35.61,weekly,154.19
225,3476.07,needs,healthcare,healthcare,26.6,weekly,115.18
225,3476.07,wants,dining out,dining_out,67.01,monthly,67.01
225,3476.07,wants,entertainment,entertainment,50.8,weekly,219.96
225,3476.07,wants,shopping,shopping,82.89,biweekly,179.87
225,3476.07,wants,subscriptions,subscriptions,101.6,monthly,101.6
225,3476.07,wants,hobbies,hobbies,28.1,weekly,121.67
225,3476.07,wants,travel,travel,62.23,monthly,62.23
225,3476.07,wants,personal care,personal_care,96.38,one time,96.38
226,4022.97,needs,groceries,groceries,83.17,weekly,360.13
226,4022.97,needs,rent/mortgage,rent_mortgage,386.09,biweekly,837.82
226,4022.97,needs,utilities,utilities,171.85,monthly,171.85
226,4022.97,needs,gas/transport,gas_transport,101.82,biweekly,220.95
226,4022.97,needs,insurance,insurance,160.46,monthly,160.46
226,4022.97,needs,bills,bills,144.78,monthly,144.78
226,4022.97,needs,healthcare,healthcare,66.2,biweekly,143.65
226,4022.97,needs,childcare,childcare,42.57,weekly,184.33
226,4022.97,wants,entertainment,entertainment,207.45,monthly,207.45
226,4022.97,wants,shopping,shopping,327.31,one time,327.31
226,4022.97,wants,hobbies,hobbies,92.08,monthly,92.08
226,4022.97,wants,personal care,personal_care,204.87,monthly,204.87
226,4022.97,wants,gifts,gifts,112.74,monthly,112.74
226,4022.97,wants,other,other,112.72,monthly,112.72
227,4993.26,needs,groceries,groceries,625.63,monthly,625.63
227,4993.26,needs,rent/mortgage,rent_mortgage,1177.71,monthly,1177.71
227,4993.26,needs,utilities,utilities,304.51,monthly,304.51
227,4993.26,needs,gas/transport,gas_transport,138.26,biweekly,300.02
227,4993.26,needs,insurance,insurance,304.84,one time,304.84
227,4993.26,needs,bills,bills,258.82,monthly,258.82
227,4993.26,needs,healthcare,healthcare,44.06,weekly,190.78
227,4993.26,needs,other,other,17.69,weekly,76.6
227,4993.26,wants,dining out,dining_out,187.57,biweekly,407.03
227,4993.26,wants,entertainment,entertainment,59.08,weekly,255.82
227,4993.26,wants,subscriptions,subscriptions,75.98,monthly,75.98
227,4993.26,wants,hobbies,hobbies,98.28,biweekly,213.27
227,4993.26,wants,travel,travel,71.9,one time,71.9
227,4993.26,wants,personal care,personal_care,26.84,weekly,116.22
227,4993.26,wants,other,other,163.45,monthly,163.45
228,2106.33,needs,groceries,groceries,268.01,monthly,268.01
228,2106.33,needs,rent/mortgage,rent_mortgage,351.37,biweekly,762.47
228,2106.33,needs,utilities,utilities,31.57,weekly,136.7
228,2106.33,needs,gas/transport,gas_transport,100.75,monthly,100.75
228,2106.33,needs,insurance,insurance,57.75,biweekly,125.32
228,2106.33,needs,bills,bills,75.88,one time,75.88
228,2106.33,needs,healthcare,healthcare,18.0,weekly,77.94
228,2106.33,wants,dining out,dining_out,21.51,biweekly,46.68
228,2106.33,wants,shopping,shopping,141.64,monthly,141.64
229,3315.96,needs,groceries,groceries,321.2,monthly,321.2
229,3315.96,needs,rent/mortgage,rent_mortgage,795.77,monthly,795.77
229,3315.96,needs,utilities,utilities,36.56,weekly,158.3
229,3315.96,needs,gas/transport,gas_transport,46.86,weekly,202.9
229,3315.96,needs,insurance,insurance,178.96,monthly,178.96
229,3315.96,needs,bills,bills,22.62,weekly,97.94
229,3315.96,needs,healthcare,healthcare,47.88,biweekly,103.9
229,3315.96,needs,childcare,childcare,109.53,monthly,109.53
229,3315.96,wants,entertainment,entertainment,138.39,monthly,138.39
229,3315.96,wants,subscriptions,subscriptions,30.29,monthly,30.29
229,3315.96,wants,gifts,gifts,20.09,monthly,20.09
229,3315.96,wants,other,other,39.72,monthly,39.72
230,3940.06,needs,groceries,groceries,383.42,monthly,383.42
230,3940.06,needs,rent/mortgage,rent_mortgage,803.58,monthly,803.58
230,3940.06,needs,utilities,utilities,253.24,monthly,253.24
230,3940.06,needs,gas/transport,gas_transport,60.52,weekly,262.05
230,3940.06,needs,insurance,insurance,208.44,monthly,208.44
230,3940.06,needs,bills,bills,181.72,one time,181.72
230,3940.06,needs,healthcare,healthcare,26.71,weekly,115.65
230,3940.06,needs,other,other,13.58,weekly,58.8
230,3940.06,wants,dining out,dining_out,74.47,weekly,322.46
230,3940.06,wants,entertainment,entertainment,38.04,weekly,164.71
230,3940.06,wants,shopping,shopping,231.9,monthly,231.9
230,3940.06,wants,subscriptions,subscriptions,60.89,biweekly,132.13
230,3940.06,wants,travel,travel,151.82,monthly,151.82
230,3940.06,wants,gifts,gifts,20.01,weekly,86.64
230,3940.06,wants,other,other,45.93,biweekly,99.67
231,2006.68,needs,groceries,groceries,167.54,monthly,167.54
231,2006.68,needs,rent/mortgage,rent_mortgage,432.72,monthly,432.72
231,2006.68,needs,utilities,utilities,20.97,weekly,90.8
231,2006.68,needs,gas/transport,gas_transport,69.78,biweekly,151.42
231,2006.68,needs,insurance,insurance,34.71,biweekly,75.32
231,2006.68,needs,bills,bills,36.02,biweekly,78.16
231,2006.68,needs,healthcare,healthcare,12.07,weekly,52.26
231,2006.68,needs,childcare,childcare,57.66,one time,57.66
231,2006.68,needs,other,other,37.79,monthly,37.79
231,2006.68,wants,dining out,dining_out,15.57,weekly,67.42
231,2006.68,wants,shopping,shopping,41.91,weekly,181.47
231,2006.68,wants,subscriptions,subscriptions,66.65,monthly,66.65
231,2006.68,wants,hobbies,hobbies,75.63,monthly,75.63
231,2006.68,wants,travel,travel,30.72,monthly,30.72
231,2006.68,wants,personal care,personal_care,45.66,monthly,45.66
232,2063.54,needs,groceries,groceries,175.61,one time,175.61
232,2063.54,needs,rent/mortgage,rent_mortgage,483.46,monthly,483.46
232,2063.54,needs,utilities,utilities,98.25,monthly,98.25
232,2063.54,needs,gas/transport,gas_transport,97.09,monthly,97.09
232,2063.54,needs,insurance,insurance,23.37,weekly,101.19
232,2063.54,needs,bills,bills,95.8,monthly,95.8
232,2063.54,needs,healthcare,healthcare,64.09,monthly,64.09
232,2063.54,needs,other,other,8.73,weekly,37.8
232,2063.54,wants,dining out,dining_out,34.16,weekly,147.91
232,2063.54,wants,entertainment,entertainment,64.87,biweekly,140.77
232,2063.54,wants,shopping,shopping,48.86,weekly,211.56
232,2063.54,wants,subscriptions,subscriptions,37.96,monthly,37.96
232,2063.54,wants,hobbies,hobbies,23.04,weekly,99.76
232,2063.54,wants,travel,travel,104.66,monthly,104.66
232,2063.54,wants,personal care,personal_care,86.35,one time,86.35
232,2063.54,wants,gifts,gifts,59.57,monthly,59.57
233,8716.55,needs,groceries,groceries,614.94,monthly,614.94
233,8716.55,needs,rent/mortgage,rent_mortgage,654.64,weekly,2834.59
233,8716.55,needs,utilities,utilities,434.39,one time,434.39
233,8716.55,needs,gas/transport,gas_transport,311.46,biweekly,675.87
233,8716.55,needs,insurance,insurance,382.23,monthly,382.23
233,8716.55,needs,bills,bills,77.8,weekly,336.87
233,8716.55,needs,healthcare,healthcare,267.37,monthly,267.37
233,8716.55,needs,childcare,childcare,121.61,biweekly,263.89
233,8716.55,needs,other,other,51.99,weekly,225.12
233,8716.55,wants,dining out,dining_out,184.24,monthly,184.24
233,8716.55,wants,entertainment,entertainment,182.49,monthly,182.49
233,8716.55,wants,shopping,shopping,392.73,one time,392.73
233,8716.55,wants,subscriptions,subscriptions,54.09,weekly,234.21
233,8716.55,wants,hobbies,hobbies,51.0,biweekly,110.67
233,8716.55,wants,travel,travel,275.39,monthly,275.39
233,8716.55,wants,other,other,58.98,weekly,255.38
234,4448.26,needs,groceries,groceries,512.81,monthly,512.81
234,4448.26,needs,rent/mortgage,rent_mortgage,448.13,biweekly,972.44
234,4448.26,needs,utilities,utilities,112.3,biweekly,243.69
234,4448.26,needs,gas/transport,gas_transport,64.09,weekly,277.51
234,4448.26,needs,insurance,insurance,101.44,biweekly,220.12
234,4448.26,needs,bills,bills,86.95,biweekly,188.68
234,4448.26,needs,healthcare,healthcare,98.2,monthly,98.2
234,4448.26,needs,childcare,childcare,152.39,one time,152.39
234,4448.26,needs,other,other,67.67,monthly,67.67
234,4448.26,wants,dining out,dining_out,83.09,weekly,359.78
234,4448.26,wants,entertainment,entertainment,91.47,monthly,91.47
234,4448.26,wants,shopping,shopping,193.62,monthly,193.62
234,4448.26,wants,subscriptions,subscriptions,42.87,one time,42.87
234,4448.26,wants,hobbies,hobbies,11.98,weekly,51.87
234,4448.26,wants,travel,travel,97.77,monthly,97.77
234,4448.26,wants,gifts,gifts,74.37,monthly,74.37
234,4448.26,wants,other,other,94.76,monthly,94.76
235,5189.35,needs,groceries,groceries,642.71,monthly,642.71
235,5189.35,needs,rent/mortgage,rent_mortgage,1035.92,monthly,1035.92
235,5189.35,needs,utilities,utilities,322.29,monthly,322.29
235,5189.35,needs,gas/transport,gas_transport,117.47,biweekly,254.91
235,5189.35,needs,insurance,insurance,236.75,monthly,236.75
235,5189.35,needs,bills,bills,230.32,monthly,230.32
235,5189.35,needs,healthcare,healthcare,92.08,biweekly,199.81
235,5189.35,needs,childcare,childcare,186.48,monthly,186.48
235,5189.35,wants,dining out,dining_out,339.29,monthly,339.29
235,5189.35,wants,shopping,shopping,144.42,monthly,144.42
235,5189.35,wants,subscriptions,subscriptions,174.39,monthly,174.39
235,5189.35,wants,travel,travel,160.85,monthly,160.85
235,5189.35,wants,personal care,personal_care,182.86,monthly,182.86
235,5189.35,wants,other,other,58.62,one time,58.62
236,2745.93,needs,groceries,groceries,154.22,biweekly,334.66
236,2745.93,needs,rent/mortgage,rent_mortgage,740.14,one time,740.14
236,2745.93,needs,utilities,utilities,53.57,biweekly,116.25
236,2745.93,needs,gas/transport,gas_transport,45.27,weekly,196.02
236,2745.93,needs,insurance,insurance,151.28,monthly,151.28
236,2745.93,needs,bills,bills,104.86,monthly,104.86
236,2745.93,needs,healthcare,healthcare,77.9,one time,77.9
236,2745.93,needs,other,other,13.22,weekly,57.24
236,2745.93,wants,dining out,dining_out,32.43,biweekly,70.37
236,2745.93,wants,shopping,shopping,253.81,monthly,253.81
236,2745.93,wants,subscriptions,subscriptions,36.97,biweekly,80.22
236,2745.93,wants,hobbies,hobbies,10.11,weekly,43.78
236,2745.93,wants,travel,travel,101.93,monthly,101.93
236,2745.93,wants,gifts,gifts,29.63,biweekly,64.3
236,2745.93,wants,other,other,8.78,biweekly,19.05
237,1847.34,needs,groceries,groceries,170.37,monthly,170.37
237,1847.34,needs,rent/mortgage,rent_mortgage,470.02,monthly,470.02
237,1847.34,needs,utilities,utilities,17.57,weekly,76.08
237,1847.34,needs,gas/transport,gas_transport,139.63,monthly,139.63
237,1847.34,needs,insurance,insurance,23.19,weekly,100.41
237,1847.34,needs,bills,bills,53.07,monthly,53.07
237,1847.34,needs,healthcare,healthcare,65.59,monthly,65.59
237,1847.34,needs,childcare,childcare,19.28,weekly,83.48
237,1847.34,needs,other,other,10.49,weekly,45.42
237,1847.34,wants,dining out,dining_out,57.06,monthly,57.06
237,1847.34,wants,entertainment,entertainment,54.83,monthly,54.83
237,1847.34,wants,subscriptions,subscriptions,37.32,monthly,37.32
237,1847.34,wants,hobbies,hobbies,81.35,monthly,81.35
237,1847.34,wants,travel,travel,82.66,monthly,82.66
237,1847.34,wants,personal care,personal_care,40.09,monthly,40.09
237,1847.34,wants,gifts,gifts,7.51,weekly,32.52
237,1847.34,wants,other,other,18.61,monthly,18.61
238,5920.56,needs,groceries,groceries,653.01,monthly,653.01
238,5920.56,needs,rent/mortgage,rent_mortgage,1523.48,monthly,1523.48
238,5920.56,needs,utilities,utilities,289.39,monthly,289.39
238,5920.56,needs,gas/transport,gas_transport,437.5,one time,437.5
238,5920.56,needs,insurance,insurance,62.28,weekly,269.67
238,5920.56,needs,bills,bills,95.4,biweekly,207.02
238,5920.56,needs,healthcare,healthcare,126.54,monthly,126.54
238,5920.56,needs,other,other,100.95,monthly,100.95
238,5920.56,wants,dining out,dining_out,201.28,one time,201.28
238,5920.56,wants,entertainment,entertainment,285.27,monthly,285.27
238,5920.56,wants,shopping,shopping,63.95,biweekly,138.77
238,5920.56,wants,subscriptions,subscriptions,210.69,monthly,210.69
238,5920.56,wants,hobbies,hobbies,251.29,monthly,251.29
238,5920.56,wants,travel,travel,91.47,one time,91.47
238,5920.56,wants,personal care,personal_care,139.73,biweekly,303.21
238,5920.56,wants,gifts,gifts,88.21,monthly,88.21
238,5920.56,wants,other,other,45.61,monthly,45.61
239,2325.23,needs,groceries,groceries,267.33,one time,267.33
239,2325.23,needs,rent/mortgage,rent_mortgage,759.27,monthly,759.27
239,2325.23,needs,utilities,utilities,29.65,weekly,128.38
239,2325.23,needs,gas/transport,gas_transport,175.88,monthly,175.88
239,2325.23,needs,insurance,insurance,100.04,monthly,100.04
239,2325.23,needs,bills,bills,96.18,monthly,96.18
239,2325.23,needs,healthcare,healthcare,77.53,monthly,77.53
239,2325.23,needs,other,other,49.06,monthly,49.06
239,2325.23,wants,dining out,dining_out,80.67,one time,80.67
239,2325.23,wants,entertainment,entertainment,57.78,biweekly,125.38
239,2325.23,wants,shopping,shopping,115.94,monthly,115.94
239,2325.23,wants,subscriptions,subscriptions,22.04,monthly,22.04
239,2325.23,wants,personal care,personal_care,23.53,biweekly,51.06
239,2325.23,wants,gifts,gifts,11.05,biweekly,23.98
239,2325.23,wants,other,other,23.21,monthly,23.21
240,5804.47,needs,groceries,groceries,106.82,weekly,462.53
240,5804.47,needs,rent/mortgage,rent_mortgage,618.05,biweekly,1341.17
240,5804.47,needs,utilities,utilities,362.35,monthly,362.35
240,5804.47,needs,gas/transport,gas_transport,265.18,monthly,265.18
240,5804.47,needs,insurance,insurance,159.08,biweekly,345.2
240,5804.47,needs,bills,bills,269.3,monthly,269.3
240,5804.47,needs,healthcare,healthcare,58.12,biweekly,126.12
240,5804.47,needs,other,other,88.18,monthly,88.18
240,5804.47,wants,dining out,dining_out,306.76,one time,306.76
240,5804.47,wants,entertainment,entertainment,191.62,one time,191.62
240,5804.47,wants,shopping,shopping,121.21,weekly,524.84
240,5804.47,wants,subscriptions,subscriptions,19.09,biweekly,41.43
240,5804.47,wants,hobbies,hobbies,50.46,weekly,218.49
240,5804.47,wants,personal care,personal_care,87.37,biweekly,189.59
240,5804.47,wants,other,other,191.53,monthly,191.53
241,6730.24,needs,groceries,groceries,723.48,monthly,723.48
241,6730.24,needs,rent/mortgage,rent_mortgage,1618.75,one time,1618.75
241,6730.24,needs,utilities,utilities,65.09,weekly,281.84
241,6730.24,needs,gas/transport,gas_transport,495.94,monthly,495.94
241,6730.24,needs,insurance,insurance,181.83,biweekly,394.57
241,6730.24,needs,bills,bills,272.44,monthly,272.44
241,6730.24,needs,healthcare,healthcare,88.48,biweekly,192.0
241,6730.24,needs,other,other,122.06,monthly,122.06
241,6730.24,wants,shopping,shopping,221.17,monthly,221.17
241,6730.24,wants,subscriptions,subscriptions,166.9,one time,166.9
241,6730.24,wants,hobbies,hobbies,81.7,biweekly,177.29
241,6730.24,wants,travel,travel,81.32,biweekly,176.46
241,6730.24,wants,personal care,personal_care,126.16,monthly,126.16
241,6730.24,wants,gifts,gifts,112.36,monthly,112.36
241,6730.24,wants,other,other,112.28,monthly,112.28
242,4389.09,needs,groceries,groceries,453.69,monthly,453.69
242,4389.09,needs,rent/mortgage,rent_mortgage,311.96,weekly,1350.79
242,4389.09,needs,utilities,utilities,201.2,monthly,201.2
242,4389.09,needs,gas/transport,gas_transport,217.46,monthly,217.46
242,4389.09,needs,insurance,insurance,98.05,biweekly,212.77
242,4389.09,needs,bills,bills,146.88,one time,146.88
242,4389.09,needs,healthcare,healthcare,140.54,one time,140.54
242,4389.09,needs,childcare,childcare,151.88,monthly,151.88
242,4389.09,wants,dining out,dining_out,165.91,biweekly,360.02
242,4389.09,wants,entertainment,entertainment,172.19,one time,172.19
242,4389.09,wants,shopping,shopping,152.71,biweekly,331.38
242,4389.09,wants,travel,travel,9.97,weekly,43.17
242,4389.09,wants,personal care,personal_care,17.01,weekly,73.65
242,4389.09,wants,gifts,gifts,37.58,monthly,37.58
242,4389.09,wants,other,other,43.84,biweekly,95.13
243,13471.7,needs,groceries,groceries,1141.3,one time,1141.3
243,13471.7,needs,rent/mortgage,rent_mortgage,975.52,weekly,4224.0
243,13471.7,needs,utilities,utilities,783.69,monthly,783.69
243,13471.7,needs,gas/transport,gas_transport,307.61,biweekly,667.51
243,13471.7,needs,insurance,insurance,799.15,one time,799.15
243,13471.7,needs,bills,bills,153.85,weekly,666.17
243,13471.7,needs,healthcare,healthcare,395.56,monthly,395.56
243,13471.7,needs,other,other,289.0,monthly,289.0
243,13471.7,wants,entertainment,entertainment,140.16,weekly,606.89
243,13471.7,wants,shopping,shopping,594.34,biweekly,1289.72
243,13471.7,wants,subscriptions,subscriptions,107.92,monthly,107.92
243,13471.7,wants,travel,travel,290.79,one time,290.79
243,13471.7,wants,personal care,personal_care,34.59,weekly,149.77
243,13471.7,wants,gifts,gifts,280.33,monthly,280.33
243,13471.7,wants,other,other,276.68,monthly,276.68
244,5898.99,needs,groceries,groceries,414.66,monthly,414.66
244,5898.99,needs,rent/mortgage,rent_mortgage,1902.5,monthly,1902.5
244,5898.99,needs,utilities,utilities,49.44,weekly,214.08
244,5898.99,needs,gas/transport,gas_transport,440.74,monthly,440.74
244,5898.99,needs,insurance,insurance,250.37,monthly,250.37
244,5898.99,needs,bills,bills,206.41,monthly,206.41
244,5898.99,needs,healthcare,healthcare,39.53,weekly,171.16
244,5898.99,needs,childcare,childcare,179.95,one time,179.95
244,5898.99,wants,dining out,dining_out,48.8,biweekly,105.9
244,5898.99,wants,entertainment,entertainment,301.31,monthly,301.31
244,5898.99,wants,shopping,shopping,136.5,weekly,591.04
244,5898.99,wants,subscriptions,subscriptions,195.85,monthly,195.85
244,5898.99,wants,hobbies,hobbies,35.93,weekly,155.58
244,5898.99,wants,travel,travel,213.63,monthly,213.63
244,5898.99,wants,personal care,personal_care,129.15,monthly,129.15
244,5898.99,wants,gifts,gifts,93.58,biweekly,203.07
244,5898.99,wants,other,other,80.77,monthly,80.77
245,5357.57,needs,groceries,groceries,136.5,weekly,591.04
245,5357.57,needs,rent/mortgage,rent_mortgage,717.7,biweekly,1557.41
245,5357.57,needs,utilities,utilities,75.41,weekly,326.53
245,5357.57,needs,gas/transport,gas_transport,386.25,monthly,386.25
245,5357.57,needs,insurance,insurance,238.09,monthly,238.09
245,5357.57,needs,bills,bills,73.6,biweekly,159.71
245,5357.57,needs,healthcare,healthcare,27.2,weekly,117.78
245,5357.57,needs,childcare,childcare,208.87,monthly,208.87
245,5357.57,needs,other,other,31.42,weekly,136.05
245,5357.57,wants,dining out,dining_out,342.8,monthly,342.8
245,5357.57,wants,entertainment,entertainment,166.2,monthly,166.2
245,5357.57,wants,subscriptions,subscriptions,76.95,monthly,76.95
245,5357.57,wants,hobbies,hobbies,152.17,monthly,152.17
245,5357.57,wants,travel,travel,192.3,one time,192.3
245,5357.57,wants,personal care,personal_care,110.58,monthly,110.58
245,5357.57,wants,gifts,gifts,120.0,monthly,120.0
246,2128.27,needs,groceries,groceries,174.63,monthly,174.63
246,2128.27,needs,rent/mortgage,rent_mortgage,324.34,biweekly,703.82
246,2128.27,needs,utilities,utilities,45.31,biweekly,98.32
246,2128.27,needs,gas/transport,gas_transport,103.06,monthly,103.06
246,2128.27,needs,insurance,insurance,27.48,weekly,118.99
246,2128.27,needs,bills,bills,45.28,biweekly,98.26
246,2128.27,needs,healthcare,healthcare,74.32,one time,74.32
246,2128.27,needs,other,other,48.32,monthly,48.32
246,2128.27,wants,entertainment,entertainment,88.92,monthly,88.92
246,2128.27,wants,shopping,shopping,130.97,monthly,130.97
246,2128.27,wants,hobbies,hobbies,4.53,weekly,19.61
246,2128.27,wants,travel,travel,37.94,biweekly,82.33
246,2128.27,wants,personal care,personal_care,75.37,monthly,75.37
246,2128.27,wants,other,other,34.5,monthly,34.5
247,2080.33,needs,groceries,groceries,112.23,biweekly,243.54
247,2080.33,needs,rent/mortgage,rent_mortgage,713.71,monthly,713.71
247,2080.33,needs,utilities,utilities,23.89,weekly,103.44
247,2080.33,needs,gas/transport,gas_transport,27.22,weekly,117.86
247,2080.33,needs,insurance,insurance,116.36,monthly,116.36
247,2080.33,needs,bills,bills,68.34,one time,68.34
247,2080.33,needs,healthcare,healthcare,46.43,one time,46.43
247,2080.33,needs,other,other,37.57,monthly,37.57
247,2080.33,wants,dining out,dining_out,37.62,biweekly,81.64
247,2080.33,wants,entertainment,entertainment,23.54,weekly,101.93
247,2080.33,wants,shopping,shopping,55.55,biweekly,120.54
247,2080.33,wants,subscriptions,subscriptions,33.51,biweekly,72.72
247,2080.33,wants,hobbies,hobbies,58.62,monthly,58.62
247,2080.33,wants,travel,travel,24.91,biweekly,54.05
247,2080.33,wants,personal care,personal_care,41.89,monthly,41.89
247,2080.33,wants,gifts,gifts,28.3,biweekly,61.41
248,7952.8,needs,groceries,groceries,704.08,one time,704.08
248,7952.8,needs,rent/mortgage,rent_mortgage,420.77,weekly,1821.93
248,7952.8,needs,utilities,utilities,137.34,biweekly,298.03
248,7952.8,needs,gas/transport,gas_transport,570.48,one time,570.48
248,7952.8,needs,insurance,insurance,335.22,one time,335.22
248,7952.8,needs,bills,bills,310.18,monthly,310.18
248,7952.8,needs,healthcare,healthcare,178.37,monthly,178.37
248,7952.8,needs,other,other,140.07,monthly,140.07
248,7952.8,wants,dining out,dining_out,322.21,biweekly,699.2
248,7952.8,wants,entertainment,entertainment,153.62,monthly,153.62
248,7952.8,wants,shopping,shopping,661.66,monthly,661.66
248,7952.8,wants,subscriptions,subscriptions,164.39,monthly,164.39
248,7952.8,wants,gifts,gifts,167.75,monthly,167.75
248,7952.8,wants,other,other,50.08,weekly,216.85
249,3449.49,needs,groceries,groceries,124.28,biweekly,269.69
249,3449.49,needs,rent/mortgage,rent_mortgage,233.27,weekly,1010.06
249,3449.49,needs,utilities,utilities,93.84,biweekly,203.63
249,3449.49,needs,gas/transport,gas_transport,246.36,monthly,246.36
249,3449.49,needs,insurance,insurance,70.61,biweekly,153.22
249,3449.49,needs,bills,bills,22.58,weekly,97.77
249,3449.49,needs,healthcare,healthcare,36.9,biweekly,80.07
249,3449.49,needs,other,other,60.28,monthly,60.28
249,3449.49,wants,dining out,dining_out,290.53,monthly,290.53
249,3449.49,wants,entertainment,entertainment,205.95,monthly,205.95
249,3449.49,wants,shopping,shopping,269.09,monthly,269.09
249,3449.49,wants,subscriptions,subscriptions,87.95,monthly,87.95
249,3449.49,wants,travel,travel,53.51,biweekly,116.12
249,3449.49,wants,personal care,personal_care,169.5,monthly,169.5
249,3449.49,wants,gifts,gifts,52.79,monthly,52.79
249,3449.49,wants,other,other,53.44,biweekly,115.96
250,17518.35,needs,groceries,groceries,1646.2,monthly,1646.2
250,17518.35,needs,rent/mortgage,rent_mortgage,4828.13,monthly,4828.13
250,17518.35,needs,utilities,utilities,823.82,monthly,823.82
250,17518.35,needs,gas/transport,gas_transport,1349.19,monthly,1349.19
250,17518.35,needs,insurance,insurance,798.55,monthly,798.55
250,17518.35,needs,bills,bills,772.72,one time,772.72
250,17518.35,needs,healthcare,healthcare,635.87,monthly,635.87
250,17518.35,wants,dining out,dining_out,505.9,monthly,505.9
250,17518.35,wants,shopping,shopping,1162.44,monthly,1162.44
250,17518.35,wants,hobbies,hobbies,542.09,monthly,542.09
250,17518.35,wants,travel,travel,741.34,monthly,741.34
250,17518.35,wants,other,other,295.26,monthly,295.26
251,6680.67,needs,groceries,groceries,799.09,monthly,799.09
251,6680.67,needs,rent/mortgage,rent_mortgage,478.52,weekly,2071.99
251,6680.67,needs,utilities,utilities,73.99,weekly,320.38
251,6680.67,needs,gas/transport,gas_transport,288.93,monthly,288.93
251,6680.67,needs,insurance,insurance,329.82,monthly,329.82
251,6680.67,needs,bills,bills,325.08,monthly,325.08
251,6680.67,needs,healthcare,healthcare,210.54,monthly,210.54
251,6680.67,needs,childcare,childcare,201.12,monthly,201.12
251,6680.67,wants,dining out,dining_out,45.12,weekly,195.37
251,6680.67,wants,entertainment,entertainment,177.1,monthly,177.1
251,6680.67,wants,subscriptions,subscriptions,46.33,weekly,200.61
251,6680.67,wants,hobbies,hobbies,180.52,monthly,180.52
251,6680.67,wants,travel,travel,163.28,monthly,163.28
251,6680.67,wants,personal care,personal_care,269.52,monthly,269.52
251,6680.67,wants,gifts,gifts,61.0,monthly,61.0
252,5872.81,needs,groceries,groceries,245.7,biweekly,533.17
252,5872.81,needs,rent/mortgage,rent_mortgage,1667.36,monthly,1667.36
252,5872.81,needs,utilities,utilities,370.71,one time,370.71
252,5872.81,needs,gas/transport,gas_transport,432.64,monthly,432.64
252,5872.81,needs,insurance,insurance,135.45,biweekly,293.93
252,5872.81,needs,bills,bills,176.98,monthly,176.98
252,5872.81,needs,healthcare,healthcare,160.23,monthly,160.23
252,5872.81,needs,other,other,150.82,monthly,150.82
252,5872.81,wants,dining out,dining_out,102.53,weekly,443.95
252,5872.81,wants,entertainment,entertainment,90.19,biweekly,195.71
252,5872.81,wants,shopping,shopping,456.83,monthly,456.83
252,5872.81,wants,subscriptions,subscriptions,197.93,monthly,197.93
252,5872.81,wants,hobbies,hobbies,67.38,weekly,291.76
252,5872.81,wants,travel,travel,251.06,one time,251.06
252,5872.81,wants,personal care,personal_care,294.97,monthly,294.97
252,5872.81,wants,gifts,gifts,25.41,weekly,110.03
252,5872.81,wants,other,other,109.39,one time,109.39
253,4786.67,needs,groceries,groceries,589.33,one time,589.33
253,4786.67,needs,rent/mortgage,rent_mortgage,1166.53,monthly,1166.53
253,4786.67,needs,utilities,utilities,134.12,biweekly,291.04
253,4786.67,needs,gas/transport,gas_transport,65.74,weekly,284.65
253,4786.67,needs,insurance,insurance,195.0,monthly,195.0
253,4786.67,needs,bills,bills,50.24,weekly,217.54
253,4786.67,needs,healthcare,healthcare,185.53,monthly,185.53
253,4786.67,needs,childcare,childcare,149.09,one time,149.09
253,4786.67,needs,other,other,95.41,monthly,95.41
253,4786.67,wants,dining out,dining_out,315.8,one time,315.8
253,4786.67,wants,entertainment,entertainment,61.04,weekly,264.3
253,4786.67,wants,hobbies,hobbies,185.33,monthly,185.33
253,4786.67,wants,travel,travel,32.18,biweekly,69.83
253,4786.67,wants,personal care,personal_care,59.28,monthly,59.28
253,4786.67,wants,gifts,gifts,36.52,biweekly,79.25
254,3979.33,needs,groceries,groceries,79.26,weekly,343.2
254,3979.33,needs,rent/mortgage,rent_mortgage,880.56,monthly,880.56
254,3979.33,needs,utilities,utilities,179.46,monthly,179.46
254,3979.33,needs,gas/transport,gas_transport,257.69,monthly,257.69
254,3979.33,needs,insurance,insurance,38.01,weekly,164.58
254,3979.33,needs,bills,bills,114.9,monthly,114.9
254,3979.33,needs,healthcare,healthcare,97.08,monthly,97.08
254,3979.33,wants,dining out,dining_out,344.53,monthly,344.53
254,3979.33,wants,shopping,shopping,84.73,biweekly,183.86
254,3979.33,wants,subscriptions,subscriptions,123.94,monthly,123.94
254,3979.33,wants,hobbies,hobbies,64.4,monthly,64.4
254,3979.33,wants,travel,travel,41.06,biweekly,89.1
254,3979.33,wants,personal care,personal_care,123.17,monthly,123.17
254,3979.33,wants,gifts,gifts,112.89,monthly,112.89
254,3979.33,wants,other,other,31.48,weekly,136.31
255,8558.6,needs,groceries,groceries,242.96,weekly,1052.02
255,8558.6,needs,rent/mortgage,rent_mortgage,2346.99,monthly,2346.99
255,8558.6,needs,utilities,utilities,368.83,monthly,368.83
255,8558.6,needs,gas/transport,gas_transport,602.17,monthly,602.17
255,8558.6,needs,insurance,insurance,532.51,monthly,532.51
255,8558.6,needs,bills,bills,78.31,weekly,339.08
255,8558.6,needs,healthcare,healthcare,47.69,weekly,206.5
255,8558.6,needs,childcare,childcare,289.25,one time,289.25
255,8558.6,needs,other,other,39.27,weekly,170.04
255,8558.6,wants,entertainment,entertainment,278.91,monthly,278.91
255,8558.6,wants,hobbies,hobbies,441.76,monthly,441.76
255,8558.6,wants,travel,travel,433.95,monthly,433.95
255,8558.6,wants,personal care,personal_care,146.25,monthly,146.25
255,8558.6,wants,gifts,gifts,32.0,weekly,138.56
255,8558.6,wants,other,other,59.22,weekly,256.42
256,8428.87,needs,groceries,groceries,313.67,biweekly,680.66
256,8428.87,needs,rent/mortgage,rent_mortgage,2830.59,one time,2830.59
256,8428.87,needs,utilities,utilities,382.44,one time,382.44
256,8428.87,needs,gas/transport,gas_transport,176.87,biweekly,383.81
256,8428.87,needs,insurance,insurance,505.02,monthly,505.02
256,8428.87,needs,bills,bills,286.49,monthly,286.49
256,8428.87,needs,healthcare,healthcare,46.4,weekly,200.91
256,8428.87,needs,childcare,childcare,99.94,weekly,432.74
256,8428.87,wants,entertainment,entertainment,326.94,monthly,326.94
256,8428.87,wants,shopping,shopping,783.05,monthly,783.05
256,8428.87,wants,hobbies,hobbies,403.78,monthly,403.78
256,8428.87,wants,travel,travel,337.07,monthly,337.07
256,8428.87,wants,personal care,personal_care,207.34,monthly,207.34
256,8428.87,wants,gifts,gifts,142.27,monthly,142.27
256,8428.87,wants,other,other,133.88,biweekly,290.52
257,2239.4,needs,groceries,groceries,49.28,weekly,213.38
257,2239.4,needs,rent/mortgage,rent_mortgage,808.75,monthly,808.75
257,2239.4,needs,utilities,utilities,140.6,monthly,140.6
257,2239.4,needs,gas/transport,gas_transport,33.89,weekly,146.74
257,2239.4,needs,insurance,insurance,118.56,monthly,118.56
257,2239.4,needs,bills,bills,46.66,biweekly,101.25
257,2239.4,needs,healthcare,healthcare,54.67,monthly,54.67
257,2239.4,wants,dining out,dining_out,79.23,biweekly,171.93
257,2239.4,wants,entertainment,entertainment,30.86,weekly,133.62
257,2239.4,wants,shopping,shopping,33.09,biweekly,71.81
257,2239.4,wants,subscriptions,subscriptions,13.94,monthly,13.94
257,2239.4,wants,hobbies,hobbies,16.96,biweekly,36.8
257,2239.4,wants,travel,travel,92.49,monthly,92.49
257,2239.4,wants,gifts,gifts,16.25,weekly,70.36
257,2239.4,wants,other,other,10.02,weekly,43.39
258,4212.85,needs,groceries,groceries,446.96,monthly,446.96
258,4212.85,needs,rent/mortgage,rent_mortgage,1208.2,monthly,1208.2
258,4212.85,needs,utilities,utilities,152.44,monthly,152.44
258,4212.85,needs,gas/transport,gas_transport,183.52,monthly,183.52
258,4212.85,needs,insurance,insurance,46.4,weekly,200.91
258,4212.85,needs,bills,bills,30.52,weekly,132.15
258,4212.85,needs,healthcare,healthcare,35.5,weekly,153.72
258,4212.85,needs,other,other,75.7,monthly,75.7
258,4212.85,wants,dining out,dining_out,101.3,monthly,101.3
258,4212.85,wants,entertainment,entertainment,67.95,weekly,294.22
258,4212.85,wants,subscriptions,subscriptions,78.51,monthly,78.51
258,4212.85,wants,travel,travel,25.33,weekly,109.68
258,4212.85,wants,personal care,personal_care,76.02,biweekly,164.96
258,4212.85,wants,gifts,gifts,66.3,biweekly,143.87
258,4212.85,wants,other,other,55.25,biweekly,119.89
259,3198.31,needs,groceries,groceries,318.89,monthly,318.89
259,3198.31,needs,rent/mortgage,rent_mortgage,1157.8,monthly,1157.8
259,3198.31,needs,utilities,utilities,206.87,monthly,206.87
259,3198.31,needs,gas/transport,gas_transport,103.69,biweekly,225.01
259,3198.31,needs,insurance,insurance,36.93,weekly,159.91
259,3198.31,needs,bills,bills,54.94,biweekly,119.22
259,3198.31,needs,healthcare,healthcare,99.77,one time,99.77
259,3198.31,needs,other,other,20.86,biweekly,45.27
259,3198.31,wants,dining out,dining_out,232.47,one time,232.47
259,3198.31,wants,entertainment,entertainment,124.29,monthly,124.29
259,3198.31,wants,subscriptions,subscriptions,20.76,weekly,89.89
259,3198.31,wants,hobbies,hobbies,9.58,weekly,41.48
259,3198.31,wants,personal care,personal_care,34.89,biweekly,75.71
259,3198.31,wants,gifts,gifts,15.07,weekly,65.25
259,3198.31,wants,other,other,88.31,monthly,88.31
260,1984.67,needs,groceries,groceries,188.13,monthly,188.13
260,1984.67,needs,rent/mortgage,rent_mortgage,483.93,one time,483.93
260,1984.67,needs,utilities,utilities,87.74,monthly,87.74
260,1984.67,needs,gas/transport,gas_transport,127.57,monthly,127.57
260,1984.67,needs,insurance,insurance,101.92,monthly,101.92
260,1984.67,needs,bills,bills,78.75,monthly,78.75
260,1984.67,needs,healthcare,healthcare,61.67,monthly,61.67
260,1984.67,wants,dining out,dining_out,23.91,biweekly,51.88
260,1984.67,wants,entertainment,entertainment,95.99,monthly,95.99
260,1984.67,wants,shopping,shopping,19.17,biweekly,41.6
260,1984.67,wants,subscriptions,subscriptions,68.13,monthly,68.13
260,1984.67,wants,hobbies,hobbies,29.75,monthly,29.75
260,1984.67,wants,travel,travel,13.05,weekly,56.51
260,1984.67,wants,personal care,personal_care,10.9,weekly,47.2
260,1984.67,wants,gifts,gifts,39.76,one time,39.76
260,1984.67,wants,other,other,23.49,biweekly,50.97
261,5374.08,needs,groceries,groceries,383.94,one time,383.94
261,5374.08,needs,rent/mortgage,rent_mortgage,1449.04,monthly,1449.04
261,5374.08,needs,utilities,utilities,237.02,monthly,237.02
261,5374.08,needs,gas/transport,gas_transport,69.65,weekly,301.58
261,5374.08,needs,insurance,insurance,298.99,monthly,298.99
261,5374.08,needs,bills,bills,124.58,biweekly,270.34
261,5374.08,needs,healthcare,healthcare,41.26,weekly,178.66
261,5374.08,needs,other,other,49.7,biweekly,107.85
261,5374.08,wants,dining out,dining_out,445.55,monthly,445.55
261,5374.08,wants,entertainment,entertainment,251.28,monthly,251.28
261,5374.08,wants,shopping,shopping,176.62,monthly,176.62
261,5374.08,wants,hobbies,hobbies,229.93,monthly,229.93
261,5374.08,wants,travel,travel,236.53,monthly,236.53
261,5374.08,wants,personal care,personal_care,86.78,monthly,86.78
261,5374.08,wants,gifts,gifts,68.19,biweekly,147.97
261,5374.08,wants,other,other,37.98,weekly,164.45
262,3941.41,needs,groceries,groceries,447.98,monthly,447.98
262,3941.41,needs,rent/mortgage,rent_mortgage,409.96,biweekly,889.61
262,3941.41,needs,utilities,utilities,218.35,monthly,218.35
262,3941.41,needs,gas/transport,gas_transport,92.72,biweekly,201.2
262,3941.41,needs,insurance,insurance,188.84,monthly,188.84
262,3941.41,needs,bills,bills,114.71,monthly,114.71
262,3941.41,needs,healthcare,healthcare,34.79,weekly,150.64
262,3941.41,needs,childcare,childcare,118.58,monthly,118.58
262,3941.41,wants,dining out,dining_out,50.24,biweekly,109.02
262,3941.41,wants,entertainment,entertainment,51.27,weekly,222.0
262,3941.41,wants,shopping,shopping,237.98,one time,237.98
262,3941.41,wants,subscriptions,subscriptions,55.79,monthly,55.79
262,3941.41,wants,hobbies,hobbies,80.67,monthly,80.67
262,3941.41,wants,personal care,personal_care,39.29,weekly,170.13
262,3941.41,wants,gifts,gifts,33.51,one time,33.51
262,3941.41,wants,other,other,28.55,biweekly,61.95
263,2949.54,needs,groceries,groceries,49.61,weekly,214.81
263,2949.54,needs,rent/mortgage,rent_mortgage,195.34,weekly,845.82
263,2949.54,needs,utilities,utilities,124.06,monthly,124.06
263,2949.54,needs,gas/transport,gas_transport,150.17,monthly,150.17
263,2949.54,needs,insurance,insurance,63.68,biweekly,138.19
263,2949.54,needs,bills,bills,101.55,monthly,101.55
263,2949.54,needs,healthcare,healthcare,65.56,monthly,65.56
263,2949.54,needs,childcare,childcare,147.6,monthly,147.6
263,2949.54,needs,other,other,75.61,monthly,75.61
263,2949.54,wants,dining out,dining_out,166.14,monthly,166.14
263,2949.54,wants,entertainment,entertainment,190.54,monthly,190.54
263,2949.54,wants,shopping,shopping,73.47,monthly,73.47
263,2949.54,wants,subscriptions,subscriptions,50.18,monthly,50.18
263,2949.54,wants,hobbies,hobbies,58.46,monthly,58.46
263,2949.54,wants,other,other,24.26,biweekly,52.64
264,2599.85,needs,groceries,groceries,69.7,weekly,301.8
264,2599.85,needs,rent/mortgage,rent_mortgage,587.07,monthly,587.07
264,2599.85,needs,utilities,utilities,94.54,monthly,94.54
264,2599.85,needs,gas/transport,gas_transport,160.6,one time,160.6
264,2599.85,needs,insurance,insurance,128.74,monthly,128.74
264,2599.85,needs,bills,bills,18.43,weekly,79.8
264,2599.85,needs,healthcare,healthcare,38.19,biweekly,82.87
264,2599.85,needs,childcare,childcare,36.36,biweekly,78.9
264,2599.85,needs,other,other,46.39,one time,46.39
264,2599.85,wants,dining out,dining_out,9.63,weekly,41.7
264,2599.85,wants,entertainment,entertainment,30.84,weekly,133.54
264,2599.85,wants,shopping,shopping,65.32,monthly,65.32
264,2599.85,wants,subscriptions,subscriptions,37.48,biweekly,81.33
264,2599.85,wants,hobbies,hobbies,43.77,monthly,43.77
264,2599.85,wants,travel,travel,51.3,one time,51.3
264,2599.85,wants,personal care,personal_care,38.3,biweekly,83.11
264,2599.85,wants,other,other,18.42,biweekly,39.97
265,3428.21,needs,groceries,groceries,263.33,one time,263.33
265,3428.21,needs,rent/mortgage,rent_mortgage,325.19,biweekly,705.66
265,3428.21,needs,utilities,utilities,176.8,monthly,176.8
265,3428.21,needs,gas/transport,gas_transport,47.01,weekly,203.55
265,3428.21,needs,insurance,insurance,139.16,monthly,139.16
265,3428.21,needs,bills,bills,116.93,monthly,116.93
265,3428.21,needs,healthcare,healthcare,86.64,one time,86.64
265,3428.21,needs,childcare,childcare,44.6,biweekly,96.78
265,3428.21,needs,other,other,13.0,weekly,56.29
265,3428.21,wants,dining out,dining_out,37.21,biweekly,80.75
265,3428.21,wants,shopping,shopping,271.9,monthly,271.9
265,3428.21,wants,subscriptions,subscriptions,110.09,monthly,110.09
265,3428.21,wants,hobbies,hobbies,42.59,monthly,42.59
265,3428.21,wants,travel,travel,147.19,monthly,147.19
265,3428.21,wants,personal care,personal_care,55.56,monthly,55.56
265,3428.21,wants,gifts,gifts,111.49,monthly,111.49
266,5128.0,needs,groceries,groceries,582.2,monthly,582.2
266,5128.0,needs,rent/mortgage,rent_mortgage,842.14,biweekly,1827.44
266,5128.0,needs,utilities,utilities,205.24,monthly,205.24
266,5128.0,needs,gas/transport,gas_transport,340.84,monthly,340.84
266,5128.0,needs,insurance,insurance,296.01,monthly,296.01
266,5128.0,needs,bills,bills,205.8,monthly,205.8
266,5128.0,needs,healthcare,healthcare,147.66,one time,147.66
266,5128.0,needs,childcare,childcare,234.9,monthly,234.9
266,5128.0,wants,dining out,dining_out,145.96,monthly,145.96
266,5128.0,wants,shopping,shopping,210.73,monthly,210.73
266,5128.0,wants,subscriptions,subscriptions,150.72,monthly,150.72
266,5128.0,wants,travel,travel,15.12,weekly,65.47
266,5128.0,wants,personal care,personal_care,28.67,weekly,124.14
266,5128.0,wants,other,other,15.02,biweekly,32.59
267,2021.91,needs,groceries,groceries,236.07,monthly,236.07
267,2021.91,needs,rent/mortgage,rent_mortgage,512.71,monthly,512.71
267,2021.91,needs,utilities,utilities,119.01,monthly,119.01
267,2021.91,needs,gas/transport,gas_transport,103.81,monthly,103.81
267,2021.91,needs,insurance,insurance,103.99,monthly,103.99
267,2021.91,needs,bills,bills,80.36,monthly,80.36
267,2021.91,needs,healthcare,healthcare,16.38,weekly,70.93
267,2021.91,needs,other,other,29.51,monthly,29.51
267,2021.91,wants,dining out,dining_out,64.79,monthly,64.79
267,2021.91,wants,entertainment,entertainment,57.33,monthly,57.33
267,2021.91,wants,subscriptions,subscriptions,26.22,monthly,26.22
267,2021.91,wants,hobbies,hobbies,25.86,one time,25.86
267,2021.91,wants,travel,travel,13.75,weekly,59.54
267,2021.91,wants,personal care,personal_care,102.8,monthly,102.8
268,8188.57,needs,groceries,groceries,689.28,monthly,689.28
268,8188.57,needs,rent/mortgage,rent_mortgage,808.04,biweekly,1753.45
268,8188.57,needs,utilities,utilities,302.13,monthly,302.13
268,8188.57,needs,gas/transport,gas_transport,162.25,biweekly,352.08
268,8188.57,needs,insurance,insurance,114.4,weekly,495.35
268,8188.57,needs,bills,bills,56.26,weekly,243.61
268,8188.57,needs,healthcare,healthcare,177.79,monthly,177.79
268,8188.57,needs,other,other,27.93,weekly,120.94
268,8188.57,wants,dining out,dining_out,292.05,biweekly,633.75
268,8188.57,wants,entertainment,entertainment,136.41,monthly,136.41
268,8188.57,wants,subscriptions,subscriptions,181.98,one time,181.98
268,8188.57,wants,hobbies,hobbies,282.53,one time,282.53
268,8188.57,wants,travel,travel,98.05,weekly,424.56
268,8188.57,wants,gifts,gifts,242.08,monthly,242.08
269,8416.66,needs,groceries,groceries,744.66,monthly,744.66
269,8416.66,needs,rent/mortgage,rent_mortgage,2617.89,one time,2617.89
269,8416.66,needs,utilities,utilities,99.66,weekly,431.53
269,8416.66,needs,gas/transport,gas_transport,390.0,monthly,390.0
269,8416.66,needs,insurance,insurance,325.97,one time,325.97
269,8416.66,needs,bills,bills,427.33,monthly,427.33
269,8416.66,needs,healthcare,healthcare,72.62,weekly,314.44
269,8416.66,needs,other,other,164.77,monthly,164.77
269,8416.66,wants,entertainment,entertainment,38.4,weekly,166.27
269,8416.66,wants,shopping,shopping,224.55,monthly,224.55
269,8416.66,wants,travel,travel,201.16,one time,201.16
269,8416.66,wants,personal care,personal_care,200.31,biweekly,434.67
269,8416.66,wants,other,other,50.47,weekly,218.54
270,3977.76,needs,groceries,groceries,506.91,monthly,506.91
270,3977.76,needs,rent/mortgage,rent_mortgage,1116.98,monthly,1116.98
270,3977.76,needs,utilities,utilities,194.17,monthly,194.17
270,3977.76,needs,gas/transport,gas_transport,133.88,biweekly,290.52
270,3977.76,needs,insurance,insurance,146.3,one time,146.3
270,3977.76,needs,bills,bills,39.75,weekly,172.12
270,3977.76,needs,healthcare,healthcare,96.61,monthly,96.61
270,3977.76,needs,other,other,30.85,biweekly,66.94
270,3977.76,wants,dining out,dining_out,351.58,one time,351.58
270,3977.76,wants,entertainment,entertainment,256.9,monthly,256.9
270,3977.76,wants,shopping,shopping,193.12,monthly,193.12
270,3977.76,wants,subscriptions,subscriptions,11.87,biweekly,25.76
270,3977.76,wants,hobbies,hobbies,45.24,weekly,195.89
270,3977.76,wants,travel,travel,107.56,monthly,107.56
270,3977.76,wants,personal care,personal_care,178.98,monthly,178.98
270,3977.76,wants,gifts,gifts,87.56,monthly,87.56
270,3977.76,wants,other,other,12.36,weekly,53.52
271,3638.19,needs,groceries,groceries,428.45,monthly,428.45
271,3638.19,needs,rent/mortgage,rent_mortgage,264.92,weekly,1147.1
271,3638.19,needs,utilities,utilities,43.35,weekly,187.71
271,3638.19,needs,gas/transport,gas_transport,239.45,monthly,239.45
271,3638.19,needs,insurance,insurance,213.46,monthly,213.46
271,3638.19,needs,bills,bills,123.6,one time,123.6
271,3638.19,needs,healthcare,healthcare,61.36,biweekly,133.15
271,3638.19,needs,childcare,childcare,180.01,one time,180.01
271,3638.19,needs,other,other,53.4,monthly,53.4
271,3638.19,wants,dining out,dining_out,56.06,biweekly,121.65
271,3638.19,wants,shopping,shopping,109.1,monthly,109.1
271,3638.19,wants,subscriptions,subscriptions,11.48,weekly,49.71
271,3638.19,wants,hobbies,hobbies,191.93,monthly,191.93
271,3638.19,wants,travel,travel,37.8,weekly,163.67
271,3638.19,wants,personal care,personal_care,177.94,monthly,177.94
271,3638.19,wants,gifts,gifts,52.75,monthly,52.75
271,3638.19,wants,other,other,46.1,biweekly,100.04
272,9773.18,needs,groceries,groceries,370.22,biweekly,803.38
272,9773.18,needs,rent/mortgage,rent_mortgage,3449.1,monthly,3449.1
272,9773.18,needs,utilities,utilities,372.92,monthly,372.92
272,9773.18,needs,gas/transport,gas_transport,723.4,monthly,723.4
272,9773.18,needs,insurance,insurance,632.8,monthly,632.8
272,9773.18,needs,bills,bills,424.13,monthly,424.13
272,9773.18,needs,healthcare,healthcare,80.43,weekly,348.26
272,9773.18,wants,dining out,dining_out,709.73,monthly,709.73
272,9773.18,wants,entertainment,entertainment,644.58,monthly,644.58
272,9773.18,wants,shopping,shopping,284.12,one time,284.12
272,9773.18,wants,subscriptions,subscriptions,46.8,weekly,202.64
272,9773.18,wants,hobbies,hobbies,378.5,monthly,378.5
272,9773.18,wants,travel,travel,474.29,one time,474.29
272,9773.18,wants,gifts,gifts,118.54,monthly,118.54
272,9773.18,wants,other,other,110.57,biweekly,239.94
273,3467.72,needs,groceries,groceries,411.68,monthly,411.68
273,3467.72,needs,rent/mortgage,rent_mortgage,1177.23,monthly,1177.23
273,3467.72,needs,utilities,utilities,154.25,monthly,154.25
273,3467.72,needs,gas/transport,gas_transport,191.66,one time,191.66
273,3467.72,needs,insurance,insurance,29.84,weekly,129.21
273,3467.72,needs,bills,bills,168.39,monthly,168.39
273,3467.72,needs,healthcare,healthcare,108.33,one time,108.33
273,3467.72,needs,childcare,childcare,101.15,one time,101.15
273,3467.72,needs,other,other,71.76,monthly,71.76
273,3467.72,wants,dining out,dining_out,311.48,monthly,311.48
273,3467.72,wants,entertainment,entertainment,70.81,monthly,70.81
273,3467.72,wants,shopping,shopping,165.42,biweekly,358.96
273,3467.72,wants,subscriptions,subscriptions,91.61,one time,91.61
273,3467.72,wants,hobbies,hobbies,36.57,biweekly,79.36
273,3467.72,wants,travel,travel,130.41,one time,130.41
273,3467.72,wants,personal care,personal_care,33.28,monthly,33.28
273,3467.72,wants,gifts,gifts,28.25,biweekly,61.3
273,3467.72,wants,other,other,25.59,weekly,110.8
274,3168.81,needs,groceries,groceries,280.66,monthly,280.66
274,3168.81,needs,rent/mortgage,rent_mortgage,485.43,biweekly,1053.38
274,3168.81,needs,utilities,utilities,43.09,weekly,186.58
274,3168.81,needs,gas/transport,gas_transport,189.11,one time,189.11
274,3168.81,needs,insurance,insurance,170.69,monthly,170.69
274,3168.81,needs,bills,bills,89.41,monthly,89.41
274,3168.81,needs,healthcare,healthcare,110.62,monthly,110.62
274,3168.81,wants,subscriptions,subscriptions,37.17,monthly,37.17
274,3168.81,wants,travel,travel,36.03,one time,36.03
274,3168.81,wants,personal care,personal_care,49.81,biweekly,108.09
274,3168.81,wants,gifts,gifts,94.04,one time,94.04
274,3168.81,wants,other,other,40.58,monthly,40.58
275,10600.78,needs,groceries,groceries,990.82,monthly,990.82
275,10600.78,needs,rent/mortgage,rent_mortgage,787.31,weekly,3409.05
275,10600.78,needs,utilities,utilities,464.96,monthly,464.96
275,10600.78,needs,gas/transport,gas_transport,177.78,weekly,769.79
275,10600.78,needs,insurance,insurance,141.72,weekly,613.65
275,10600.78,needs,bills,bills,232.27,biweekly,504.03
275,10600.78,needs,healthcare,healthcare,142.39,biweekly,308.99
275,10600.78,needs,other,other,230.76,monthly,230.76
275,10600.78,wants,dining out,dining_out,373.43,monthly,373.43
275,10600.78,wants,shopping,shopping,994.32,monthly,994.32
275,10600.78,wants,subscriptions,subscriptions,233.19,monthly,233.19
275,10600.78,wants,hobbies,hobbies,264.26,monthly,264.26
275,10600.78,wants,travel,travel,537.43,monthly,537.43
275,10600.78,wants,personal care,personal_care,509.06,monthly,509.06
275,10600.78,wants,gifts,gifts,63.14,weekly,273.4
276,7959.11,needs,groceries,groceries,213.03,weekly,922.42
276,7959.11,needs,rent/mortgage,rent_mortgage,2352.95,monthly,2352.95
276,7959.11,needs,utilities,utilities,353.64,monthly,353.64
276,7959.11,needs,gas/transport,gas_transport,216.0,biweekly,468.72
276,7959.11,needs,insurance,insurance,198.94,biweekly,431.7
276,7959.11,needs,bills,bills,262.77,monthly,262.77
276,7959.11,needs,healthcare,healthcare,169.41,monthly,169.41
276,7959.11,wants,dining out,dining_out,221.51,biweekly,480.68
276,7959.11,wants,entertainment,entertainment,113.66,biweekly,246.64
276,7959.11,wants,shopping,shopping,307.94,monthly,307.94
276,7959.11,wants,hobbies,hobbies,226.95,monthly,226.95
276,7959.11,wants,personal care,personal_care,269.17,monthly,269.17
276,7959.11,wants,gifts,gifts,64.16,biweekly,139.23
276,7959.11,wants,other,other,147.84,monthly,147.84
277,5814.4,needs,groceries,groceries,544.04,one time,544.04
277,5814.4,needs,rent/mortgage,rent_mortgage,1458.7,monthly,1458.7
277,5814.4,needs,utilities,utilities,233.4,monthly,233.4
277,5814.4,needs,gas/transport,gas_transport,348.95,monthly,348.95
277,5814.4,needs,insurance,insurance,232.32,monthly,232.32
277,5814.4,needs,bills,bills,47.62,weekly,206.19
277,5814.4,needs,healthcare,healthcare,50.31,weekly,217.84
277,5814.4,needs,childcare,childcare,181.04,monthly,181.04
277,5814.4,needs,other,other,85.65,monthly,85.65
277,5814.4,wants,dining out,dining_out,363.34,monthly,363.34
277,5814.4,wants,entertainment,entertainment,86.23,biweekly,187.12
277,5814.4,wants,shopping,shopping,350.94,monthly,350.94
277,5814.4,wants,subscriptions,subscriptions,137.93,monthly,137.93
277,5814.4,wants,hobbies,hobbies,286.38,one time,286.38
277,5814.4,wants,travel,travel,254.7,monthly,254.7
277,5814.4,wants,personal care,personal_care,82.7,biweekly,179.46
277,5814.4,wants,gifts,gifts,76.32,biweekly,165.61
277,5814.4,wants,other,other,165.7,monthly,165.7
278,3914.75,needs,groceries,groceries,227.84,biweekly,494.41
278,3914.75,needs,rent/mortgage,rent_mortgage,1312.8,monthly,1312.8
278,3914.75,needs,utilities,utilities,106.06,biweekly,230.15
278,3914.75,needs,gas/transport,gas_transport,39.64,weekly,171.64
278,3914.75,needs,insurance,insurance,106.73,biweekly,231.6
278,3914.75,needs,bills,bills,87.41,biweekly,189.68
278,3914.75,needs,healthcare,healthcare,28.57,weekly,123.71
278,3914.75,wants,dining out,dining_out,307.55,monthly,307.55
278,3914.75,wants,entertainment,entertainment,22.19,weekly,96.08
278,3914.75,wants,shopping,shopping,71.49,weekly,309.55
278,3914.75,wants,subscriptions,subscriptions,95.9,monthly,95.9
278,3914.75,wants,hobbies,hobbies,152.34,monthly,152.34
278,3914.75,wants,gifts,gifts,112.7,monthly,112.7
278,3914.75,wants,other,other,134.04,monthly,134.04
279,5479.59,needs,groceries,groceries,538.03,monthly,538.03
279,5479.59,needs,rent/mortgage,rent_mortgage,426.02,weekly,1844.67
279,5479.59,needs,utilities,utilities,203.16,one time,203.16
279,5479.59,needs,gas/transport,gas_transport,83.93,weekly,363.42
279,5479.59,needs,insurance,insurance,124.9,biweekly,271.03
279,5479.59,needs,bills,bills,45.57,weekly,197.32
279,5479.59,needs,healthcare,healthcare,156.22,monthly,156.22
279,5479.59,needs,childcare,childcare,251.78,monthly,251.78
279,5479.59,wants,dining out,dining_out,42.12,biweekly,91.4
279,5479.59,wants,shopping,shopping,31.46,weekly,136.22
279,5479.59,wants,subscriptions,subscriptions,114.42,monthly,114.42
279,5479.59,wants,hobbies,hobbies,209.77,one time,209.77
279,5479.59,wants,travel,travel,269.54,monthly,269.54
279,5479.59,wants,gifts,gifts,36.88,biweekly,80.03
279,5479.59,wants,other,other,51.59,biweekly,111.95
280,6193.08,needs,groceries,groceries,524.63,one time,524.63
280,6193.08,needs,rent/mortgage,rent_mortgage,457.66,weekly,1981.67
280,6193.08,needs,utilities,utilities,105.12,biweekly,228.11
280,6193.08,needs,gas/transport,gas_transport,325.18,monthly,325.18
280,6193.08,needs,insurance,insurance,337.54,monthly,337.54
280,6193.08,needs,bills,bills,124.62,biweekly,270.43
280,6193.08,needs,healthcare,healthcare,136.1,monthly,136.1
280,6193.08,needs,other,other,101.51,monthly,101.51
280,6193.08,wants,dining out,dining_out,158.46,biweekly,343.86
280,6193.08,wants,entertainment,entertainment,22.9,weekly,99.16
280,6193.08,wants,shopping,shopping,382.09,one time,382.09
280,6193.08,wants,subscriptions,subscriptions,129.81,monthly,129.81
280,6193.08,wants,hobbies,hobbies,122.67,monthly,122.67
280,6193.08,wants,travel,travel,182.86,monthly,182.86
280,6193.08,wants,personal care,personal_care,68.17,biweekly,147.93
280,6193.08,wants,other,other,30.22,weekly,130.85
281,8783.24,needs,groceries,groceries,332.4,biweekly,721.31
281,8783.24,needs,rent/mortgage,rent_mortgage,2786.76,monthly,2786.76
281,8783.24,needs,utilities,utilities,320.73,monthly,320.73
281,8783.24,needs,gas/transport,gas_transport,433.5,monthly,433.5
281,8783.24,needs,insurance,insurance,166.61,biweekly,361.54
281,8783.24,needs,bills,bills,165.53,biweekly,359.2
281,8783.24,needs,healthcare,healthcare,47.54,weekly,205.85
281,8783.24,needs,other,other,131.63,monthly,131.63
281,8783.24,wants,dining out,dining_out,177.75,one time,177.75
281,8783.24,wants,entertainment,entertainment,130.26,biweekly,282.66
281,8783.24,wants,shopping,shopping,271.34,monthly,271.34
281,8783.24,wants,subscriptions,subscriptions,263.57,monthly,263.57
281,8783.24,wants,hobbies,hobbies,190.29,monthly,190.29
281,8783.24,wants,travel,travel,58.89,biweekly,127.79
281,8783.24,wants,personal care,personal_care,279.46,monthly,279.46
281,8783.24,wants,other,other,310.55,one time,310.55
282,4489.37,needs,groceries,groceries,134.08,weekly,580.57
282,4489.37,needs,rent/mortgage,rent_mortgage,563.0,biweekly,1221.71
282,4489.37,needs,utilities,utilities,277.19,monthly,277.19
282,4489.37,needs,gas/transport,gas_transport,45.58,weekly,197.36
282,4489.37,needs,insurance,insurance,37.96,weekly,164.37
282,4489.37,needs,bills,bills,214.6,one time,214.6
282,4489.37,needs,healthcare,healthcare,28.21,weekly,122.15
282,4489.37,needs,other,other,104.6,monthly,104.6
282,4489.37,wants,dining out,dining_out,101.47,biweekly,220.19
282,4489.37,wants,shopping,shopping,68.77,weekly,297.77
282,4489.37,wants,subscriptions,subscriptions,108.09,monthly,108.09
282,4489.37,wants,hobbies,hobbies,47.93,weekly,207.54
282,4489.37,wants,travel,travel,208.11,monthly,208.11
282,4489.37,wants,gifts,gifts,16.6,weekly,71.88
282,4489.37,wants,other,other,121.27,monthly,121.27
283,7574.33,needs,groceries,groceries,984.56,one time,984.56
283,7574.33,needs,rent/mortgage,rent_mortgage,937.79,biweekly,2035.0
283,7574.33,needs,utilities,utilities,137.29,biweekly,297.92
283,7574.33,needs,gas/transport,gas_transport,319.73,monthly,319.73
283,7574.33,needs,insurance,insurance,485.18,monthly,485.18
283,7574.33,needs,bills,bills,370.78,one time,370.78
283,7574.33,needs,healthcare,healthcare,128.52,biweekly,278.89
283,7574.33,needs,other,other,136.06,monthly,136.06
283,7574.33,wants,shopping,shopping,151.47,weekly,655.87
283,7574.33,wants,subscriptions,subscriptions,25.66,biweekly,55.68
283,7574.33,wants,hobbies,hobbies,222.04,monthly,222.04
283,7574.33,wants,travel,travel,299.63,monthly,299.63
283,7574.33,wants,personal care,personal_care,326.79,one time,326.79
283,7574.33,wants,gifts,gifts,214.26,one time,214.26
283,7574.33,wants,other,other,13.5,weekly,58.45
284,4922.85,needs,groceries,groceries,610.52,monthly,610.52
284,4922.85,needs,rent/mortgage,rent_mortgage,1490.25,monthly,1490.25
284,4922.85,needs,utilities,utilities,275.84,monthly,275.84
284,4922.85,needs,gas/transport,gas_transport,326.02,monthly,326.02
284,4922.85,needs,insurance,insurance,43.13,weekly,186.75
284,4922.85,needs,bills,bills,139.33,monthly,139.33
284,4922.85,needs,healthcare,healthcare,72.88,biweekly,158.15
284,4922.85,needs,childcare,childcare,183.37,monthly,183.37
284,4922.85,needs,other,other,118.72,monthly,118.72
284,4922.85,wants,dining out,dining_out,32.33,weekly,139.99
284,4922.85,wants,entertainment,entertainment,146.18,biweekly,317.21
284,4922.85,wants,shopping,shopping,422.87,monthly,422.87
284,4922.85,wants,subscriptions,subscriptions,79.52,monthly,79.52
284,4922.85,wants,hobbies,hobbies,55.88,one time,55.88
284,4922.85,wants,travel,travel,251.55,monthly,251.55
284,4922.85,wants,personal care,personal_care,34.18,weekly,148.0
284,4922.85,wants,gifts,gifts,90.96,monthly,90.96
284,4922.85,wants,other,other,90.76,one time,90.76
285,9921.41,needs,groceries,groceries,1031.24,monthly,1031.24
285,9921.41,needs,rent/mortgage,rent_mortgage,3188.48,monthly,3188.48
285,9921.41,needs,utilities,utilities,468.49,monthly,468.49
285,9921.41,needs,gas/transport,gas_transport,619.81,monthly,619.81
285,9921.41,needs,insurance,insurance,382.79,monthly,382.79
285,9921.41,needs,bills,bills,483.44,monthly,483.44
285,9921.41,needs,healthcare,healthcare,245.33,monthly,245.33
285,9921.41,needs,childcare,childcare,322.41,monthly,322.41
285,9921.41,wants,shopping,shopping,124.57,weekly,539.39
285,9921.41,wants,travel,travel,492.69,monthly,492.69
285,9921.41,wants,personal care,personal_care,105.32,biweekly,228.54
285,9921.41,wants,gifts,gifts,174.96,monthly,174.96
285,9921.41,wants,other,other,93.51,biweekly,202.92
286,5213.03,needs,groceries,groceries,492.64,monthly,492.64
286,5213.03,needs,rent/mortgage,rent_mortgage,1522.4,one time,1522.4
286,5213.03,needs,utilities,utilities,191.6,monthly,191.6
286,5213.03,needs,gas/transport,gas_transport,336.61,monthly,336.61
286,5213.03,needs,insurance,insurance,49.54,weekly,214.51
286,5213.03,needs,bills,bills,249.91,monthly,249.91
286,5213.03,needs,healthcare,healthcare,83.4,biweekly,180.98
286,5213.03,needs,childcare,childcare,198.76,monthly,198.76
286,5213.03,wants,entertainment,entertainment,189.35,one time,189.35
286,5213.03,wants,shopping,shopping,145.72,monthly,145.72
286,5213.03,wants,subscriptions,subscriptions,149.06,monthly,149.06
286,5213.03,wants,hobbies,hobbies,249.19,monthly,249.19
286,5213.03,wants,travel,travel,92.06,biweekly,199.77
286,5213.03,wants,personal care,personal_care,59.01,biweekly,128.05
286,5213.03,wants,other,other,58.46,monthly,58.46
287,3125.77,needs,groceries,groceries,118.64,biweekly,257.45
287,3125.77,needs,rent/mortgage,rent_mortgage,870.14,monthly,870.14
287,3125.77,needs,utilities,utilities,167.57,monthly,167.57
287,3125.77,needs,gas/transport,gas_transport,50.24,weekly,217.54
287,3125.77,needs,insurance,insurance,184.46,monthly,184.46
287,3125.77,needs,bills,bills,109.87,monthly,109.87
287,3125.77,needs,healthcare,healthcare,120.46,monthly,120.46
287,3125.77,needs,childcare,childcare,99.48,monthly,99.48
287,3125.77,wants,entertainment,entertainment,70.16,monthly,70.16
287,3125.77,wants,shopping,shopping,333.91,monthly,333.91
287,3125.77,wants,subscriptions,subscriptions,14.14,biweekly,30.68
287,3125.77,wants,hobbies,hobbies,146.15,monthly,146.15
287,3125.77,wants,travel,travel,125.26,monthly,125.26
287,3125.77,wants,personal care,personal_care,33.62,weekly,145.57
287,3125.77,wants,gifts,gifts,27.19,biweekly,59.0
287,3125.77,wants,other,other,16.95,weekly,73.39
288,19665.84,needs,groceries,groceries,498.14,weekly,2156.95
288,19665.84,needs,rent/mortgage,rent_mortgage,1042.69,weekly,4514.85
288,19665.84,needs,utilities,utilities,1080.42,monthly,1080.42
288,19665.84,needs,gas/transport,gas_transport,207.59,weekly,898.86
288,19665.84,needs,insurance,insurance,361.66,biweekly,784.8
288,19665.84,needs,bills,bills,355.25,biweekly,770.89
288,19665.84,needs,healthcare,healthcare,423.61,one time,423.61
288,19665.84,needs,other,other,368.12,monthly,368.12
288,19665.84,wants,dining out,dining_out,1204.55,monthly,1204.55
288,19665.84,wants,entertainment,entertainment,1003.01,monthly,1003.01
288,19665.84,wants,shopping,shopping,215.16,weekly,931.64
288,19665.84,wants,subscriptions,subscriptions,231.56,one time,231.56
288,19665.84,wants,hobbies,hobbies,220.58,monthly,220.58
288,19665.84,wants,travel,travel,423.08,one time,423.08
288,19665.84,wants,personal care,personal_care,611.13,monthly,611.13
288,19665.84,wants,gifts,gifts,108.19,biweekly,234.77
288,19665.84,wants,other,other,209.62,monthly,209.62
289,3768.14,needs,groceries,groceries,84.32,weekly,365.11
289,3768.14,needs,rent/mortgage,rent_mortgage,461.28,biweekly,1000.98
289,3768.14,needs,utilities,utilities,197.68,monthly,197.68
289,3768.14,needs,gas/transport,gas_transport,123.77,biweekly,268.58
289,3768.14,needs,insurance,insurance,214.59,monthly,214.59
289,3768.14,needs,bills,bills,141.94,monthly,141.94
289,3768.14,needs,healthcare,healthcare,38.39,biweekly,83.31
289,3768.14,needs,other,other,70.75,monthly,70.75
289,3768.14,wants,dining out,dining_out,107.13,biweekly,232.47
289,3768.14,wants,entertainment,entertainment,158.37,monthly,158.37
289,3768.14,wants,shopping,shopping,392.11,monthly,392.11
289,3768.14,wants,subscriptions,subscriptions,41.74,monthly,41.74
289,3768.14,wants,hobbies,hobbies,89.53,monthly,89.53
289,3768.14,wants,travel,travel,118.13,monthly,118.13
289,3768.14,wants,gifts,gifts,14.84,biweekly,32.2
289,3768.14,wants,other,other,117.47,monthly,117.47
290,11665.23,needs,groceries,groceries,910.27,one time,910.27
290,11665.23,needs,rent/mortgage,rent_mortgage,3757.92,monthly,3757.92
290,11665.23,needs,utilities,utilities,606.88,monthly,606.88
290,11665.23,needs,gas/transport,gas_transport,602.86,one time,602.86
290,11665.23,needs,insurance,insurance,641.5,monthly,641.5
290,11665.23,needs,bills,bills,566.67,monthly,566.67
290,11665.23,needs,healthcare,healthcare,142.39,biweekly,308.99
290,11665.23,wants,dining out,dining_out,826.49,monthly,826.49
290,11665.23,wants,entertainment,entertainment,212.24,biweekly,460.56
290,11665.23,wants,shopping,shopping,1116.48,monthly,1116.48
290,11665.23,wants,subscriptions,subscriptions,90.4,weekly,391.43
290,11665.23,wants,hobbies,hobbies,433.25,monthly,433.25
290,11665.23,wants,travel,travel,567.77,monthly,567.77
290,11665.23,wants,personal care,personal_care,127.39,weekly,551.6
290,11665.23,wants,gifts,gifts,148.41,biweekly,322.05
290,11665.23,wants,other,other,119.56,monthly,119.56
291,5945.95,needs,groceries,groceries,696.02,monthly,696.02
291,5945.95,needs,rent/mortgage,rent_mortgage,485.04,weekly,2100.22
291,5945.95,needs,utilities,utilities,111.38,biweekly,241.69
291,5945.95,needs,gas/transport,gas_transport,103.34,weekly,447.46
291,5945.95,needs,insurance,insurance,258.91,monthly,258.91
291,5945.95,needs,bills,bills,232.08,monthly,232.08
291,5945.95,needs,healthcare,healthcare,62.77,biweekly,136.21
291,5945.95,needs,childcare,childcare,103.67,biweekly,224.96
291,5945.95,needs,other,other,86.21,one time,86.21
291,5945.95,wants,entertainment,entertainment,37.66,biweekly,81.72
291,5945.95,wants,subscriptions,subscriptions,73.97,one time,73.97
291,5945.95,wants,gifts,gifts,145.88,monthly,145.88
291,5945.95,wants,other,other,210.22,monthly,210.22
292,11993.41,needs,groceries,groceries,1158.9,monthly,1158.9
292,11993.41,needs,rent/mortgage,rent_mortgage,2854.88,monthly,2854.88
292,11993.41,needs,utilities,utilities,742.09,monthly,742.09
292,11993.41,needs,gas/transport,gas_transport,712.27,monthly,712.27
292,11993.41,needs,insurance,insurance,105.31,weekly,455.99
292,11993.41,needs,bills,bills,336.54,monthly,336.54
292,11993.41,needs,healthcare,healthcare,436.9,monthly,436.9
292,11993.41,needs,other,other,195.8,monthly,195.8
292,11993.41,wants,dining out,dining_out,465.63,monthly,465.63
292,11993.41,wants,entertainment,entertainment,576.43,monthly,576.43
292,11993.41,wants,shopping,shopping,198.68,weekly,860.28
292,11993.41,wants,subscriptions,subscriptions,194.91,one time,194.91
292,11993.41,wants,hobbies,hobbies,460.8,monthly,460.8
292,11993.41,wants,travel,travel,495.82,monthly,495.82
292,11993.41,wants,personal care,personal_care,630.43,monthly,630.43
292,11993.41,wants,other,other,190.88,one time,190.88
293,2089.8,needs,groceries,groceries,77.59,biweekly,168.37
293,2089.8,needs,rent/mortgage,rent_mortgage,556.91,monthly,556.91
293,2089.8,needs,utilities,utilities,62.15,biweekly,134.87
293,2089.8,needs,gas/transport,gas_transport,35.81,weekly,155.06
293,2089.8,needs,insurance,insurance,25.05,weekly,108.47
293,2089.8,needs,bills,bills,34.03,biweekly,73.85
293,2089.8,needs,healthcare,healthcare,73.21,monthly,73.21
293,2089.8,needs,childcare,childcare,89.03,monthly,89.03
293,2089.8,needs,other,other,30.28,monthly,30.28
293,2089.8,wants,dining out,dining_out,18.46,biweekly,40.06
293,2089.8,wants,subscriptions,subscriptions,32.62,monthly,32.62
293,2089.8,wants,hobbies,hobbies,19.74,weekly,85.47
293,2089.8,wants,travel,travel,20.93,biweekly,45.42
293,2089.8,wants,personal care,personal_care,9.38,weekly,40.62
293,2089.8,wants,gifts,gifts,47.3,monthly,47.3
294,4635.91,needs,groceries,groceries,484.52,monthly,484.52
294,4635.91,needs,rent/mortgage,rent_mortgage,1316.49,monthly,1316.49
294,4635.91,needs,utilities,utilities,190.23,monthly,190.23
294,4635.91,needs,gas/transport,gas_transport,243.74,one time,243.74
294,4635.91,needs,insurance,insurance,237.58,monthly,237.58
294,4635.91,needs,bills,bills,218.03,monthly,218.03
294,4635.91,needs,healthcare,healthcare,149.95,monthly,149.95
294,4635.91,needs,childcare,childcare,194.66,monthly,194.66
294,4635.91,needs,other,other,45.32,biweekly,98.34
294,4635.91,wants,entertainment,entertainment,239.72,monthly,239.72
294,4635.91,wants,shopping,shopping,214.25,monthly,214.25
294,4635.91,wants,subscriptions,subscriptions,141.92,monthly,141.92
294,4635.91,wants,hobbies,hobbies,200.34,monthly,200.34
294,4635.91,wants,travel,travel,43.83,weekly,189.78
294,4635.91,wants,personal care,personal_care,122.91,monthly,122.91
294,4635.91,wants,gifts,gifts,81.67,monthly,81.67
294,4635.91,wants,other,other,108.1,monthly,108.1
295,10710.34,needs,groceries,groceries,879.54,one time,879.54
295,10710.34,needs,rent/mortgage,rent_mortgage,613.52,weekly,2656.54
295,10710.34,needs,utilities,utilities,256.28,biweekly,556.13
295,10710.34,needs,gas/transport,gas_transport,631.2,monthly,631.2
295,10710.34,needs,insurance,insurance,523.03,monthly,523.03
295,10710.34,needs,bills,bills,479.75,monthly,479.75
295,10710.34,needs,healthcare,healthcare,75.45,weekly,326.7
295,10710.34,wants,dining out,dining_out,160.38,weekly,694.45
295,10710.34,wants,entertainment,entertainment,301.75,biweekly,654.8
295,10710.34,wants,subscriptions,subscriptions,142.13,monthly,142.13
295,10710.34,wants,personal care,personal_care,84.51,weekly,365.93
296,6310.72,needs,groceries,groceries,619.68,monthly,619.68
296,6310.72,needs,rent/mortgage,rent_mortgage,736.66,biweekly,1598.55
296,6310.72,needs,utilities,utilities,297.74,monthly,297.74
296,6310.72,needs,gas/transport,gas_transport,281.29,monthly,281.29
296,6310.72,needs,insurance,insurance,163.24,biweekly,354.23
296,6310.72,needs,bills,bills,64.07,weekly,277.42
296,6310.72,needs,healthcare,healthcare,147.83,monthly,147.83
296,6310.72,needs,other,other,128.54,one time,128.54
296,6310.72,wants,dining out,dining_out,475.12,monthly,475.12
296,6310.72,wants,entertainment,entertainment,312.1,one time,312.1
296,6310.72,wants,subscriptions,subscriptions,77.47,monthly,77.47
296,6310.72,wants,hobbies,hobbies,207.27,monthly,207.27
296,6310.72,wants,travel,travel,48.39,biweekly,105.01
296,6310.72,wants,personal care,personal_care,320.56,monthly,320.56
296,6310.72,wants,gifts,gifts,204.55,monthly,204.55
296,6310.72,wants,other,other,42.03,biweekly,91.21
297,4517.53,needs,groceries,groceries,95.79,weekly,414.77
297,4517.53,needs,rent/mortgage,rent_mortgage,1120.08,monthly,1120.08
297,4517.53,needs,utilities,utilities,206.41,monthly,206.41
297,4517.53,needs,gas/transport,gas_transport,261.85,monthly,261.85
297,4517.53,needs,insurance,insurance,61.77,weekly,267.46
297,4517.53,needs,bills,bills,52.98,weekly,229.4
297,4517.53,needs,healthcare,healthcare,49.2,biweekly,106.76
297,4517.53,needs,other,other,25.17,weekly,108.99
297,4517.53,wants,dining out,dining_out,141.65,biweekly,307.38
297,4517.53,wants,entertainment,entertainment,82.46,one time,82.46
297,4517.53,wants,shopping,shopping,209.26,monthly,209.26
297,4517.53,wants,subscriptions,subscriptions,30.9,weekly,133.8
297,4517.53,wants,hobbies,hobbies,105.66,monthly,105.66
297,4517.53,wants,travel,travel,141.17,monthly,141.17
297,4517.53,wants,personal care,personal_care,80.66,biweekly,175.03
297,4517.53,wants,gifts,gifts,99.21,one time,99.21
297,4517.53,wants,other,other,95.41,monthly,95.41
298,2082.89,needs,groceries,groceries,178.19,monthly,178.19
298,2082.89,needs,rent/mortgage,rent_mortgage,197.89,biweekly,429.42
298,2082.89,needs,utilities,utilities,92.9,one time,92.9
298,2082.89,needs,gas/transport,gas_transport,91.35,one time,91.35
298,2082.89,needs,insurance,insurance,42.21,biweekly,91.6
298,2082.89,needs,bills,bills,75.52,monthly,75.52
298,2082.89,needs,healthcare,healthcare,52.78,monthly,52.78
298,2082.89,wants,dining out,dining_out,183.02,monthly,183.02
298,2082.89,wants,entertainment,entertainment,65.11,monthly,65.11
298,2082.89,wants,subscriptions,subscriptions,30.92,biweekly,67.1
298,2082.89,wants,hobbies,hobbies,24.65,weekly,106.73
298,2082.89,wants,travel,travel,68.93,monthly,68.93
298,2082.89,wants,personal care,personal_care,94.11,one time,94.11
298,2082.89,wants,gifts,gifts,58.67,one time,58.67
298,2082.89,wants,other,other,8.33,weekly,36.07
299,7558.73,needs,groceries,groceries,601.99,one time,601.99
299,7558.73,needs,rent/mortgage,rent_mortgage,492.09,weekly,2130.75
299,7558.73,needs,utilities,utilities,396.08,monthly,396.08
299,7558.73,needs,gas/transport,gas_transport,517.7,monthly,517.7
299,7558.73,needs,insurance,insurance,428.58,monthly,428.58
299,7558.73,needs,bills,bills,373.51,monthly,373.51
299,7558.73,needs,healthcare,healthcare,222.6,monthly,222.6
299,7558.73,needs,other,other,30.29,weekly,131.16
299,7558.73,wants,dining out,dining_out,606.74,monthly,606.74
299,7558.73,wants,entertainment,entertainment,161.09,biweekly,349.57
299,7558.73,wants,shopping,shopping,677.92,monthly,677.92
299,7558.73,wants,subscriptions,subscriptions,261.1,monthly,261.1
299,7558.73,wants,hobbies,hobbies,395.59,one time,395.59
299,7558.73,wants,travel,travel,53.22,biweekly,115.49
299,7558.73,wants,gifts,gifts,271.85,monthly,271.85
299,7558.73,wants,other,other,200.73,monthly,200.73
300,9645.74,needs,groceries,groceries,883.86,monthly,883.86
300,9645.74,needs,rent/mortgage,rent_mortgage,1078.98,biweekly,2341.39
300,9645.74,needs,utilities,utilities,514.96,monthly,514.96
300,9645.74,needs,gas/transport,gas_transport,330.32,biweekly,716.79
300,9645.74,needs,insurance,insurance,602.76,monthly,602.76
300,9645.74,needs,bills,bills,447.37,monthly,447.37
300,9645.74,needs,healthcare,healthcare,242.88,monthly,242.88
300,9645.74,needs,other,other,153.39,monthly,153.39
300,9645.74,wants,dining out,dining_out,380.8,monthly,380.8
300,9645.74,wants,entertainment,entertainment,294.21,monthly,294.21
300,9645.74,wants,shopping,shopping,648.19,monthly,648.19
300,9645.74,wants,subscriptions,subscriptions,83.56,biweekly,181.33
300,9645.74,wants,hobbies,hobbies,276.36,monthly,276.36
300,9645.74,wants,personal care,personal_care,431.35,monthly,431.35
300,9645.74,wants,gifts,gifts,303.97,monthly,303.97
300,9645.74,wants,other,other,169.55,one time,169.55
301,3157.38,needs,groceries,groceries,53.25,weekly,230.57
301,3157.38,needs,rent/mortgage,rent_mortgage,1055.93,one time,1055.93
301,3157.38,needs,utilities,utilities,127.07,monthly,127.07
301,3157.38,needs,gas/transport,gas_transport,151.93,monthly,151.93
301,3157.38,needs,insurance,insurance,35.13,weekly,152.11
301,3157.38,needs,bills,bills,34.27,weekly,148.39
301,3157.38,needs,healthcare,healthcare,88.76,one time,88.76
301,3157.38,needs,childcare,childcare,118.18,monthly,118.18
301,3157.38,wants,entertainment,entertainment,111.29,monthly,111.29
301,3157.38,wants,subscriptions,subscriptions,23.89,weekly,103.44
301,3157.38,wants,travel,travel,128.02,monthly,128.02
301,3157.38,wants,personal care,personal_care,46.85,biweekly,101.66
301,3157.38,wants,gifts,gifts,82.17,monthly,82.17
302,2307.01,needs,groceries,groceries,89.7,biweekly,194.65
302,2307.01,needs,rent/mortgage,rent_mortgage,334.72,biweekly,726.34
302,2307.01,needs,utilities,utilities,127.8,monthly,127.8
302,2307.01,needs,gas/transport,gas_transport,48.29,biweekly,104.79
302,2307.01,needs,insurance,insurance,128.48,monthly,128.48
302,2307.01,needs,bills,bills,77.6,monthly,77.6
302,2307.01,needs,healthcare,healthcare,25.75,biweekly,55.88
302,2307.01,wants,dining out,dining_out,87.56,monthly,87.56
302,2307.01,wants,shopping,shopping,135.73,one time,135.73
302,2307.01,wants,subscriptions,subscriptions,40.03,monthly,40.03
302,2307.01,wants,hobbies,hobbies,13.2,biweekly,28.64
302,2307.01,wants,travel,travel,17.06,weekly,73.87
302,2307.01,wants,gifts,gifts,81.84,monthly,81.84
303,4120.27,needs,groceries,groceries,231.61,biweekly,502.59
303,4120.27,needs,rent/mortgage,rent_mortgage,233.86,weekly,1012.61
303,4120.27,needs,utilities,utilities,222.97,monthly,222.97
303,4120.27,needs,gas/transport,gas_transport,263.9,monthly,263.9
303,4120.27,needs,insurance,insurance,47.9,weekly,207.41
303,4120.27,needs,bills,bills,57.99,biweekly,125.84
303,4120.27,needs,healthcare,healthcare,52.85,biweekly,114.68
303,4120.27,needs,childcare,childcare,142.8,one time,142.8
303,4120.27,needs,other,other,20.48,weekly,88.68
303,4120.27,wants,dining out,dining_out,169.0,biweekly,366.73
303,4120.27,wants,shopping,shopping,411.31,monthly,411.31
303,4120.27,wants,travel,travel,65.43,monthly,65.43
303,4120.27,wants,personal care,personal_care,73.25,monthly,73.25
303,4120.27,wants,gifts,gifts,127.99,monthly,127.99
303,4120.27,wants,other,other,104.11,monthly,104.11
304,4343.07,needs,groceries,groceries,438.43,monthly,438.43
304,4343.07,needs,rent/mortgage,rent_mortgage,237.69,weekly,1029.2
304,4343.07,needs,utilities,utilities,64.91,weekly,281.06
304,4343.07,needs,gas/transport,gas_transport,138.03,biweekly,299.53
304,4343.07,needs,insurance,insurance,208.52,monthly,208.52
304,4343.07,needs,bills,bills,177.98,monthly,177.98
304,4343.07,needs,healthcare,healthcare,108.59,monthly,108.59
304,4343.07,needs,other,other,17.11,weekly,74.09
304,4343.07,wants,dining out,dining_out,68.37,biweekly,148.36
304,4343.07,wants,shopping,shopping,96.26,weekly,416.81
304,4343.07,wants,subscriptions,subscriptions,124.88,monthly,124.88
304,4343.07,wants,travel,travel,31.94,weekly,138.3
304,4343.07,wants,personal care,personal_care,25.12,weekly,108.77
304,4343.07,wants,other,other,156.27,monthly,156.27
305,1940.49,needs,groceries,groceries,181.53,monthly,181.53
305,1940.49,needs,rent/mortgage,rent_mortgage,697.27,monthly,697.27
305,1940.49,needs,utilities,utilities,103.27,monthly,103.27
305,1940.49,needs,gas/transport,gas_transport,68.62,biweekly,148.91
305,1940.49,needs,insurance,insurance,112.12,monthly,112.12
305,1940.49,needs,bills,bills,29.93,biweekly,64.95
305,1940.49,needs,healthcare,healthcare,50.48,one time,50.48
305,1940.49,needs,other,other,34.04,monthly,34.04
305,1940.49,wants,dining out,dining_out,129.24,monthly,129.24
305,1940.49,wants,shopping,shopping,27.68,weekly,119.85
305,1940.49,wants,subscriptions,subscriptions,57.54,monthly,57.54
305,1940.49,wants,travel,travel,19.95,biweekly,43.29
305,1940.49,wants,personal care,personal_care,23.65,weekly,102.4
305,1940.49,wants,other,other,32.3,monthly,32.3
306,4532.03,needs,groceries,groceries,126.2,weekly,546.45
306,4532.03,needs,rent/mortgage,rent_mortgage,267.81,weekly,1159.62
306,4532.03,needs,utilities,utilities,184.6,one time,184.6
306,4532.03,needs,gas/transport,gas_transport,63.66,weekly,275.65
306,4532.03,needs,insurance,insurance,270.26,monthly,270.26
306,4532.03,needs,bills,bills,171.65,monthly,171.65
306,4532.03,needs,healthcare,healthcare,24.39,weekly,105.61
306,4532.03,needs,other,other,81.54,monthly,81.54
306,4532.03,wants,dining out,dining_out,89.28,weekly,386.58
306,4532.03,wants,entertainment,entertainment,19.2,weekly,83.14
306,4532.03,wants,shopping,shopping,129.67,monthly,129.67
306,4532.03,wants,hobbies,hobbies,14.35,weekly,62.14
306,4532.03,wants,travel,travel,99.72,monthly,99.72
306,4532.03,wants,personal care,personal_care,36.17,weekly,156.62
306,4532.03,wants,gifts,gifts,93.06,monthly,93.06
306,4532.03,wants,other,other,14.38,biweekly,31.2
307,3291.81,needs,groceries,groceries,93.8,weekly,406.15
307,3291.81,needs,rent/mortgage,rent_mortgage,265.91,weekly,1151.39
307,3291.81,needs,utilities,utilities,147.76,one time,147.76
307,3291.81,needs,gas/transport,gas_transport,227.65,monthly,227.65
307,3291.81,needs,insurance,insurance,44.41,weekly,192.3
307,3291.81,needs,bills,bills,124.16,one time,124.16
307,3291.81,needs,healthcare,healthcare,95.35,monthly,95.35
307,3291.81,wants,dining out,dining_out,267.04,monthly,267.04
307,3291.81,wants,travel,travel,27.17,weekly,117.65
307,3291.81,wants,gifts,gifts,7.59,weekly,32.86
307,3291.81,wants,other,other,81.49,monthly,81.49
308,2870.6,needs,groceries,groceries,263.81,monthly,263.81
308,2870.6,needs,rent/mortgage,rent_mortgage,145.17,weekly,628.59
308,2870.6,needs,utilities,utilities,161.49,monthly,161.49
308,2870.6,needs,gas/transport,gas_transport,166.16,monthly,166.16
308,2870.6,needs,insurance,insurance,179.53,monthly,179.53
308,2870.6,needs,bills,bills,23.17,weekly,100.33
308,2870.6,needs,healthcare,healthcare,14.53,weekly,62.91
308,2870.6,wants,dining out,dining_out,58.02,monthly,58.02
308,2870.6,wants,entertainment,entertainment,145.97,monthly,145.97
308,2870.6,wants,shopping,shopping,81.85,biweekly,177.61
308,2870.6,wants,hobbies,hobbies,148.14,monthly,148.14
308,2870.6,wants,travel,travel,27.31,one time,27.31
308,2870.6,wants,personal care,personal_care,16.64,weekly,72.05
308,2870.6,wants,other,other,90.36,monthly,90.36
309,5963.37,needs,groceries,groceries,111.96,weekly,484.79
309,5963.37,needs,rent/mortgage,rent_mortgage,1728.71,monthly,1728.71
309,5963.37,needs,utilities,utilities,115.7,biweekly,251.07
309,5963.37,needs,gas/transport,gas_transport,256.94,monthly,256.94
309,5963.37,needs,insurance,insurance,73.79,weekly,319.51
309,5963.37,needs,bills,bills,286.59,monthly,286.59
309,5963.37,needs,healthcare,healthcare,230.24,monthly,230.24
309,5963.37,needs,other,other,60.05,biweekly,130.31
309,5963.37,wants,entertainment,entertainment,412.46,monthly,412.46
309,5963.37,wants,shopping,shopping,353.59,monthly,353.59
309,5963.37,wants,subscriptions,subscriptions,182.99,monthly,182.99
309,5963.37,wants,hobbies,hobbies,207.96,one time,207.96
309,5963.37,wants,personal care,personal_care,262.93,monthly,262.93
309,5963.37,wants,other,other,39.58,monthly,39.58
310,14014.66,needs,groceries,groceries,802.36,biweekly,1741.12
310,14014.66,needs,rent/mortgage,rent_mortgage,2974.25,monthly,2974.25
310,14014.66,needs,utilities,utilities,854.29,monthly,854.29
310,14014.66,needs,gas/transport,gas_transport,459.66,biweekly,997.46
310,14014.66,needs,insurance,insurance,322.32,biweekly,699.43
310,14014.66,needs,bills,bills,123.97,weekly,536.79
310,14014.66,needs,healthcare,healthcare,518.93,monthly,518.93
310,14014.66,needs,childcare,childcare,322.18,biweekly,699.13
310,14014.66,needs,other,other,129.39,biweekly,280.78
310,14014.66,wants,dining out,dining_out,687.34,monthly,687.34
310,14014.66,wants,entertainment,entertainment,223.89,weekly,969.44
310,14014.66,wants,subscriptions,subscriptions,278.58,monthly,278.58
310,14014.66,wants,travel,travel,201.0,monthly,201.0
310,14014.66,wants,personal care,personal_care,93.16,weekly,403.38
310,14014.66,wants,gifts,gifts,272.97,one time,272.97
310,14014.66,wants,other,other,113.35,biweekly,245.97
311,5098.43,needs,groceries,groceries,377.29,one time,377.29
311,5098.43,needs,rent/mortgage,rent_mortgage,397.15,weekly,1719.66
311,5098.43,needs,utilities,utilities,90.53,biweekly,196.45
311,5098.43,needs,gas/transport,gas_transport,81.59,weekly,353.28
311,5098.43,needs,insurance,insurance,71.16,weekly,308.12
311,5098.43,needs,bills,bills,254.33,monthly,254.33
311,5098.43,needs,healthcare,healthcare,36.97,weekly,160.08
311,5098.43,needs,other,other,16.85,weekly,72.96
311,5098.43,wants,entertainment,entertainment,61.99,weekly,268.42
311,5098.43,wants,shopping,shopping,260.59,monthly,260.59
311,5098.43,wants,hobbies,hobbies,109.69,monthly,109.69
311,5098.43,wants,travel,travel,74.33,monthly,74.33
311,5098.43,wants,personal care,personal_care,268.65,monthly,268.65
311,5098.43,wants,gifts,gifts,22.44,weekly,97.17
311,5098.43,wants,other,other,114.32,one time,114.32
312,2249.73,needs,groceries,groceries,157.79,monthly,157.79
312,2249.73,needs,rent/mortgage,rent_mortgage,718.45,monthly,718.45
312,2249.73,needs,utilities,utilities,108.74,monthly,108.74
312,2249.73,needs,gas/transport,gas_transport,49.1,biweekly,106.55
312,2249.73,needs,insurance,insurance,145.89,monthly,145.89
312,2249.73,needs,bills,bills,85.82,one time,85.82
312,2249.73,needs,healthcare,healthcare,22.52,biweekly,48.87
312,2249.73,wants,dining out,dining_out,158.7,monthly,158.7
312,2249.73,wants,entertainment,entertainment,116.32,monthly,116.32
312,2249.73,wants,shopping,shopping,71.65,one time,71.65
312,2249.73,wants,subscriptions,subscriptions,7.15,weekly,30.96
312,2249.73,wants,hobbies,hobbies,23.91,weekly,103.53
312,2249.73,wants,travel,travel,26.82,biweekly,58.2
312,2249.73,wants,personal care,personal_care,18.62,weekly,80.62
312,2249.73,wants,gifts,gifts,18.91,biweekly,41.03
312,2249.73,wants,other,other,14.8,biweekly,32.12
313,3852.0,needs,groceries,groceries,86.9,weekly,376.28
313,3852.0,needs,rent/mortgage,rent_mortgage,320.59,weekly,1388.15
313,3852.0,needs,utilities,utilities,218.84,one time,218.84
313,3852.0,needs,gas/transport,gas_transport,228.94,monthly,228.94
313,3852.0,needs,insurance,insurance,65.32,biweekly,141.74
313,3852.0,needs,bills,bills,28.91,weekly,125.18
313,3852.0,needs,healthcare,healthcare,129.14,monthly,129.14
313,3852.0,needs,childcare,childcare,112.95,monthly,112.95
313,3852.0,needs,other,other,17.36,weekly,75.17
313,3852.0,wants,entertainment,entertainment,223.69,monthly,223.69
313,3852.0,wants,shopping,shopping,147.13,monthly,147.13
313,3852.0,wants,hobbies,hobbies,95.37,one time,95.37
313,3852.0,wants,personal care,personal_care,69.51,monthly,69.51
313,3852.0,wants,gifts,gifts,120.96,monthly,120.96
314,6002.39,needs,groceries,groceries,459.96,monthly,459.96
314,6002.39,needs,rent/mortgage,rent_mortgage,1628.11,one time,1628.11
314,6002.39,needs,utilities,utilities,342.43,monthly,342.43
314,6002.39,needs,gas/transport,gas_transport,346.98,monthly,346.98
314,6002.39,needs,insurance,insurance,382.5,monthly,382.5
314,6002.39,needs,bills,bills,135.43,biweekly,293.88
314,6002.39,needs,healthcare,healthcare,33.56,weekly,145.31
314,6002.39,needs,other,other,34.66,weekly,150.08
314,6002.39,wants,entertainment,entertainment,108.29,one time,108.29
314,6002.39,wants,shopping,shopping,322.85,one time,322.85
314,6002.39,wants,hobbies,hobbies,29.21,biweekly,63.39
314,6002.39,wants,travel,travel,310.83,monthly,310.83
314,6002.39,wants,personal care,personal_care,116.72,monthly,116.72
314,6002.39,wants,gifts,gifts,215.3,monthly,215.3
314,6002.39,wants,other,other,96.42,monthly,96.42
315,3710.35,needs,groceries,groceries,110.82,weekly,479.85
315,3710.35,needs,rent/mortgage,rent_mortgage,1338.78,monthly,1338.78
315,3710.35,needs,utilities,utilities,35.24,weekly,152.59
315,3710.35,needs,gas/transport,gas_transport,208.03,one time,208.03
315,3710.35,needs,insurance,insurance,76.27,biweekly,165.51
315,3710.35,needs,bills,bills,31.21,weekly,135.14
315,3710.35,needs,healthcare,healthcare,90.26,one time,90.26
315,3710.35,wants,dining out,dining_out,331.34,monthly,331.34
315,3710.35,wants,entertainment,entertainment,36.39,biweekly,78.97
315,3710.35,wants,subscriptions,subscriptions,70.34,monthly,70.34
315,3710.35,wants,hobbies,hobbies,20.17,weekly,87.34
315,3710.35,wants,travel,travel,156.26,monthly,156.26
315,3710.35,wants,gifts,gifts,16.1,biweekly,34.94
315,3710.35,wants,other,other,53.16,monthly,53.16
316,9780.19,needs,groceries,groceries,978.36,monthly,978.36
316,9780.19,needs,rent/mortgage,rent_mortgage,470.51,weekly,2037.31
316,9780.19,needs,utilities,utilities,79.87,weekly,345.84
316,9780.19,needs,gas/transport,gas_transport,434.63,one time,434.63
316,9780.19,needs,insurance,insurance,494.67,one time,494.67
316,9780.19,needs,bills,bills,380.2,monthly,380.2
316,9780.19,needs,healthcare,healthcare,112.78,biweekly,244.73
316,9780.19,needs,other,other,56.97,weekly,246.68
316,9780.19,wants,dining out,dining_out,188.25,biweekly,408.5
316,9780.19,wants,hobbies,hobbies,525.01,monthly,525.01
316,9780.19,wants,travel,travel,307.08,monthly,307.08
316,9780.19,wants,personal care,personal_care,362.16,monthly,362.16
316,9780.19,wants,gifts,gifts,98.92,biweekly,214.66
316,9780.19,wants,other,other,39.56,biweekly,85.85
317,3510.45,needs,groceries,groceries,169.78,biweekly,368.42
317,3510.45,needs,rent/mortgage,rent_mortgage,254.06,weekly,1100.08
317,3510.45,needs,utilities,utilities,191.93,one time,191.93
317,3510.45,needs,gas/transport,gas_transport,187.62,monthly,187.62
317,3510.45,needs,insurance,insurance,138.71,monthly,138.71
317,3510.45,needs,bills,bills,124.72,monthly,124.72
317,3510.45,needs,healthcare,healthcare,97.91,monthly,97.91
317,3510.45,needs,childcare,childcare,103.59,monthly,103.59
317,3510.45,needs,other,other,41.12,biweekly,89.23
317,3510.45,wants,dining out,dining_out,303.33,monthly,303.33
317,3510.45,wants,entertainment,entertainment,32.82,weekly,142.11
317,3510.45,wants,shopping,shopping,60.84,biweekly,132.02
317,3510.45,wants,hobbies,hobbies,34.0,biweekly,73.78
317,3510.45,wants,travel,travel,19.49,weekly,84.39
317,3510.45,wants,personal care,personal_care,130.23,monthly,130.23
317,3510.45,wants,gifts,gifts,32.86,one time,32.86
317,3510.45,wants,other,other,30.45,monthly,30.45
318,2979.77,needs,groceries,groceries,173.45,biweekly,376.39
318,2979.77,needs,rent/mortgage,rent_mortgage,800.06,monthly,800.06
318,2979.77,needs,utilities,utilities,117.81,monthly,117.81
318,2979.77,needs,gas/transport,gas_transport,99.54,biweekly,216.0
318,2979.77,needs,insurance,insurance,85.26,biweekly,185.01
318,2979.77,needs,bills,bills,19.91,weekly,86.21
318,2979.77,needs,healthcare,healthcare,67.66,one time,67.66
318,2979.77,needs,other,other,10.53,weekly,45.59
318,2979.77,wants,dining out,dining_out,42.09,weekly,182.25
318,2979.77,wants,shopping,shopping,214.84,one time,214.84
318,2979.77,wants,subscriptions,subscriptions,26.67,biweekly,57.87
318,2979.77,wants,hobbies,hobbies,116.13,one time,116.13
318,2979.77,wants,travel,travel,62.95,biweekly,136.6
318,2979.77,wants,personal care,personal_care,33.89,weekly,146.74
318,2979.77,wants,gifts,gifts,100.65,monthly,100.65
318,2979.77,wants,other,other,64.47,monthly,64.47
319,5612.86,needs,groceries,groceries,597.67,monthly,597.67
319,5612.86,needs,rent/mortgage,rent_mortgage,1904.24,one time,1904.24
319,5612.86,needs,utilities,utilities,65.12,weekly,281.97
319,5612.86,needs,gas/transport,gas_transport,289.85,monthly,289.85
319,5612.86,needs,insurance,insurance,112.46,biweekly,244.04
319,5612.86,needs,bills,bills,202.95,monthly,202.95
319,5612.86,needs,healthcare,healthcare,202.62,monthly,202.62
319,5612.86,needs,childcare,childcare,163.66,monthly,163.66
319,5612.86,needs,other,other,93.49,one time,93.49
319,5612.86,wants,dining out,dining_out,430.9,monthly,430.9
319,5612.86,wants,entertainment,entertainment,61.47,weekly,266.17
319,5612.86,wants,shopping,shopping,493.99,one time,493.99
319,5612.86,wants,hobbies,hobbies,194.08,monthly,194.08
319,5612.86,wants,travel,travel,293.19,monthly,293.19
319,5612.86,wants,personal care,personal_care,272.81,one time,272.81
319,5612.86,wants,gifts,gifts,79.88,biweekly,173.34
320,2205.65,needs,groceries,groceries,250.22,monthly,250.22
320,2205.65,needs,rent/mortgage,rent_mortgage,626.36,monthly,626.36
320,2205.65,needs,utilities,utilities,128.63,monthly,128.63
320,2205.65,needs,gas/transport,gas_transport,157.61,monthly,157.61
320,2205.65,needs,insurance,insurance,25.61,weekly,110.89
320,2205.65,needs,bills,bills,24.52,weekly,106.17
320,2205.65,needs,healthcare,healthcare,73.72,monthly,73.72
320,2205.65,wants,entertainment,entertainment,26.53,monthly,26.53
320,2205.65,wants,shopping,shopping,91.26,monthly,91.26
320,2205.65,wants,subscriptions,subscriptions,58.68,monthly,58.68
320,2205.65,wants,hobbies,hobbies,31.76,monthly,31.76
320,2205.65,wants,travel,travel,104.28,one time,104.28
320,2205.65,wants,personal care,personal_care,40.8,monthly,40.8
320,2205.65,wants,gifts,gifts,36.09,monthly,36.09
321,5350.82,needs,groceries,groceries,115.87,weekly,501.72
321,5350.82,needs,rent/mortgage,rent_mortgage,1406.48,monthly,1406.48
321,5350.82,needs,utilities,utilities,272.09,monthly,272.09
321,5350.82,needs,gas/transport,gas_transport,364.22,one time,364.22
321,5350.82,needs,insurance,insurance,328.14,monthly,328.14
321,5350.82,needs,bills,bills,121.58,biweekly,263.83
321,5350.82,needs,healthcare,healthcare,193.95,monthly,193.95
321,5350.82,needs,childcare,childcare,127.82,biweekly,277.37
321,5350.82,needs,other,other,110.39,monthly,110.39
321,5350.82,wants,dining out,dining_out,448.21,monthly,448.21
321,5350.82,wants,entertainment,entertainment,64.47,weekly,279.16
321,5350.82,wants,shopping,shopping,545.35,monthly,545.35
321,5350.82,wants,subscriptions,subscriptions,119.44,monthly,119.44
321,5350.82,wants,hobbies,hobbies,98.52,biweekly,213.79
321,5350.82,wants,gifts,gifts,37.91,monthly,37.91
321,5350.82,wants,other,other,163.03,monthly,163.03
322,2139.07,needs,groceries,groceries,215.83,monthly,215.83
322,2139.07,needs,rent/mortgage,rent_mortgage,142.12,weekly,615.38
322,2139.07,needs,utilities,utilities,112.7,monthly,112.7
322,2139.07,needs,gas/transport,gas_transport,136.96,monthly,136.96
322,2139.07,needs,insurance,insurance,114.22,monthly,114.22
322,2139.07,needs,bills,bills,21.71,weekly,94.0
322,2139.07,needs,healthcare,healthcare,76.12,one time,76.12
322,2139.07,wants,entertainment,entertainment,36.31,monthly,36.31
322,2139.07,wants,shopping,shopping,212.88,monthly,212.88
322,2139.07,wants,hobbies,hobbies,86.99,one time,86.99
322,2139.07,wants,travel,travel,80.35,monthly,80.35
322,2139.07,wants,personal care,personal_care,91.29,one time,91.29
322,2139.07,wants,other,other,33.37,biweekly,72.41
323,2013.92,needs,groceries,groceries,151.6,monthly,151.6
323,2013.92,needs,rent/mortgage,rent_mortgage,422.02,one time,422.02
323,2013.92,needs,utilities,utilities,22.15,weekly,95.91
323,2013.92,needs,gas/transport,gas_transport,110.89,one time,110.89
323,2013.92,needs,insurance,insurance,78.55,monthly,78.55
323,2013.92,needs,bills,bills,93.05,monthly,93.05
323,2013.92,needs,healthcare,healthcare,27.09,biweekly,58.79
323,2013.92,needs,childcare,childcare,69.81,one time,69.81
323,2013.92,needs,other,other,35.01,monthly,35.01
323,2013.92,wants,entertainment,entertainment,46.68,monthly,46.68
323,2013.92,wants,shopping,shopping,186.14,monthly,186.14
323,2013.92,wants,subscriptions,subscriptions,37.88,monthly,37.88
323,2013.92,wants,hobbies,hobbies,22.65,monthly,22.65
323,2013.92,wants,travel,travel,105.1,monthly,105.1
323,2013.92,wants,personal care,personal_care,34.86,biweekly,75.65
323,2013.92,wants,gifts,gifts,4.15,weekly,17.97
324,1730.46,needs,groceries,groceries,67.8,biweekly,147.13
324,1730.46,needs,rent/mortgage,rent_mortgage,585.17,monthly,585.17
324,1730.46,needs,utilities,utilities,61.49,monthly,61.49
324,1730.46,needs,gas/transport,gas_transport,106.71,monthly,106.71
324,1730.46,needs,insurance,insurance,19.69,weekly,85.26
324,1730.46,needs,bills,bills,62.81,monthly,62.81
324,1730.46,needs,healthcare,healthcare,29.18,biweekly,63.32
324,1730.46,wants,shopping,shopping,52.01,monthly,52.01
324,1730.46,wants,subscriptions,subscriptions,35.95,monthly,35.95
324,1730.46,wants,travel,travel,10.11,weekly,43.78
324,1730.46,wants,gifts,gifts,10.29,weekly,44.56
324,1730.46,wants,other,other,20.08,monthly,20.08
325,15263.32,needs,groceries,groceries,1464.04,monthly,1464.04
325,15263.32,needs,rent/mortgage,rent_mortgage,4814.72,monthly,4814.72
325,15263.32,needs,utilities,utilities,294.78,biweekly,639.67
325,15263.32,needs,gas/transport,gas_transport,238.34,weekly,1032.01
325,15263.32,needs,insurance,insurance,180.69,weekly,782.39
325,15263.32,needs,bills,bills,247.21,biweekly,536.45
325,15263.32,needs,healthcare,healthcare,149.71,biweekly,324.87
325,15263.32,needs,childcare,childcare,596.66,one time,596.66
325,15263.32,needs,other,other,173.12,biweekly,375.67
325,15263.32,wants,entertainment,entertainment,908.1,monthly,908.1
325,15263.32,wants,shopping,shopping,351.64,monthly,351.64
325,15263.32,wants,subscriptions,subscriptions,422.31,monthly,422.31
325,15263.32,wants,hobbies,hobbies,498.81,monthly,498.81
325,15263.32,wants,travel,travel,174.85,one time,174.85
325,15263.32,wants,personal care,personal_care,350.63,monthly,350.63
325,15263.32,wants,gifts,gifts,91.49,weekly,396.15
325,15263.32,wants,other,other,103.36,biweekly,224.29
326,4904.51,needs,groceries,groceries,538.86,monthly,538.86
326,4904.51,needs,rent/mortgage,rent_mortgage,411.09,weekly,1780.02
326,4904.51,needs,utilities,utilities,287.51,monthly,287.51
326,4904.51,needs,gas/transport,gas_transport,279.13,one time,279.13
326,4904.51,needs,insurance,insurance,138.31,biweekly,300.13
326,4904.51,needs,bills,bills,80.94,biweekly,175.64
326,4904.51,needs,healthcare,healthcare,171.88,monthly,171.88
326,4904.51,needs,childcare,childcare,153.22,one time,153.22
326,4904.51,wants,dining out,dining_out,348.83,monthly,348.83
326,4904.51,wants,entertainment,entertainment,36.17,weekly,156.62
326,4904.51,wants,subscriptions,subscriptions,60.88,monthly,60.88
326,4904.51,wants,hobbies,hobbies,132.65,monthly,132.65
326,4904.51,wants,travel,travel,79.68,biweekly,172.91
326,4904.51,wants,personal care,personal_care,49.23,weekly,213.17
326,4904.51,wants,gifts,gifts,102.03,monthly,102.03
327,5254.09,needs,groceries,groceries,191.82,biweekly,416.25
327,5254.09,needs,rent/mortgage,rent_mortgage,1149.09,monthly,1149.09
327,5254.09,needs,utilities,utilities,297.08,monthly,297.08
327,5254.09,needs,gas/transport,gas_transport,369.91,monthly,369.91
327,5254.09,needs,insurance,insurance,51.77,weekly,224.16
327,5254.09,needs,bills,bills,198.54,monthly,198.54
327,5254.09,needs,healthcare,healthcare,115.79,monthly,115.79
327,5254.09,needs,other,other,110.51,monthly,110.51
327,5254.09,wants,dining out,dining_out,175.64,biweekly,381.14
327,5254.09,wants,entertainment,entertainment,188.37,monthly,188.37
327,5254.09,wants,shopping,shopping,189.73,biweekly,411.71
327,5254.09,wants,subscriptions,subscriptions,15.1,biweekly,32.77
327,5254.09,wants,hobbies,hobbies,30.2,weekly,130.77
327,5254.09,wants,travel,travel,25.82,weekly,111.8
327,5254.09,wants,personal care,personal_care,47.69,weekly,206.5
327,5254.09,wants,gifts,gifts,33.52,weekly,145.14
327,5254.09,wants,other,other,20.01,weekly,86.64
328,5632.22,needs,groceries,groceries,461.29,monthly,461.29
328,5632.22,needs,rent/mortgage,rent_mortgage,2044.55,monthly,2044.55
328,5632.22,needs,utilities,utilities,218.13,monthly,218.13
328,5632.22,needs,gas/transport,gas_transport,387.19,monthly,387.19
328,5632.22,needs,insurance,insurance,141.65,biweekly,307.38
328,5632.22,needs,bills,bills,88.62,biweekly,192.31
328,5632.22,needs,healthcare,healthcare,142.1,monthly,142.1
328,5632.22,wants,dining out,dining_out,288.96,monthly,288.96
328,5632.22,wants,entertainment,entertainment,143.61,biweekly,311.63
328,5632.22,wants,shopping,shopping,523.62,monthly,523.62
328,5632.22,wants,subscriptions,subscriptions,88.31,monthly,88.31
328,5632.22,wants,travel,travel,214.69,monthly,214.69
328,5632.22,wants,other,other,21.41,biweekly,46.46
329,5734.9,needs,groceries,groceries,189.73,biweekly,411.71
329,5734.9,needs,rent/mortgage,rent_mortgage,278.58,weekly,1206.25
329,5734.9,needs,utilities,utilities,299.89,monthly,299.89
329,5734.9,needs,gas/transport,gas_transport,414.78,one time,414.78
329,5734.9,needs,insurance,insurance,123.66,biweekly,268.34
329,5734.9,needs,bills,bills,100.15,biweekly,217.33
329,5734.9,needs,healthcare,healthcare,206.37,monthly,206.37
329,5734.9,needs,other,other,143.37,monthly,143.37
329,5734.9,wants,entertainment,entertainment,168.55,monthly,168.55
329,5734.9,wants,shopping,shopping,166.6,biweekly,361.52
329,5734.9,wants,subscriptions,subscriptions,160.92,monthly,160.92
329,5734.9,wants,hobbies,hobbies,102.51,one time,102.51
329,5734.9,wants,travel,travel,91.91,biweekly,199.44
329,5734.9,wants,personal care,personal_care,135.73,monthly,135.73
329,5734.9,wants,gifts,gifts,99.75,monthly,99.75
329,5734.9,wants,other,other,26.8,weekly,116.04
330,1555.39,needs,groceries,groceries,35.9,weekly,155.45
330,1555.39,needs,rent/mortgage,rent_mortgage,83.92,weekly,363.37
330,1555.39,needs,utilities,utilities,42.54,biweekly,92.31
330,1555.39,needs,gas/transport,gas_transport,37.02,biweekly,80.33
330,1555.39,needs,insurance,insurance,89.4,one time,89.4
330,1555.39,needs,bills,bills,10.68,weekly,46.24
330,1555.39,needs,healthcare,healthcare,8.11,weekly,35.12
330,1555.39,needs,other,other,7.86,weekly,34.03
330,1555.39,wants,entertainment,entertainment,25.58,biweekly,55.51
330,1555.39,wants,shopping,shopping,17.26,weekly,74.74
330,1555.39,wants,subscriptions,subscriptions,16.77,biweekly,36.39
330,1555.39,wants,hobbies,hobbies,4.26,weekly,18.45
330,1555.39,wants,travel,travel,76.2,monthly,76.2
330,1555.39,wants,personal care,personal_care,18.31,monthly,18.31
330,1555.39,wants,gifts,gifts,42.51,monthly,42.51
330,1555.39,wants,other,other,26.07,monthly,26.07
331,3168.0,needs,groceries,groceries,142.69,biweekly,309.64
331,3168.0,needs,rent/mortgage,rent_mortgage,521.62,biweekly,1131.92
331,3168.0,needs,utilities,utilities,79.48,biweekly,172.47
331,3168.0,needs,gas/transport,gas_transport,52.83,weekly,228.75
331,3168.0,needs,insurance,insurance,55.06,biweekly,119.48
331,3168.0,needs,bills,bills,53.63,biweekly,116.38
331,3168.0,needs,healthcare,healthcare,50.47,biweekly,109.52
331,3168.0,needs,childcare,childcare,28.85,weekly,124.92
331,3168.0,needs,other,other,53.72,monthly,53.72
331,3168.0,wants,dining out,dining_out,37.46,weekly,162.2
331,3168.0,wants,shopping,shopping,67.92,biweekly,147.39
331,3168.0,wants,subscriptions,subscriptions,14.5,weekly,62.79
331,3168.0,wants,hobbies,hobbies,16.4,weekly,71.01
331,3168.0,wants,travel,travel,33.78,monthly,33.78
331,3168.0,wants,gifts,gifts,17.67,weekly,76.51
331,3168.0,wants,other,other,28.14,monthly,28.14
332,5947.91,needs,groceries,groceries,752.09,monthly,752.09
332,5947.91,needs,rent/mortgage,rent_mortgage,420.82,weekly,1822.15
332,5947.91,needs,utilities,utilities,57.02,weekly,246.9
332,5947.91,needs,gas/transport,gas_transport,272.27,one time,272.27
332,5947.91,needs,insurance,insurance,64.19,weekly,277.94
332,5947.91,needs,bills,bills,233.77,monthly,233.77
332,5947.91,needs,healthcare,healthcare,127.02,monthly,127.02
332,5947.91,needs,other,other,121.51,monthly,121.51
332,5947.91,wants,dining out,dining_out,126.51,monthly,126.51
332,5947.91,wants,entertainment,entertainment,95.43,monthly,95.43
332,5947.91,wants,shopping,shopping,452.95,monthly,452.95
332,5947.91,wants,subscriptions,subscriptions,81.94,biweekly,177.81
332,5947.91,wants,hobbies,hobbies,231.91,one time,231.91
332,5947.91,wants,travel,travel,214.13,monthly,214.13
332,5947.91,wants,personal care,personal_care,150.3,monthly,150.3
332,5947.91,wants,gifts,gifts,31.17,weekly,134.97
332,5947.91,wants,other,other,195.97,monthly,195.97
333,6605.45,needs,groceries,groceries,240.08,biweekly,520.97
333,6605.45,needs,rent/mortgage,rent_mortgage,481.86,weekly,2086.45
333,6605.45,needs,utilities,utilities,275.34,monthly,275.34
333,6605.45,needs,gas/transport,gas_transport,116.27,weekly,503.45
333,6605.45,needs,insurance,insurance,73.48,weekly,318.17
333,6605.45,needs,bills,bills,92.82,biweekly,201.42
333,6605.45,needs,healthcare,healthcare,74.55,biweekly,161.77
333,6605.45,needs,other,other,130.87,monthly,130.87
333,6605.45,wants,dining out,dining_out,116.39,biweekly,252.57
333,6605.45,wants,entertainment,entertainment,189.04,monthly,189.04
333,6605.45,wants,subscriptions,subscriptions,217.36,monthly,217.36
333,6605.45,wants,hobbies,hobbies,333.9,monthly,333.9
333,6605.45,wants,travel,travel,37.99,weekly,164.5
333,6605.45,wants,personal care,personal_care,17.1,weekly,74.04
333,6605.45,wants,gifts,gifts,85.84,biweekly,186.27
333,6605.45,wants,other,other,86.77,biweekly,188.29
334,2666.67,needs,groceries,groceries,43.55,weekly,188.57
334,2666.67,needs,rent/mortgage,rent_mortgage,131.97,weekly,571.43
334,2666.67,needs,utilities,utilities,66.67,biweekly,144.67
334,2666.67,needs,gas/transport,gas_transport,191.08,monthly,191.08
334,2666.67,needs,insurance,insurance,132.68,one time,132.68
334,2666.67,needs,bills,bills,90.9,monthly,90.9
334,2666.67,needs,healthcare,healthcare,84.24,monthly,84.24
334,2666.67,needs,childcare,childcare,121.38,one time,121.38
334,2666.67,wants,dining out,dining_out,197.16,monthly,197.16
334,2666.67,wants,entertainment,entertainment,70.76,monthly,70.76
334,2666.67,wants,shopping,shopping,154.61,monthly,154.61
334,2666.67,wants,subscriptions,subscriptions,93.93,monthly,93.93
334,2666.67,wants,hobbies,hobbies,131.3,monthly,131.3
334,2666.67,wants,travel,travel,135.76,monthly,135.76
334,2666.67,wants,personal care,personal_care,19.45,weekly,84.22
335,2935.25,needs,groceries,groceries,69.8,weekly,302.23
335,2935.25,needs,rent/mortgage,rent_mortgage,696.06,one time,696.06
335,2935.25,needs,utilities,utilities,107.16,one time,107.16
335,2935.25,needs,gas/transport,gas_transport,135.46,monthly,135.46
335,2935.25,needs,insurance,insurance,30.22,weekly,130.85
335,2935.25,needs,bills,bills,99.97,monthly,99.97
335,2935.25,needs,healthcare,healthcare,19.32,weekly,83.66
335,2935.25,needs,childcare,childcare,127.38,monthly,127.38
335,2935.25,needs,other,other,50.59,one time,50.59
335,2935.25,wants,dining out,dining_out,96.04,one time,96.04
335,2935.25,wants,entertainment,entertainment,62.67,biweekly,135.99
335,2935.25,wants,shopping,shopping,47.62,weekly,206.19
335,2935.25,wants,hobbies,hobbies,41.68,biweekly,90.45
335,2935.25,wants,travel,travel,17.23,weekly,74.61
335,2935.25,wants,personal care,personal_care,22.18,weekly,96.04
335,2935.25,wants,gifts,gifts,14.36,weekly,62.18
335,2935.25,wants,other,other,44.77,biweekly,97.15
336,4489.48,needs,groceries,groceries,122.33,weekly,529.69
336,4489.48,needs,rent/mortgage,rent_mortgage,1070.88,monthly,1070.88
336,4489.48,needs,utilities,utilities,131.88,biweekly,286.18
336,4489.48,needs,gas/transport,gas_transport,339.3,monthly,339.3
336,4489.48,needs,insurance,insurance,99.42,biweekly,215.74
336,4489.48,needs,bills,bills,160.2,monthly,160.2
336,4489.48,needs,healthcare,healthcare,114.56,monthly,114.56
336,4489.48,needs,other,other,71.35,monthly,71.35
336,4489.48,wants,dining out,dining_out,240.82,monthly,240.82
336,4489.48,wants,entertainment,entertainment,125.97,biweekly,273.35
336,4489.48,wants,shopping,shopping,26.26,weekly,113.71
336,4489.48,wants,subscriptions,subscriptions,96.86,monthly,96.86
336,4489.48,wants,hobbies,hobbies,49.95,weekly,216.28
336,4489.48,wants,travel,travel,66.03,monthly,66.03
336,4489.48,wants,personal care,personal_care,169.55,monthly,169.55
336,4489.48,wants,other,other,69.99,monthly,69.99
337,1730.11,needs,groceries,groceries,154.54,monthly,154.54
337,1730.11,needs,rent/mortgage,rent_mortgage,160.61,biweekly,348.52
337,1730.11,needs,utilities,utilities,64.04,monthly,64.04
337,1730.11,needs,gas/transport,gas_transport,91.53,monthly,91.53
337,1730.11,needs,insurance,insurance,37.68,biweekly,81.77
337,1730.11,needs,bills,bills,79.14,monthly,79.14
337,1730.11,needs,healthcare,healthcare,66.87,monthly,66.87
337,1730.11,needs,other,other,19.87,biweekly,43.12
337,1730.11,wants,dining out,dining_out,69.58,monthly,69.58
337,1730.11,wants,entertainment,entertainment,18.88,biweekly,40.97
337,1730.11,wants,shopping,shopping,104.68,one time,104.68
337,1730.11,wants,subscriptions,subscriptions,45.18,monthly,45.18
337,1730.11,wants,hobbies,hobbies,18.17,weekly,78.68
337,1730.11,wants,travel,travel,24.92,monthly,24.92
337,1730.11,wants,gifts,gifts,8.26,weekly,35.77
337,1730.11,wants,other,other,16.84,biweekly,36.54
338,2201.56,needs,groceries,groceries,217.0,monthly,217.0
338,2201.56,needs,rent/mortgage,rent_mortgage,746.61,monthly,746.61
338,2201.56,needs,utilities,utilities,80.19,one time,80.19
338,2201.56,needs,gas/transport,gas_transport,29.69,weekly,128.56
338,2201.56,needs,insurance,insurance,60.25,biweekly,130.74
338,2201.56,needs,bills,bills,49.53,biweekly,107.48
338,2201.56,needs,healthcare,healthcare,14.45,weekly,62.57
338,2201.56,needs,childcare,childcare,26.39,weekly,114.27
338,2201.56,wants,dining out,dining_out,16.07,biweekly,34.87
338,2201.56,wants,shopping,shopping,94.6,monthly,94.6
338,2201.56,wants,hobbies,hobbies,79.32,monthly,79.32
338,2201.56,wants,travel,travel,116.21,one time,116.21
338,2201.56,wants,personal care,personal_care,22.51,monthly,22.51
338,2201.56,wants,gifts,gifts,24.72,biweekly,53.64
338,2201.56,wants,other,other,22.96,monthly,22.96
339,4316.68,needs,groceries,groceries,377.19,monthly,377.19
339,4316.68,needs,rent/mortgage,rent_mortgage,1087.25,monthly,1087.25
339,4316.68,needs,utilities,utilities,161.24,monthly,161.24
339,4316.68,needs,gas/transport,gas_transport,258.98,monthly,258.98
339,4316.68,needs,insurance,insurance,208.33,monthly,208.33
339,4316.68,needs,bills,bills,82.01,biweekly,177.96
339,4316.68,needs,healthcare,healthcare,67.74,biweekly,147.0
339,4316.68,needs,other,other,76.79,monthly,76.79
339,4316.68,wants,dining out,dining_out,147.18,biweekly,319.38
339,4316.68,wants,entertainment,entertainment,14.01,weekly,60.66
339,4316.68,wants,shopping,shopping,80.48,monthly,80.48
339,4316.68,wants,subscriptions,subscriptions,11.98,weekly,51.87
339,4316.68,wants,personal care,personal_care,159.01,monthly,159.01
339,4316.68,wants,gifts,gifts,12.47,weekly,54.0
339,4316.68,wants,other,other,57.85,biweekly,125.53
340,13492.01,needs,groceries,groceries,732.74,biweekly,1590.05
340,13492.01,needs,rent/mortgage,rent_mortgage,3570.92,monthly,3570.92
340,13492.01,needs,utilities,utilities,251.5,biweekly,545.75
340,13492.01,needs,gas/transport,gas_transport,826.39,monthly,826.39
340,13492.01,needs,insurance,insurance,160.24,weekly,693.84
340,13492.01,needs,bills,bills,290.69,biweekly,630.8
340,13492.01,needs,healthcare,healthcare,151.07,biweekly,327.82
340,13492.01,wants,dining out,dining_out,251.79,weekly,1090.25
340,13492.01,wants,shopping,shopping,325.42,weekly,1409.07
340,13492.01,wants,subscriptions,subscriptions,171.09,monthly,171.09
340,13492.01,wants,travel,travel,380.13,monthly,380.13
340,13492.01,wants,gifts,gifts,231.51,monthly,231.51
340,13492.01,wants,other,other,186.52,one time,186.52
341,3790.53,needs,groceries,groceries,203.85,biweekly,442.35
341,3790.53,needs,rent/mortgage,rent_mortgage,1334.45,monthly,1334.45
341,3790.53,needs,utilities,utilities,34.89,weekly,151.07
341,3790.53,needs,gas/transport,gas_transport,50.18,weekly,217.28
341,3790.53,needs,insurance,insurance,137.89,monthly,137.89
341,3790.53,needs,bills,bills,149.87,one time,149.87
341,3790.53,needs,healthcare,healthcare,103.47,monthly,103.47
341,3790.53,needs,childcare,childcare,79.72,biweekly,172.99
341,3790.53,wants,shopping,shopping,75.42,weekly,326.57
341,3790.53,wants,subscriptions,subscriptions,125.11,monthly,125.11
341,3790.53,wants,hobbies,hobbies,84.21,monthly,84.21
341,3790.53,wants,travel,travel,39.51,weekly,171.08
341,3790.53,wants,personal care,personal_care,119.78,monthly,119.78
341,3790.53,wants,gifts,gifts,58.27,biweekly,126.45
341,3790.53,wants,other,other,39.94,monthly,39.94
342,5512.14,needs,groceries,groceries,149.01,weekly,645.21
342,5512.14,needs,rent/mortgage,rent_mortgage,1123.41,monthly,1123.41
342,5512.14,needs,utilities,utilities,240.57,monthly,240.57
342,5512.14,needs,gas/transport,gas_transport,388.86,monthly,388.86
342,5512.14,needs,insurance,insurance,202.73,monthly,202.73
342,5512.14,needs,bills,bills,129.04,biweekly,280.02
342,5512.14,needs,healthcare,healthcare,173.29,monthly,173.29
342,5512.14,needs,other,other,39.19,biweekly,85.04
342,5512.14,wants,dining out,dining_out,27.31,weekly,118.25
342,5512.14,wants,entertainment,entertainment,386.69,monthly,386.69
342,5512.14,wants,shopping,shopping,107.48,monthly,107.48
342,5512.14,wants,subscriptions,subscriptions,91.99,monthly,91.99
342,5512.14,wants,hobbies,hobbies,29.32,weekly,126.96
342,5512.14,wants,personal care,personal_care,195.25,monthly,195.25
342,5512.14,wants,gifts,gifts,46.19,biweekly,100.23
342,5512.14,wants,other,other,9.06,weekly,39.23
343,3684.45,needs,groceries,groceries,395.82,monthly,395.82
343,3684.45,needs,rent/mortgage,rent_mortgage,517.95,biweekly,1123.95
343,3684.45,needs,utilities,utilities,51.54,weekly,223.17
343,3684.45,needs,gas/transport,gas_transport,221.89,monthly,221.89
343,3684.45,needs,insurance,insurance,93.95,biweekly,203.87
343,3684.45,needs,bills,bills,31.87,weekly,138.0
343,3684.45,needs,healthcare,healthcare,104.13,monthly,104.13
343,3684.45,needs,childcare,childcare,130.08,monthly,130.08
343,3684.45,needs,other,other,84.47,monthly,84.47
343,3684.45,wants,dining out,dining_out,116.32,monthly,116.32
343,3684.45,wants,entertainment,entertainment,99.1,biweekly,215.05
343,3684.45,wants,shopping,shopping,35.28,weekly,152.76
343,3684.45,wants,subscriptions,subscriptions,41.39,biweekly,89.82
343,3684.45,wants,hobbies,hobbies,34.55,weekly,149.6
343,3684.45,wants,other,other,87.51,one time,87.51
344,4546.45,needs,groceries,groceries,583.64,one time,583.64
344,4546.45,needs,rent/mortgage,rent_mortgage,604.29,biweekly,1311.31
344,4546.45,needs,utilities,utilities,268.11,monthly,268.11
344,4546.45,needs,gas/transport,gas_transport,135.66,biweekly,294.38
344,4546.45,needs,insurance,insurance,173.38,monthly,173.38
344,4546.45,needs,bills,bills,190.08,monthly,190.08
344,4546.45,needs,healthcare,healthcare,30.32,weekly,131.29
344,4546.45,needs,other,other,31.18,biweekly,67.66
344,4546.45,wants,dining out,dining_out,239.06,monthly,239.06
344,4546.45,wants,entertainment,entertainment,38.2,weekly,165.41
344,4546.45,wants,shopping,shopping,173.03,monthly,173.03
344,4546.45,wants,subscriptions,subscriptions,101.69,monthly,101.69
344,4546.45,wants,other,other,71.68,one time,71.68
345,2730.2,needs,groceries,groceries,263.06,monthly,263.06
345,2730.2,needs,rent/mortgage,rent_mortgage,932.37,monthly,932.37
345,2730.2,needs,utilities,utilities,104.4,monthly,104.4
345,2730.2,needs,gas/transport,gas_transport,173.0,monthly,173.0
345,2730.2,needs,insurance,insurance,50.54,biweekly,109.67
345,2730.2,needs,bills,bills,127.99,one time,127.99
345,2730.2,needs,healthcare,healthcare,86.03,one time,86.03
345,2730.2,needs,childcare,childcare,118.31,one time,118.31
345,2730.2,needs,other,other,11.58,weekly,50.14
345,2730.2,wants,dining out,dining_out,40.08,weekly,173.55
345,2730.2,wants,entertainment,entertainment,109.14,monthly,109.14
345,2730.2,wants,subscriptions,subscriptions,79.78,monthly,79.78
345,2730.2,wants,hobbies,hobbies,134.38,monthly,134.38
345,2730.2,wants,travel,travel,126.17,monthly,126.17
345,2730.2,wants,personal care,personal_care,55.59,monthly,55.59
345,2730.2,wants,gifts,gifts,19.4,monthly,19.4
345,2730.2,wants,other,other,46.68,monthly,46.68
346,3017.5,needs,groceries,groceries,152.37,biweekly,330.64
346,3017.5,needs,rent/mortgage,rent_mortgage,664.14,one time,664.14
346,3017.5,needs,utilities,utilities,33.05,weekly,143.11
346,3017.5,needs,gas/transport,gas_transport,205.86,monthly,205.86
346,3017.5,needs,insurance,insurance,26.2,weekly,113.45
346,3017.5,needs,bills,bills,58.07,biweekly,126.01
346,3017.5,needs,healthcare,healthcare,108.73,one time,108.73
346,3017.5,needs,childcare,childcare,124.88,monthly,124.88
346,3017.5,needs,other,other,72.24,monthly,72.24
346,3017.5,wants,dining out,dining_out,105.4,biweekly,228.72
346,3017.5,wants,entertainment,entertainment,143.8,one time,143.8
346,3017.5,wants,shopping,shopping,139.17,monthly,139.17
346,3017.5,wants,subscriptions,subscriptions,25.73,biweekly,55.83
346,3017.5,wants,hobbies,hobbies,116.76,monthly,116.76
346,3017.5,wants,travel,travel,65.38,biweekly,141.87
346,3017.5,wants,other,other,35.34,monthly,35.34
347,3029.83,needs,groceries,groceries,65.16,weekly,282.14
347,3029.83,needs,rent/mortgage,rent_mortgage,666.83,one time,666.83
347,3029.83,needs,utilities,utilities,79.02,biweekly,171.47
347,3029.83,needs,gas/transport,gas_transport,149.92,monthly,149.92
347,3029.83,needs,insurance,insurance,27.07,weekly,117.21
347,3029.83,needs,bills,bills,50.64,biweekly,109.89
347,3029.83,needs,healthcare,healthcare,95.02,monthly,95.02
347,3029.83,needs,childcare,childcare,34.22,weekly,148.17
347,3029.83,needs,other,other,73.91,monthly,73.91
347,3029.83,wants,dining out,dining_out,57.86,weekly,250.53
347,3029.83,wants,shopping,shopping,53.35,weekly,231.01
347,3029.83,wants,gifts,gifts,36.86,monthly,36.86
347,3029.83,wants,other,other,77.86,monthly,77.86
348,4210.64,needs,groceries,groceries,492.56,monthly,492.56
348,4210.64,needs,rent/mortgage,rent_mortgage,1157.66,monthly,1157.66
348,4210.64,needs,utilities,utilities,82.11,biweekly,178.18
348,4210.64,needs,gas/transport,gas_transport,195.85,monthly,195.85
348,4210.64,needs,insurance,insurance,238.45,monthly,238.45
348,4210.64,needs,bills,bills,37.37,weekly,161.81
348,4210.64,needs,healthcare,healthcare,72.58,biweekly,157.5
348,4210.64,needs,childcare,childcare,81.37,biweekly,176.57
348,4210.64,needs,other,other,86.1,monthly,86.1
348,4210.64,wants,dining out,dining_out,69.47,weekly,300.81
348,4210.64,wants,shopping,shopping,41.0,weekly,177.53
348,4210.64,wants,subscriptions,subscriptions,50.69,monthly,50.69
348,4210.64,wants,hobbies,hobbies,131.67,one time,131.67
348,4210.64,wants,travel,travel,180.06,monthly,180.06
348,4210.64,wants,personal care,personal_care,39.79,weekly,172.29
348,4210.64,wants,gifts,gifts,140.19,monthly,140.19
348,4210.64,wants,other,other,78.66,monthly,78.66
349,5526.51,needs,groceries,groceries,397.38,monthly,397.38
349,5526.51,needs,rent/mortgage,rent_mortgage,551.98,biweekly,1197.8
349,5526.51,needs,utilities,utilities,148.51,biweekly,322.27
349,5526.51,needs,gas/transport,gas_transport,75.83,weekly,328.34
349,5526.51,needs,insurance,insurance,250.05,monthly,250.05
349,5526.51,needs,bills,bills,63.77,weekly,276.12
349,5526.51,needs,healthcare,healthcare,169.18,monthly,169.18
349,5526.51,wants,dining out,dining_out,218.02,biweekly,473.1
349,5526.51,wants,entertainment,entertainment,101.27,monthly,101.27
349,5526.51,wants,shopping,shopping,105.11,monthly,105.11
349,5526.51,wants,personal care,personal_care,80.31,biweekly,174.27
349,5526.51,wants,gifts,gifts,62.24,biweekly,135.06
349,5526.51,wants,other,other,45.09,monthly,45.09
350,8672.6,needs,groceries,groceries,732.47,monthly,732.47
350,8672.6,needs,rent/mortgage,rent_mortgage,3024.37,monthly,3024.37
350,8672.6,needs,utilities,utilities,169.38,biweekly,367.55
350,8672.6,needs,gas/transport,gas_transport,146.15,weekly,632.83
350,8672.6,needs,insurance,insurance,75.18,weekly,325.53
350,8672.6,needs,bills,bills,404.12,monthly,404.12
350,8672.6,needs,healthcare,healthcare,247.73,monthly,247.73
350,8672.6,needs,childcare,childcare,316.35,monthly,316.35
350,8672.6,wants,entertainment,entertainment,204.55,biweekly,443.87
350,8672.6,wants,shopping,shopping,207.65,weekly,899.12
350,8672.6,wants,subscriptions,subscriptions,89.66,one time,89.66
350,8672.6,wants,hobbies,hobbies,75.56,weekly,327.17
350,8672.6,wants,travel,travel,192.22,biweekly,417.12
350,8672.6,wants,personal care,personal_care,53.83,biweekly,116.81
351,4130.12,needs,groceries,groceries,420.29,monthly,420.29
351,4130.12,needs,rent/mortgage,rent_mortgage,1033.67,monthly,1033.67
351,4130.12,needs,utilities,utilities,50.94,weekly,220.57
351,4130.12,needs,gas/transport,gas_transport,310.73,monthly,310.73
351,4130.12,needs,insurance,insurance,37.27,weekly,161.38
351,4130.12,needs,bills,bills,167.53,monthly,167.53
351,4130.12,needs,healthcare,healthcare,160.99,monthly,160.99
351,4130.12,needs,other,other,78.77,monthly,78.77
351,4130.12,wants,dining out,dining_out,17.86,weekly,77.33
351,4130.12,wants,entertainment,entertainment,72.59,monthly,72.59
351,4130.12,wants,shopping,shopping,324.73,monthly,324.73
351,4130.12,wants,subscriptions,subscriptions,79.61,monthly,79.61
351,4130.12,wants,hobbies,hobbies,10.9,weekly,47.2
351,4130.12,wants,travel,travel,96.23,biweekly,208.82
351,4130.12,wants,personal care,personal_care,73.41,monthly,73.41
351,4130.12,wants,gifts,gifts,43.99,one time,43.99
351,4130.12,wants,other,other,28.34,weekly,122.71
352,3694.14,needs,groceries,groceries,84.41,weekly,365.5
352,3694.14,needs,rent/mortgage,rent_mortgage,1335.33,one time,1335.33
352,3694.14,needs,utilities,utilities,42.46,weekly,183.85
352,3694.14,needs,gas/transport,gas_transport,45.86,weekly,198.57
352,3694.14,needs,insurance,insurance,91.44,biweekly,198.42
352,3694.14,needs,bills,bills,41.15,weekly,178.18
352,3694.14,needs,healthcare,healthcare,81.77,monthly,81.77
352,3694.14,wants,dining out,dining_out,23.94,weekly,103.66
352,3694.14,wants,entertainment,entertainment,19.09,weekly,82.66
352,3694.14,wants,shopping,shopping,57.4,biweekly,124.56
352,3694.14,wants,subscriptions,subscriptions,7.99,weekly,34.6
352,3694.14,wants,hobbies,hobbies,17.23,weekly,74.61
352,3694.14,wants,travel,travel,37.98,biweekly,82.42
352,3694.14,wants,personal care,personal_care,72.27,monthly,72.27
352,3694.14,wants,gifts,gifts,109.43,monthly,109.43
352,3694.14,wants,other,other,82.68,monthly,82.68
353,9324.62,needs,groceries,groceries,448.78,biweekly,973.85
353,9324.62,needs,rent/mortgage,rent_mortgage,2249.96,monthly,2249.96
353,9324.62,needs,utilities,utilities,438.2,one time,438.2
353,9324.62,needs,gas/transport,gas_transport,672.21,monthly,672.21
353,9324.62,needs,insurance,insurance,561.98,monthly,561.98
353,9324.62,needs,bills,bills,403.99,monthly,403.99
353,9324.62,needs,healthcare,healthcare,91.56,biweekly,198.69
353,9324.62,wants,dining out,dining_out,76.93,biweekly,166.94
353,9324.62,wants,entertainment,entertainment,371.93,monthly,371.93
353,9324.62,wants,shopping,shopping,781.94,monthly,781.94
353,9324.62,wants,subscriptions,subscriptions,38.03,biweekly,82.53
353,9324.62,wants,hobbies,hobbies,405.29,one time,405.29
353,9324.62,wants,travel,travel,84.91,monthly,84.91
353,9324.62,wants,gifts,gifts,160.78,monthly,160.78
353,9324.62,wants,other,other,61.09,monthly,61.09
354,2546.49,needs,groceries,groceries,72.45,weekly,313.71
354,2546.49,needs,rent/mortgage,rent_mortgage,922.21,one time,922.21
354,2546.49,needs,utilities,utilities,114.1,monthly,114.1
354,2546.49,needs,gas/transport,gas_transport,192.75,monthly,192.75
354,2546.49,needs,insurance,insurance,102.43,one time,102.43
354,2546.49,needs,bills,bills,17.24,weekly,74.65
354,2546.49,needs,healthcare,healthcare,57.02,monthly,57.02
354,2546.49,needs,other,other,47.83,one time,47.83
354,2546.49,wants,entertainment,entertainment,75.3,one time,75.3
354,2546.49,wants,shopping,shopping,89.45,monthly,89.45
354,2546.49,wants,subscriptions,subscriptions,68.08,monthly,68.08
354,2546.49,wants,hobbies,hobbies,56.73,monthly,56.73
354,2546.49,wants,travel,travel,13.0,biweekly,28.21
354,2546.49,wants,personal care,personal_care,95.9,monthly,95.9
354,2546.49,wants,gifts,gifts,28.09,biweekly,60.96
355,9255.5,needs,groceries,groceries,877.27,monthly,877.27
355,9255.5,needs,rent/mortgage,rent_mortgage,709.33,weekly,3071.4
355,9255.5,needs,utilities,utilities,367.62,monthly,367.62
355,9255.5,needs,gas/transport,gas_transport,107.15,weekly,463.96
355,9255.5,needs,insurance,insurance,160.42,biweekly,348.11
355,9255.5,needs,bills,bills,312.16,monthly,312.16
355,9255.5,needs,healthcare,healthcare,49.1,weekly,212.6
355,9255.5,needs,other,other,219.13,one time,219.13
355,9255.5,wants,dining out,dining_out,400.1,one time,400.1
355,9255.5,wants,shopping,shopping,785.09,monthly,785.09
355,9255.5,wants,subscriptions,subscriptions,102.07,monthly,102.07
355,9255.5,wants,hobbies,hobbies,266.68,monthly,266.68
355,9255.5,wants,travel,travel,324.86,monthly,324.86
355,9255.5,wants,gifts,gifts,44.93,biweekly,97.5
355,9255.5,wants,other,other,52.84,weekly,228.8
356,8776.39,needs,groceries,groceries,971.21,monthly,971.21
356,8776.39,needs,rent/mortgage,rent_mortgage,2300.75,monthly,2300.75
356,8776.39,needs,utilities,utilities,445.91,one time,445.91
356,8776.39,needs,gas/transport,gas_transport,245.96,biweekly,533.73
356,8776.39,needs,insurance,insurance,122.26,weekly,529.39
356,8776.39,needs,bills,bills,415.77,monthly,415.77
356,8776.39,needs,healthcare,healthcare,72.32,weekly,313.15
356,8776.39,needs,other,other,61.76,biweekly,134.02
356,8776.39,wants,subscriptions,subscriptions,43.34,biweekly,94.05
356,8776.39,wants,hobbies,hobbies,217.31,biweekly,471.56
356,8776.39,wants,travel,travel,252.6,monthly,252.6
356,8776.39,wants,personal care,personal_care,159.51,monthly,159.51
356,8776.39,wants,gifts,gifts,132.94,biweekly,288.48
356,8776.39,wants,other,other,203.62,one time,203.62
357,4804.57,needs,groceries,groceries,428.91,one time,428.91
357,4804.57,needs,rent/mortgage,rent_mortgage,1197.95,monthly,1197.95
357,4804.57,needs,utilities,utilities,100.87,biweekly,218.89
357,4804.57,needs,gas/transport,gas_transport,202.64,monthly,202.64
357,4804.57,needs,insurance,insurance,68.55,weekly,296.82
357,4804.57,needs,bills,bills,226.2,one time,226.2
357,4804.57,needs,healthcare,healthcare,135.78,one time,135.78
357,4804.57,wants,entertainment,entertainment,20.86,weekly,90.32
357,4804.57,wants,shopping,shopping,145.92,biweekly,316.65
357,4804.57,wants,subscriptions,subscriptions,47.98,biweekly,104.12
357,4804.57,wants,personal care,personal_care,251.84,monthly,251.84
357,4804.57,wants,gifts,gifts,166.48,monthly,166.48
358,1563.83,needs,groceries,groceries,42.07,weekly,182.16
358,1563.83,needs,rent/mortgage,rent_mortgage,499.83,monthly,499.83
358,1563.83,needs,utilities,utilities,43.73,biweekly,94.89
358,1563.83,needs,gas/transport,gas_transport,49.02,biweekly,106.37
358,1563.83,needs,insurance,insurance,22.1,weekly,95.69
358,1563.83,needs,bills,bills,36.77,biweekly,79.79
358,1563.83,needs,healthcare,healthcare,34.95,monthly,34.95
358,1563.83,wants,dining out,dining_out,13.62,weekly,58.97
358,1563.83,wants,entertainment,entertainment,25.31,monthly,25.31
358,1563.83,wants,shopping,shopping,43.65,biweekly,94.72
358,1563.83,wants,subscriptions,subscriptions,53.61,monthly,53.61
358,1563.83,wants,hobbies,hobbies,51.24,monthly,51.24
358,1563.83,wants,travel,travel,18.47,monthly,18.47
358,1563.83,wants,personal care,personal_care,16.02,biweekly,34.76
358,1563.83,wants,gifts,gifts,6.75,weekly,29.23
358,1563.83,wants,other,other,9.17,biweekly,19.9
359,18089.49,needs,groceries,groceries,632.45,biweekly,1372.42
359,18089.49,needs,rent/mortgage,rent_mortgage,5409.63,monthly,5409.63
359,18089.49,needs,utilities,utilities,1132.05,monthly,1132.05
359,18089.49,needs,gas/transport,gas_transport,967.24,monthly,967.24
359,18089.49,needs,insurance,insurance,1042.08,monthly,1042.08
359,18089.49,needs,bills,bills,618.13,monthly,618.13
359,18089.49,needs,healthcare,healthcare,681.21,monthly,681.21
359,18089.49,needs,other,other,379.26,monthly,379.26
359,18089.49,wants,dining out,dining_out,306.79,weekly,1328.4
359,18089.49,wants,entertainment,entertainment,148.11,biweekly,321.4
359,18089.49,wants,shopping,shopping,450.97,weekly,1952.7
359,18089.49,wants,subscriptions,subscriptions,456.86,monthly,456.86
359,18089.49,wants,hobbies,hobbies,883.05,monthly,883.05
359,18089.49,wants,personal care,personal_care,215.53,weekly,933.24
359,18089.49,wants,gifts,gifts,133.24,monthly,133.24
359,18089.49,wants,other,other,258.99,biweekly,562.01
360,4751.48,needs,groceries,groceries,167.92,biweekly,364.39
360,4751.48,needs,rent/mortgage,rent_mortgage,1351.88,one time,1351.88
360,4751.48,needs,utilities,utilities,47.44,weekly,205.42
360,4751.48,needs,gas/transport,gas_transport,117.4,biweekly,254.76
360,4751.48,needs,insurance,insurance,205.97,monthly,205.97
360,4751.48,needs,bills,bills,167.99,monthly,167.99
360,4751.48,needs,healthcare,healthcare,55.37,biweekly,120.15
360,4751.48,needs,other,other,23.96,weekly,103.75
360,4751.48,wants,entertainment,entertainment,193.24,monthly,193.24
360,4751.48,wants,shopping,shopping,415.56,monthly,415.56
360,4751.48,wants,subscriptions,subscriptions,147.77,monthly,147.77
360,4751.48,wants,hobbies,hobbies,88.91,biweekly,192.93
360,4751.48,wants,travel,travel,97.1,monthly,97.1
360,4751.48,wants,personal care,personal_care,144.06,monthly,144.06
360,4751.48,wants,gifts,gifts,23.65,weekly,102.4
360,4751.48,wants,other,other,127.8,monthly,127.8
361,2120.15,needs,groceries,groceries,169.93,monthly,169.93
361,2120.15,needs,rent/mortgage,rent_mortgage,155.55,weekly,673.53
361,2120.15,needs,utilities,utilities,22.34,weekly,96.73
361,2120.15,needs,gas/transport,gas_transport,29.08,weekly,125.92
361,2120.15,needs,insurance,insurance,24.51,weekly,106.13
361,2120.15,needs,bills,bills,82.1,monthly,82.1
361,2120.15,needs,healthcare,healthcare,59.72,monthly,59.72
361,2120.15,needs,childcare,childcare,22.42,weekly,97.08
361,2120.15,needs,other,other,34.06,monthly,34.06
361,2120.15,wants,dining out,dining_out,10.83,weekly,46.89
361,2120.15,wants,entertainment,entertainment,6.91,weekly,29.92
361,2120.15,wants,shopping,shopping,96.61,biweekly,209.64
361,2120.15,wants,subscriptions,subscriptions,24.01,monthly,24.01
361,2120.15,wants,hobbies,hobbies,104.23,monthly,104.23
361,2120.15,wants,travel,travel,52.62,biweekly,114.19
361,2120.15,wants,gifts,gifts,11.76,biweekly,25.52
362,4235.5,needs,groceries,groceries,534.49,monthly,534.49
362,4235.5,needs,rent/mortgage,rent_mortgage,214.65,weekly,929.43
362,4235.5,needs,utilities,utilities,113.9,biweekly,247.16
362,4235.5,needs,gas/transport,gas_transport,209.86,one time,209.86
362,4235.5,needs,insurance,insurance,171.8,monthly,171.8
362,4235.5,needs,bills,bills,169.25,monthly,169.25
362,4235.5,needs,healthcare,healthcare,69.96,biweekly,151.81
362,4235.5,needs,other,other,49.41,biweekly,107.22
362,4235.5,wants,shopping,shopping,120.51,one time,120.51
362,4235.5,wants,hobbies,hobbies,16.48,weekly,71.36
362,4235.5,wants,travel,travel,65.56,monthly,65.56
362,4235.5,wants,personal care,personal_care,79.01,biweekly,171.45
362,4235.5,wants,other,other,111.34,monthly,111.34
363,3413.8,needs,groceries,groceries,276.89,monthly,276.89
363,3413.8,needs,rent/mortgage,rent_mortgage,805.87,monthly,805.87
363,3413.8,needs,utilities,utilities,30.24,weekly,130.94
363,3413.8,needs,gas/transport,gas_transport,46.04,weekly,199.35
363,3413.8,needs,insurance,insurance,182.62,monthly,182.62
363,3413.8,needs,bills,bills,45.95,biweekly,99.71
363,3413.8,needs,healthcare,healthcare,21.23,weekly,91.93
363,3413.8,needs,childcare,childcare,164.98,monthly,164.98
363,3413.8,needs,other,other,39.09,biweekly,84.83
363,3413.8,wants,entertainment,entertainment,26.69,weekly,115.57
363,3413.8,wants,shopping,shopping,229.63,monthly,229.63
363,3413.8,wants,subscriptions,subscriptions,92.8,monthly,92.8
363,3413.8,wants,hobbies,hobbies,151.12,monthly,151.12
363,3413.8,wants,travel,travel,84.22,monthly,84.22
363,3413.8,wants,personal care,personal_care,127.02,monthly,127.02
363,3413.8,wants,gifts,gifts,113.11,monthly,113.11
364,2655.5,needs,groceries,groceries,67.2,weekly,290.98
364,2655.5,needs,rent/mortgage,rent_mortgage,627.27,monthly,627.27
364,2655.5,needs,utilities,utilities,101.46,monthly,101.46
364,2655.5,needs,gas/transport,gas_transport,129.48,one time,129.48
364,2655.5,needs,insurance,insurance,146.83,monthly,146.83
364,2655.5,needs,bills,bills,90.93,one time,90.93
364,2655.5,needs,healthcare,healthcare,15.96,weekly,69.11
364,2655.5,needs,childcare,childcare,42.73,biweekly,92.72
364,2655.5,wants,entertainment,entertainment,51.96,monthly,51.96
364,2655.5,wants,hobbies,hobbies,24.74,biweekly,53.69
364,2655.5,wants,travel,travel,126.68,monthly,126.68
364,2655.5,wants,personal care,personal_care,52.69,biweekly,114.34
364,2655.5,wants,gifts,gifts,28.81,biweekly,62.52
365,2026.79,needs,groceries,groceries,85.18,biweekly,184.84
365,2026.79,needs,rent/mortgage,rent_mortgage,723.72,monthly,723.72
365,2026.79,needs,utilities,utilities,108.51,monthly,108.51
365,2026.79,needs,gas/transport,gas_transport,154.43,monthly,154.43
365,2026.79,needs,insurance,insurance,55.55,biweekly,120.54
365,2026.79,needs,bills,bills,65.79,monthly,65.79
365,2026.79,needs,healthcare,healthcare,44.54,monthly,44.54
365,2026.79,needs,childcare,childcare,85.74,monthly,85.74
365,2026.79,wants,dining out,dining_out,41.73,monthly,41.73
365,2026.79,wants,entertainment,entertainment,13.2,weekly,57.16
365,2026.79,wants,shopping,shopping,177.41,monthly,177.41
365,2026.79,wants,hobbies,hobbies,10.07,weekly,43.6
365,2026.79,wants,travel,travel,21.15,weekly,91.58
365,2026.79,wants,gifts,gifts,9.06,weekly,39.23
365,2026.79,wants,other,other,36.22,monthly,36.22
366,2962.88,needs,groceries,groceries,285.55,monthly,285.55
366,2962.88,needs,rent/mortgage,rent_mortgage,1070.37,monthly,1070.37
366,2962.88,needs,utilities,utilities,184.92,one time,184.92
366,2962.88,needs,gas/transport,gas_transport,158.78,one time,158.78
366,2962.88,needs,insurance,insurance,69.04,biweekly,149.82
366,2962.88,needs,bills,bills,34.22,weekly,148.17
366,2962.88,needs,healthcare,healthcare,67.61,monthly,67.61
366,2962.88,needs,other,other,16.24,weekly,70.32
366,2962.88,wants,dining out,dining_out,159.43,monthly,159.43
366,2962.88,wants,entertainment,entertainment,59.78,one time,59.78
366,2962.88,wants,shopping,shopping,181.66,one time,181.66
366,2962.88,wants,subscriptions,subscriptions,23.84,weekly,103.23
366,2962.88,wants,hobbies,hobbies,55.89,monthly,55.89
366,2962.88,wants,travel,travel,129.35,monthly,129.35
366,2962.88,wants,personal care,personal_care,134.24,monthly,134.24
366,2962.88,wants,gifts,gifts,57.44,monthly,57.44
366,2962.88,wants,other,other,78.31,monthly,78.31
367,5325.0,needs,groceries,groceries,230.9,biweekly,501.05
367,5325.0,needs,rent/mortgage,rent_mortgage,1252.08,monthly,1252.08
367,5325.0,needs,utilities,utilities,312.38,monthly,312.38
367,5325.0,needs,gas/transport,gas_transport,306.22,monthly,306.22
367,5325.0,needs,insurance,insurance,203.05,one time,203.05
367,5325.0,needs,bills,bills,88.29,biweekly,191.59
367,5325.0,needs,healthcare,healthcare,114.28,monthly,114.28
367,5325.0,wants,entertainment,entertainment,137.5,monthly,137.5
367,5325.0,wants,subscriptions,subscriptions,155.59,monthly,155.59
367,5325.0,wants,hobbies,hobbies,204.19,monthly,204.19
367,5325.0,wants,personal care,personal_care,80.78,monthly,80.78
367,5325.0,wants,other,other,91.23,monthly,91.23
368,5612.9,needs,groceries,groceries,241.77,biweekly,524.64
368,5612.9,needs,rent/mortgage,rent_mortgage,351.8,weekly,1523.29
368,5612.9,needs,utilities,utilities,217.83,monthly,217.83
368,5612.9,needs,gas/transport,gas_transport,290.3,monthly,290.3
368,5612.9,needs,insurance,insurance,101.97,biweekly,221.27
368,5612.9,needs,bills,bills,281.23,monthly,281.23
368,5612.9,needs,healthcare,healthcare,160.77,monthly,160.77
368,5612.9,needs,other,other,36.96,biweekly,80.2
368,5612.9,wants,entertainment,entertainment,88.67,weekly,383.94
368,5612.9,wants,hobbies,hobbies,41.78,biweekly,90.66
368,5612.9,wants,travel,travel,207.47,monthly,207.47
368,5612.9,wants,personal care,personal_care,295.44,monthly,295.44
368,5612.9,wants,other,other,151.84,monthly,151.84
369,10987.16,needs,groceries,groceries,538.06,biweekly,1167.59
369,10987.16,needs,rent/mortgage,rent_mortgage,3938.83,monthly,3938.83
369,10987.16,needs,utilities,utilities,667.92,one time,667.92
369,10987.16,needs,gas/transport,gas_transport,757.11,monthly,757.11
369,10987.16,needs,insurance,insurance,528.08,one time,528.08
369,10987.16,needs,bills,bills,425.43,one time,425.43
369,10987.16,needs,healthcare,healthcare,85.12,weekly,368.57
369,10987.16,needs,other,other,188.57,one time,188.57
369,10987.16,wants,entertainment,entertainment,168.45,one time,168.45
369,10987.16,wants,shopping,shopping,129.84,biweekly,281.75
369,10987.16,wants,subscriptions,subscriptions,293.52,monthly,293.52
369,10987.16,wants,hobbies,hobbies,586.85,monthly,586.85
369,10987.16,wants,travel,travel,56.62,biweekly,122.87
369,10987.16,wants,personal care,personal_care,114.06,weekly,493.88
369,10987.16,wants,gifts,gifts,145.93,one time,145.93
370,2886.24,needs,groceries,groceries,310.73,monthly,310.73
370,2886.24,needs,rent/mortgage,rent_mortgage,268.13,biweekly,581.84
370,2886.24,needs,utilities,utilities,147.68,monthly,147.68
370,2886.24,needs,gas/transport,gas_transport,39.48,weekly,170.95
370,2886.24,needs,insurance,insurance,80.19,biweekly,174.01
370,2886.24,needs,bills,bills,99.64,monthly,99.64
370,2886.24,needs,healthcare,healthcare,76.68,monthly,76.68
370,2886.24,needs,childcare,childcare,37.67,biweekly,81.74
370,2886.24,wants,dining out,dining_out,61.08,biweekly,132.54
370,2886.24,wants,entertainment,entertainment,26.47,weekly,114.62
370,2886.24,wants,subscriptions,subscriptions,63.68,monthly,63.68
370,2886.24,wants,travel,travel,28.85,biweekly,62.6
370,2886.24,wants,personal care,personal_care,44.42,monthly,44.42
370,2886.24,wants,gifts,gifts,44.7,monthly,44.7
371,2559.28,needs,groceries,groceries,251.4,monthly,251.4
371,2559.28,needs,rent/mortgage,rent_mortgage,535.64,one time,535.64
371,2559.28,needs,utilities,utilities,22.67,weekly,98.16
371,2559.28,needs,gas/transport,gas_transport,54.07,biweekly,117.33
371,2559.28,needs,insurance,insurance,26.94,weekly,116.65
371,2559.28,needs,bills,bills,21.84,weekly,94.57
371,2559.28,needs,healthcare,healthcare,13.66,weekly,59.15
371,2559.28,wants,entertainment,entertainment,45.23,biweekly,98.15
371,2559.28,wants,shopping,shopping,224.78,monthly,224.78
371,2559.28,wants,subscriptions,subscriptions,67.85,monthly,67.85
371,2559.28,wants,hobbies,hobbies,121.7,one time,121.7
371,2559.28,wants,travel,travel,57.22,biweekly,124.17
371,2559.28,wants,personal care,personal_care,34.73,monthly,34.73
371,2559.28,wants,gifts,gifts,15.17,biweekly,32.92
371,2559.28,wants,other,other,24.69,monthly,24.69
372,4324.32,needs,groceries,groceries,382.43,monthly,382.43
372,4324.32,needs,rent/mortgage,rent_mortgage,1147.82,monthly,1147.82
372,4324.32,needs,utilities,utilities,189.3,monthly,189.3
372,4324.32,needs,gas/transport,gas_transport,246.91,monthly,246.91
372,4324.32,needs,insurance,insurance,63.37,weekly,274.39
372,4324.32,needs,bills,bills,214.75,monthly,214.75
372,4324.32,needs,healthcare,healthcare,143.99,monthly,143.99
372,4324.32,needs,childcare,childcare,33.43,weekly,144.75
372,4324.32,needs,other,other,48.63,biweekly,105.53
372,4324.32,wants,dining out,dining_out,79.69,weekly,345.06
372,4324.32,wants,entertainment,entertainment,56.68,weekly,245.42
372,4324.32,wants,shopping,shopping,101.88,weekly,441.14
372,4324.32,wants,subscriptions,subscriptions,127.28,monthly,127.28
372,4324.32,wants,hobbies,hobbies,229.45,monthly,229.45
372,4324.32,wants,travel,travel,217.06,monthly,217.06
372,4324.32,wants,personal care,personal_care,218.11,one time,218.11
373,4768.98,needs,groceries,groceries,266.02,biweekly,577.26
373,4768.98,needs,rent/mortgage,rent_mortgage,1139.08,monthly,1139.08
373,4768.98,needs,utilities,utilities,135.07,biweekly,293.1
373,4768.98,needs,gas/transport,gas_transport,104.54,biweekly,226.85
373,4768.98,needs,insurance,insurance,113.86,biweekly,247.08
373,4768.98,needs,bills,bills,44.14,weekly,191.13
373,4768.98,needs,healthcare,healthcare,155.43,monthly,155.43
373,4768.98,wants,dining out,dining_out,359.66,monthly,359.66
373,4768.98,wants,entertainment,entertainment,220.95,one time,220.95
373,4768.98,wants,shopping,shopping,105.28,monthly,105.28
373,4768.98,wants,subscriptions,subscriptions,18.19,weekly,78.76
373,4768.98,wants,hobbies,hobbies,140.48,monthly,140.48
373,4768.98,wants,travel,travel,165.6,monthly,165.6
373,4768.98,wants,personal care,personal_care,141.15,monthly,141.15
373,4768.98,wants,gifts,gifts,31.51,weekly,136.44
374,1689.73,needs,groceries,groceries,155.26,monthly,155.26
374,1689.73,needs,rent/mortgage,rent_mortgage,403.04,monthly,403.04
374,1689.73,needs,utilities,utilities,21.36,weekly,92.49
374,1689.73,needs,gas/transport,gas_transport,77.86,monthly,77.86
374,1689.73,needs,insurance,insurance,40.79,biweekly,88.51
374,1689.73,needs,bills,bills,18.86,weekly,81.66
374,1689.73,needs,healthcare,healthcare,21.33,biweekly,46.29
374,1689.73,needs,other,other,24.19,monthly,24.19
374,1689.73,wants,dining out,dining_out,118.32,monthly,118.32
374,1689.73,wants,entertainment,entertainment,18.53,weekly,80.23
374,1689.73,wants,shopping,shopping,24.06,weekly,104.18
374,1689.73,wants,subscriptions,subscriptions,49.94,monthly,49.94
374,1689.73,wants,hobbies,hobbies,77.93,monthly,77.93
374,1689.73,wants,personal care,personal_care,79.53,monthly,79.53
374,1689.73,wants,gifts,gifts,16.97,monthly,16.97
374,1689.73,wants,other,other,11.06,monthly,11.06
375,2923.15,needs,groceries,groceries,312.96,monthly,312.96
375,2923.15,needs,rent/mortgage,rent_mortgage,226.54,weekly,980.92
375,2923.15,needs,utilities,utilities,36.25,weekly,156.96
375,2923.15,needs,gas/transport,gas_transport,171.0,monthly,171.0
375,2923.15,needs,insurance,insurance,134.77,one time,134.77
375,2923.15,needs,bills,bills,97.03,monthly,97.03
375,2923.15,needs,healthcare,healthcare,109.08,one time,109.08
375,2923.15,wants,dining out,dining_out,46.05,weekly,199.4
375,2923.15,wants,entertainment,entertainment,83.53,biweekly,181.26
375,2923.15,wants,shopping,shopping,116.29,monthly,116.29
375,2923.15,wants,subscriptions,subscriptions,15.51,biweekly,33.66
375,2923.15,wants,hobbies,hobbies,6.88,weekly,29.79
375,2923.15,wants,travel,travel,54.7,monthly,54.7
375,2923.15,wants,personal care,personal_care,40.64,biweekly,88.19
375,2923.15,wants,other,other,78.53,monthly,78.53
376,2990.48,needs,groceries,groceries,69.38,weekly,300.42
376,2990.48,needs,rent/mortgage,rent_mortgage,284.04,biweekly,616.37
376,2990.48,needs,utilities,utilities,156.8,monthly,156.8
376,2990.48,needs,gas/transport,gas_transport,226.62,monthly,226.62
376,2990.48,needs,insurance,insurance,183.74,one time,183.74
376,2990.48,needs,bills,bills,142.36,monthly,142.36
376,2990.48,needs,healthcare,healthcare,84.86,monthly,84.86
376,2990.48,wants,dining out,dining_out,219.32,monthly,219.32
376,2990.48,wants,entertainment,entertainment,83.29,monthly,83.29
376,2990.48,wants,shopping,shopping,99.23,biweekly,215.33
376,2990.48,wants,subscriptions,subscriptions,35.58,monthly,35.58
376,2990.48,wants,travel,travel,63.94,biweekly,138.75
376,2990.48,wants,personal care,personal_care,57.05,monthly,57.05
376,2990.48,wants,gifts,gifts,79.02,monthly,79.02
376,2990.48,wants,other,other,27.47,one time,27.47
377,4129.26,needs,groceries,groceries,316.72,monthly,316.72
377,4129.26,needs,rent/mortgage,rent_mortgage,295.91,weekly,1281.29
377,4129.26,needs,utilities,utilities,67.84,biweekly,147.21
377,4129.26,needs,gas/transport,gas_transport,243.41,monthly,243.41
377,4129.26,needs,insurance,insurance,219.77,monthly,219.77
377,4129.26,needs,bills,bills,28.97,weekly,125.44
377,4129.26,needs,healthcare,healthcare,26.01,weekly,112.62
377,4129.26,needs,other,other,83.06,monthly,83.06
377,4129.26,wants,dining out,dining_out,17.6,weekly,76.21
377,4129.26,wants,shopping,shopping,162.62,biweekly,352.89
377,4129.26,wants,subscriptions,subscriptions,42.29,one time,42.29
377,4129.26,wants,hobbies,hobbies,36.97,biweekly,80.22
377,4129.26,wants,travel,travel,197.05,monthly,197.05
377,4129.26,wants,personal care,personal_care,153.02,monthly,153.02
377,4129.26,wants,other,other,24.97,weekly,108.12
378,16131.73,needs,groceries,groceries,287.16,weekly,1243.4
378,16131.73,needs,rent/mortgage,rent_mortgage,4713.0,monthly,4713.0
378,16131.73,needs,utilities,utilities,1000.71,monthly,1000.71
378,16131.73,needs,gas/transport,gas_transport,717.12,monthly,717.12
378,16131.73,needs,insurance,insurance,639.96,monthly,639.96
378,16131.73,needs,bills,bills,683.81,monthly,683.81
378,16131.73,needs,healthcare,healthcare,464.97,monthly,464.97
378,16131.73,needs,other,other,352.35,monthly,352.35
378,16131.73,wants,shopping,shopping,1378.31,monthly,1378.31
378,16131.73,wants,subscriptions,subscriptions,557.54,one time,557.54
378,16131.73,wants,hobbies,hobbies,614.36,monthly,614.36
378,16131.73,wants,personal care,personal_care,355.76,monthly,355.76
378,16131.73,wants,gifts,gifts,445.72,monthly,445.72
378,16131.73,wants,other,other,457.75,one time,457.75
379,8119.6,needs,groceries,groceries,714.48,monthly,714.48
379,8119.6,needs,rent/mortgage,rent_mortgage,2572.91,monthly,2572.91
379,8119.6,needs,utilities,utilities,100.95,weekly,437.11
379,8119.6,needs,gas/transport,gas_transport,200.87,biweekly,435.89
379,8119.6,needs,insurance,insurance,286.56,one time,286.56
379,8119.6,needs,bills,bills,262.29,monthly,262.29
379,8119.6,needs,healthcare,healthcare,66.06,weekly,286.04
379,8119.6,needs,other,other,133.59,monthly,133.59
379,8119.6,wants,shopping,shopping,403.75,monthly,403.75
379,8119.6,wants,subscriptions,subscriptions,196.41,monthly,196.41
379,8119.6,wants,hobbies,hobbies,70.35,weekly,304.62
379,8119.6,wants,travel,travel,162.99,monthly,162.99
379,8119.6,wants,personal care,personal_care,277.09,monthly,277.09
379,8119.6,wants,gifts,gifts,192.24,monthly,192.24
379,8119.6,wants,other,other,48.72,weekly,210.96
380,3391.77,needs,groceries,groceries,184.56,biweekly,400.5
380,3391.77,needs,rent/mortgage,rent_mortgage,1216.1,monthly,1216.1
380,3391.77,needs,utilities,utilities,170.24,monthly,170.24
380,3391.77,needs,gas/transport,gas_transport,46.94,weekly,203.25
380,3391.77,needs,insurance,insurance,212.26,monthly,212.26
380,3391.77,needs,bills,bills,118.95,monthly,118.95
380,3391.77,needs,healthcare,healthcare,52.66,biweekly,114.27
380,3391.77,wants,dining out,dining_out,252.95,monthly,252.95
380,3391.77,wants,entertainment,entertainment,45.17,biweekly,98.02
380,3391.77,wants,shopping,shopping,19.34,weekly,83.74
380,3391.77,wants,hobbies,hobbies,32.63,biweekly,70.81
380,3391.77,wants,personal care,personal_care,117.03,monthly,117.03
380,3391.77,wants,gifts,gifts,22.5,biweekly,48.82
381,2425.9,needs,groceries,groceries,231.29,monthly,231.29
381,2425.9,needs,rent/mortgage,rent_mortgage,851.71,monthly,851.71
381,2425.9,needs,utilities,utilities,52.4,biweekly,113.71
381,2425.9,needs,gas/transport,gas_transport,129.65,monthly,129.65
381,2425.9,needs,insurance,insurance,100.15,monthly,100.15
381,2425.9,needs,bills,bills,71.6,monthly,71.6
381,2425.9,needs,healthcare,healthcare,41.23,biweekly,89.47
381,2425.9,wants,dining out,dining_out,35.65,biweekly,77.36
381,2425.9,wants,entertainment,entertainment,22.76,weekly,98.55
381,2425.9,wants,shopping,shopping,199.95,one time,199.95
381,2425.9,wants,subscriptions,subscriptions,34.59,monthly,34.59
381,2425.9,wants,hobbies,hobbies,71.07,monthly,71.07
381,2425.9,wants,personal care,personal_care,47.29,monthly,47.29
381,2425.9,wants,other,other,40.19,biweekly,87.21
382,4906.29,needs,groceries,groceries,95.36,weekly,412.91
382,4906.29,needs,rent/mortgage,rent_mortgage,376.52,weekly,1630.33
382,4906.29,needs,utilities,utilities,84.79,biweekly,183.99
382,4906.29,needs,gas/transport,gas_transport,47.82,weekly,207.06
382,4906.29,needs,insurance,insurance,71.75,weekly,310.68
382,4906.29,needs,bills,bills,186.09,monthly,186.09
382,4906.29,needs,healthcare,healthcare,40.09,weekly,173.59
382,4906.29,needs,childcare,childcare,245.63,monthly,245.63
382,4906.29,needs,other,other,121.47,monthly,121.47
382,4906.29,wants,shopping,shopping,108.79,biweekly,236.07
382,4906.29,wants,subscriptions,subscriptions,165.81,monthly,165.81
382,4906.29,wants,hobbies,hobbies,113.28,monthly,113.28
382,4906.29,wants,travel,travel,22.92,weekly,99.24
382,4906.29,wants,gifts,gifts,98.76,monthly,98.76
382,4906.29,wants,other,other,155.05,one time,155.05
383,1802.83,needs,groceries,groceries,60.78,biweekly,131.89
383,1802.83,needs,rent/mortgage,rent_mortgage,579.41,one time,579.41
383,1802.83,needs,utilities,utilities,23.41,weekly,101.37
383,1802.83,needs,gas/transport,gas_transport,97.01,one time,97.01
383,1802.83,needs,insurance,insurance,111.46,one time,111.46
383,1802.83,needs,bills,bills,77.61,monthly,77.61
383,1802.83,needs,healthcare,healthcare,69.15,monthly,69.15
383,1802.83,wants,dining out,dining_out,66.2,biweekly,143.65
383,1802.83,wants,entertainment,entertainment,75.11,monthly,75.11
383,1802.83,wants,shopping,shopping,40.51,monthly,40.51
383,1802.83,wants,subscriptions,subscriptions,56.39,monthly,56.39
383,1802.83,wants,travel,travel,16.89,monthly,16.89
383,1802.83,wants,gifts,gifts,24.93,monthly,24.93
383,1802.83,wants,other,other,11.55,biweekly,25.06
384,5513.74,needs,groceries,groceries,296.83,biweekly,644.12
384,5513.74,needs,rent/mortgage,rent_mortgage,1393.33,monthly,1393.33
384,5513.74,needs,utilities,utilities,48.61,weekly,210.48
384,5513.74,needs,gas/transport,gas_transport,330.56,monthly,330.56
384,5513.74,needs,insurance,insurance,324.21,monthly,324.21
384,5513.74,needs,bills,bills,105.18,biweekly,228.24
384,5513.74,needs,healthcare,healthcare,153.77,monthly,153.77
384,5513.74,needs,other,other,26.5,weekly,114.75
384,5513.74,wants,dining out,dining_out,229.15,monthly,229.15
384,5513.74,wants,entertainment,entertainment,91.7,biweekly,198.99
384,5513.74,wants,shopping,shopping,264.69,biweekly,574.38
384,5513.74,wants,subscriptions,subscriptions,154.52,monthly,154.52
384,5513.74,wants,hobbies,hobbies,135.33,biweekly,293.67
384,5513.74,wants,travel,travel,128.56,biweekly,278.98
384,5513.74,wants,personal care,personal_care,39.75,weekly,172.12
384,5513.74,wants,gifts,gifts,43.1,monthly,43.1
385,2685.79,needs,groceries,groceries,59.73,weekly,258.63
385,2685.79,needs,rent/mortgage,rent_mortgage,328.89,biweekly,713.69
385,2685.79,needs,utilities,utilities,25.0,weekly,108.25
385,2685.79,needs,gas/transport,gas_transport,197.67,one time,197.67
385,2685.79,needs,insurance,insurance,129.8,monthly,129.8
385,2685.79,needs,bills,bills,91.63,monthly,91.63
385,2685.79,needs,healthcare,healthcare,19.32,weekly,83.66
385,2685.79,needs,other,other,67.47,monthly,67.47
385,2685.79,wants,dining out,dining_out,148.85,monthly,148.85
385,2685.79,wants,shopping,shopping,67.15,monthly,67.15
385,2685.79,wants,subscriptions,subscriptions,62.59,monthly,62.59
385,2685.79,wants,hobbies,hobbies,22.22,weekly,96.21
385,2685.79,wants,travel,travel,73.86,monthly,73.86
385,2685.79,wants,gifts,gifts,39.56,biweekly,85.85
385,2685.79,wants,other,other,18.48,monthly,18.48
386,2187.81,needs,groceries,groceries,267.44,monthly,267.44
386,2187.81,needs,rent/mortgage,rent_mortgage,360.47,biweekly,782.22
386,2187.81,needs,utilities,utilities,111.81,monthly,111.81
386,2187.81,needs,gas/transport,gas_transport,162.7,one time,162.7
386,2187.81,needs,insurance,insurance,112.91,monthly,112.91
386,2187.81,needs,bills,bills,76.17,monthly,76.17
386,2187.81,needs,healthcare,healthcare,63.92,monthly,63.92
386,2187.81,needs,other,other,43.29,monthly,43.29
386,2187.81,wants,dining out,dining_out,54.35,monthly,54.35
386,2187.81,wants,entertainment,entertainment,131.06,monthly,131.06
386,2187.81,wants,shopping,shopping,45.31,biweekly,98.32
386,2187.81,wants,subscriptions,subscriptions,3.19,weekly,13.81
386,2187.81,wants,hobbies,hobbies,30.59,monthly,30.59
386,2187.81,wants,travel,travel,21.49,weekly,93.05
386,2187.81,wants,personal care,personal_care,39.01,one time,39.01
386,2187.81,wants,gifts,gifts,35.48,biweekly,76.99
387,5152.47,needs,groceries,groceries,190.51,biweekly,413.41
387,5152.47,needs,rent/mortgage,rent_mortgage,302.26,weekly,1308.79
387,5152.47,needs,utilities,utilities,221.7,monthly,221.7
387,5152.47,needs,gas/transport,gas_transport,139.5,biweekly,302.71
387,5152.47,needs,insurance,insurance,110.96,biweekly,240.78
387,5152.47,needs,bills,bills,96.88,biweekly,210.23
387,5152.47,needs,healthcare,healthcare,110.92,monthly,110.92
387,5152.47,needs,childcare,childcare,186.59,monthly,186.59
387,5152.47,wants,dining out,dining_out,109.51,biweekly,237.64
387,5152.47,wants,entertainment,entertainment,228.68,monthly,228.68
387,5152.47,wants,shopping,shopping,183.39,biweekly,397.96
387,5152.47,wants,subscriptions,subscriptions,166.17,monthly,166.17
387,5152.47,wants,travel,travel,212.91,monthly,212.91
387,5152.47,wants,gifts,gifts,83.01,monthly,83.01
387,5152.47,wants,other,other,47.24,monthly,47.24
388,4757.57,needs,groceries,groceries,163.58,biweekly,354.97
388,4757.57,needs,rent/mortgage,rent_mortgage,243.35,weekly,1053.71
388,4757.57,needs,utilities,utilities,291.54,one time,291.54
388,4757.57,needs,gas/transport,gas_transport,292.59,monthly,292.59
388,4757.57,needs,insurance,insurance,291.18,monthly,291.18
388,4757.57,needs,bills,bills,230.94,monthly,230.94
388,4757.57,needs,healthcare,healthcare,166.75,monthly,166.75
388,4757.57,needs,childcare,childcare,191.84,monthly,191.84
388,4757.57,wants,shopping,shopping,203.77,monthly,203.77
388,4757.57,wants,subscriptions,subscriptions,163.46,monthly,163.46
388,4757.57,wants,hobbies,hobbies,46.74,monthly,46.74
388,4757.57,wants,travel,travel,141.96,monthly,141.96
388,4757.57,wants,personal care,personal_care,42.0,weekly,181.86
388,4757.57,wants,gifts,gifts,33.53,weekly,145.18
389,9568.14,needs,groceries,groceries,1103.02,one time,1103.02
389,9568.14,needs,rent/mortgage,rent_mortgage,2903.67,monthly,2903.67
389,9568.14,needs,utilities,utilities,427.49,monthly,427.49
389,9568.14,needs,gas/transport,gas_transport,500.79,one time,500.79
389,9568.14,needs,insurance,insurance,281.62,biweekly,611.12
389,9568.14,needs,bills,bills,203.38,biweekly,441.33
389,9568.14,needs,healthcare,healthcare,240.79,monthly,240.79
389,9568.14,needs,other,other,73.64,biweekly,159.8
389,9568.14,wants,dining out,dining_out,656.3,monthly,656.3
389,9568.14,wants,entertainment,entertainment,514.56,one time,514.56
389,9568.14,wants,shopping,shopping,205.08,monthly,205.08
389,9568.14,wants,subscriptions,subscriptions,253.53,monthly,253.53
389,9568.14,wants,hobbies,hobbies,88.4,monthly,88.4
389,9568.14,wants,travel,travel,117.09,weekly,507.0
389,9568.14,wants,personal care,personal_care,188.02,biweekly,408.0
389,9568.14,wants,other,other,21.64,weekly,93.7
390,4319.61,needs,groceries,groceries,420.41,monthly,420.41
390,4319.61,needs,rent/mortgage,rent_mortgage,929.07,monthly,929.07
390,4319.61,needs,utilities,utilities,110.62,biweekly,240.05
390,4319.61,needs,gas/transport,gas_transport,53.41,weekly,231.27
390,4319.61,needs,insurance,insurance,72.65,biweekly,157.65
390,4319.61,needs,bills,bills,49.36,weekly,213.73
390,4319.61,needs,healthcare,healthcare,164.65,one time,164.65
390,4319.61,needs,other,other,24.78,weekly,107.3
390,4319.61,wants,entertainment,entertainment,177.46,monthly,177.46
390,4319.61,wants,hobbies,hobbies,39.4,monthly,39.4
390,4319.61,wants,travel,travel,74.6,monthly,74.6
390,4319.61,wants,gifts,gifts,16.3,biweekly,35.37
390,4319.61,wants,other,other,41.09,monthly,41.09
391,2620.93,needs,groceries,groceries,71.46,weekly,309.42
391,2620.93,needs,rent/mortgage,rent_mortgage,332.91,biweekly,722.41
391,2620.93,needs,utilities,utilities,152.64,monthly,152.64
391,2620.93,needs,gas/transport,gas_transport,144.18,monthly,144.18
391,2620.93,needs,insurance,insurance,73.63,biweekly,159.78
391,2620.93,needs,bills,bills,18.7,weekly,80.97
391,2620.93,needs,healthcare,healthcare,15.62,weekly,67.63
391,2620.93,wants,dining out,dining_out,64.31,one time,64.31
391,2620.93,wants,entertainment,entertainment,31.96,monthly,31.96
391,2620.93,wants,shopping,shopping,128.0,biweekly,277.76
391,2620.93,wants,subscriptions,subscriptions,9.65,weekly,41.78
391,2620.93,wants,hobbies,hobbies,22.44,biweekly,48.69
391,2620.93,wants,personal care,personal_care,44.84,biweekly,97.3
391,2620.93,wants,gifts,gifts,60.68,one time,60.68
391,2620.93,wants,other,other,33.51,monthly,33.51
392,4084.08,needs,groceries,groceries,118.98,weekly,515.18
392,4084.08,needs,rent/mortgage,rent_mortgage,922.72,monthly,922.72
392,4084.08,needs,utilities,utilities,148.88,one time,148.88
392,4084.08,needs,gas/transport,gas_transport,225.49,monthly,225.49
392,4084.08,needs,insurance,insurance,242.33,monthly,242.33
392,4084.08,needs,bills,bills,59.42,biweekly,128.94
392,4084.08,needs,healthcare,healthcare,148.08,monthly,148.08
392,4084.08,needs,other,other,87.35,monthly,87.35
392,4084.08,wants,dining out,dining_out,364.03,monthly,364.03
392,4084.08,wants,shopping,shopping,131.88,biweekly,286.18
392,4084.08,wants,subscriptions,subscriptions,49.94,monthly,49.94
392,4084.08,wants,hobbies,hobbies,16.76,weekly,72.57
392,4084.08,wants,travel,travel,49.61,weekly,214.81
392,4084.08,wants,personal care,personal_care,182.35,monthly,182.35
392,4084.08,wants,gifts,gifts,117.7,monthly,117.7
392,4084.08,wants,other,other,96.02,one time,96.02
393,13814.74,needs,groceries,groceries,267.88,weekly,1159.92
393,13814.74,needs,rent/mortgage,rent_mortgage,1149.96,weekly,4979.33
393,13814.74,needs,utilities,utilities,170.76,weekly,739.39
393,13814.74,needs,gas/transport,gas_transport,468.47,biweekly,1016.58
393,13814.74,needs,insurance,insurance,134.62,weekly,582.9
393,13814.74,needs,bills,bills,402.19,monthly,402.19
393,13814.74,needs,healthcare,healthcare,165.91,biweekly,360.02
393,13814.74,needs,other,other,71.14,weekly,308.04
393,13814.74,wants,dining out,dining_out,72.66,weekly,314.62
393,13814.74,wants,hobbies,hobbies,533.99,monthly,533.99
393,13814.74,wants,travel,travel,139.41,monthly,139.41
393,13814.74,wants,personal care,personal_care,463.93,monthly,463.93
393,13814.74,wants,gifts,gifts,296.37,monthly,296.37
393,13814.74,wants,other,other,353.24,monthly,353.24
394,7856.44,needs,groceries,groceries,178.9,weekly,774.64
394,7856.44,needs,rent/mortgage,rent_mortgage,2092.19,monthly,2092.19
394,7856.44,needs,utilities,utilities,372.39,monthly,372.39
394,7856.44,needs,gas/transport,gas_transport,388.0,one time,388.0
394,7856.44,needs,insurance,insurance,320.59,monthly,320.59
394,7856.44,needs,bills,bills,74.96,weekly,324.58
394,7856.44,needs,healthcare,healthcare,300.9,monthly,300.9
394,7856.44,needs,childcare,childcare,228.12,monthly,228.12
394,7856.44,wants,dining out,dining_out,460.07,monthly,460.07
394,7856.44,wants,entertainment,entertainment,27.26,weekly,118.04
394,7856.44,wants,shopping,shopping,511.67,one time,511.67
394,7856.44,wants,travel,travel,134.46,biweekly,291.78
394,7856.44,wants,personal care,personal_care,217.08,monthly,217.08
394,7856.44,wants,gifts,gifts,61.75,weekly,267.38
394,7856.44,wants,other,other,92.34,biweekly,200.38
395,5147.96,needs,groceries,groceries,363.84,monthly,363.84
395,5147.96,needs,rent/mortgage,rent_mortgage,1773.72,monthly,1773.72
395,5147.96,needs,utilities,utilities,69.88,weekly,302.58
395,5147.96,needs,gas/transport,gas_transport,144.35,biweekly,313.24
395,5147.96,needs,insurance,insurance,47.31,weekly,204.85
395,5147.96,needs,bills,bills,84.17,biweekly,182.65
395,5147.96,needs,healthcare,healthcare,32.87,weekly,142.33
395,5147.96,wants,dining out,dining_out,110.72,biweekly,240.26
395,5147.96,wants,entertainment,entertainment,246.11,monthly,246.11
395,5147.96,wants,shopping,shopping,92.64,weekly,401.13
395,5147.96,wants,subscriptions,subscriptions,124.25,monthly,124.25
395,5147.96,wants,travel,travel,169.38,monthly,169.38
395,5147.96,wants,personal care,personal_care,189.45,one time,189.45
395,5147.96,wants,gifts,gifts,142.92,monthly,142.92
395,5147.96,wants,other,other,23.4,weekly,101.32
396,17983.37,needs,groceries,groceries,1552.03,one time,1552.03
396,17983.37,needs,rent/mortgage,rent_mortgage,4270.02,monthly,4270.02
396,17983.37,needs,utilities,utilities,1115.01,monthly,1115.01
396,17983.37,needs,gas/transport,gas_transport,230.82,weekly,999.45
396,17983.37,needs,insurance,insurance,259.49,weekly,1123.59
396,17983.37,needs,bills,bills,670.52,monthly,670.52
396,17983.37,needs,healthcare,healthcare,103.41,weekly,447.77
396,17983.37,wants,dining out,dining_out,1278.21,monthly,1278.21
396,17983.37,wants,shopping,shopping,301.21,weekly,1304.24
396,17983.37,wants,subscriptions,subscriptions,62.76,weekly,271.75
396,17983.37,wants,hobbies,hobbies,748.4,monthly,748.4
396,17983.37,wants,travel,travel,522.07,monthly,522.07
396,17983.37,wants,personal care,personal_care,363.95,biweekly,789.77
396,17983.37,wants,gifts,gifts,344.64,monthly,344.64
396,17983.37,wants,other,other,133.88,weekly,579.7
397,2492.95,needs,groceries,groceries,85.95,biweekly,186.51
397,2492.95,needs,rent/mortgage,rent_mortgage,143.8,weekly,622.65
397,2492.95,needs,utilities,utilities,134.86,monthly,134.86
397,2492.95,needs,gas/transport,gas_transport,170.58,monthly,170.58
397,2492.95,needs,insurance,insurance,42.89,biweekly,93.07
397,2492.95,needs,bills,bills,128.02,monthly,128.02
397,2492.95,needs,healthcare,healthcare,73.8,monthly,73.8
397,2492.95,needs,childcare,childcare,19.85,weekly,85.95
397,2492.95,wants,dining out,dining_out,38.45,biweekly,83.44
397,2492.95,wants,entertainment,entertainment,111.38,monthly,111.38
397,2492.95,wants,shopping,shopping,12.39,weekly,53.65
397,2492.95,wants,subscriptions,subscriptions,45.51,monthly,45.51
397,2492.95,wants,hobbies,hobbies,114.98,one time,114.98
397,2492.95,wants,travel,travel,53.2,one time,53.2
397,2492.95,wants,personal care,personal_care,23.96,monthly,23.96
397,2492.95,wants,gifts,gifts,36.97,one time,36.97
398,5395.94,needs,groceries,groceries,543.15,monthly,543.15
398,5395.94,needs,rent/mortgage,rent_mortgage,333.74,weekly,1445.09
398,5395.94,needs,utilities,utilities,240.03,monthly,240.03
398,5395.94,needs,gas/transport,gas_transport,392.53,monthly,392.53
398,5395.94,needs,insurance,insurance,111.95,biweekly,242.93
398,5395.94,needs,bills,bills,203.13,monthly,203.13
398,5395.94,needs,healthcare,healthcare,30.18,weekly,130.68
398,5395.94,needs,childcare,childcare,172.07,one time,172.07
398,5395.94,needs,other,other,115.42,monthly,115.42
398,5395.94,wants,dining out,dining_out,120.96,one time,120.96
398,5395.94,wants,entertainment,entertainment,138.46,monthly,138.46
398,5395.94,wants,shopping,shopping,126.49,weekly,547.7
398,5395.94,wants,subscriptions,subscriptions,117.46,one time,117.46
398,5395.94,wants,hobbies,hobbies,112.29,biweekly,243.67
398,5395.94,wants,travel,travel,195.67,monthly,195.67
398,5395.94,wants,gifts,gifts,16.93,weekly,73.31
398,5395.94,wants,other,other,62.6,monthly,62.6
399,4173.75,needs,groceries,groceries,348.92,monthly,348.92
399,4173.75,needs,rent/mortgage,rent_mortgage,269.45,weekly,1166.72
399,4173.75,needs,utilities,utilities,152.57,one time,152.57
399,4173.75,needs,gas/transport,gas_transport,47.45,weekly,205.46
399,4173.75,needs,insurance,insurance,156.0,monthly,156.0
399,4173.75,needs,bills,bills,194.2,monthly,194.2
399,4173.75,needs,healthcare,healthcare,98.59,monthly,98.59
399,4173.75,needs,other,other,27.65,biweekly,60.0
399,4173.75,wants,entertainment,entertainment,122.53,biweekly,265.89
399,4173.75,wants,shopping,shopping,40.92,biweekly,88.8
399,4173.75,wants,hobbies,hobbies,44.37,one time,44.37
399,4173.75,wants,other,other,29.92,weekly,129.55
400,3009.73,needs,groceries,groceries,122.97,biweekly,266.84
400,3009.73,needs,rent/mortgage,rent_mortgage,609.5,monthly,609.5
400,3009.73,needs,utilities,utilities,85.37,biweekly,185.25
400,3009.73,needs,gas/transport,gas_transport,218.96,monthly,218.96
400,3009.73,needs,insurance,insurance,171.72,monthly,171.72
400,3009.73,needs,bills,bills,48.76,biweekly,105.81
400,3009.73,needs,healthcare,healthcare,46.37,biweekly,100.62
400,3009.73,needs,other,other,22.43,biweekly,48.67
400,3009.73,wants,dining out,dining_out,45.6,weekly,197.45
400,3009.73,wants,entertainment,entertainment,118.78,one time,118.78
400,3009.73,wants,subscriptions,subscriptions,104.58,monthly,104.58
400,3009.73,wants,hobbies,hobbies,37.25,biweekly,80.83
400,3009.73,wants,travel,travel,104.23,monthly,104.23
400,3009.73,wants,personal care,personal_care,8.1,weekly,35.07
400,3009.73,wants,gifts,gifts,85.87,monthly,85.87
401,4426.8,needs,groceries,groceries,552.34,monthly,552.34
401,4426.8,needs,rent/mortgage,rent_mortgage,976.85,monthly,976.85
401,4426.8,needs,utilities,utilities,157.92,monthly,157.92
401,4426.8,needs,gas/transport,gas_transport,209.46,monthly,209.46
401,4426.8,needs,insurance,insurance,97.14,biweekly,210.79
401,4426.8,needs,bills,bills,69.12,biweekly,149.99
401,4426.8,needs,healthcare,healthcare,66.57,biweekly,144.46
401,4426.8,wants,dining out,dining_out,294.1,monthly,294.1
401,4426.8,wants,entertainment,entertainment,311.6,monthly,311.6
401,4426.8,wants,shopping,shopping,347.38,monthly,347.38
401,4426.8,wants,hobbies,hobbies,71.11,monthly,71.11
401,4426.8,wants,travel,travel,50.71,biweekly,110.04
401,4426.8,wants,personal care,personal_care,53.09,weekly,229.88
401,4426.8,wants,gifts,gifts,17.15,weekly,74.26
401,4426.8,wants,other,other,34.44,weekly,149.13
402,6237.34,needs,groceries,groceries,163.38,weekly,707.44
402,6237.34,needs,rent/mortgage,rent_mortgage,2146.33,monthly,2146.33
402,6237.34,needs,utilities,utilities,84.53,weekly,366.01
402,6237.34,needs,gas/transport,gas_transport,438.13,one time,438.13
402,6237.34,needs,insurance,insurance,361.02,monthly,361.02
402,6237.34,needs,bills,bills,303.72,monthly,303.72
402,6237.34,needs,healthcare,healthcare,109.07,biweekly,236.68
402,6237.34,needs,other,other,134.27,one time,134.27
402,6237.34,wants,dining out,dining_out,149.83,biweekly,325.13
402,6237.34,wants,entertainment,entertainment,364.71,monthly,364.71
402,6237.34,wants,shopping,shopping,152.37,weekly,659.76
402,6237.34,wants,subscriptions,subscriptions,37.99,weekly,164.5
402,6237.34,wants,hobbies,hobbies,72.29,weekly,313.02
402,6237.34,wants,travel,travel,302.62,monthly,302.62
402,6237.34,wants,personal care,personal_care,308.2,one time,308.2
402,6237.34,wants,other,other,83.17,biweekly,180.48
403,14808.27,needs,groceries,groceries,799.96,biweekly,1735.91
403,14808.27,needs,rent/mortgage,rent_mortgage,4906.26,monthly,4906.26
403,14808.27,needs,utilities,utilities,861.94,monthly,861.94
403,14808.27,needs,gas/transport,gas_transport,1045.81,monthly,1045.81
403,14808.27,needs,insurance,insurance,367.37,biweekly,797.19
403,14808.27,needs,bills,bills,723.93,monthly,723.93
403,14808.27,needs,healthcare,healthcare,469.95,monthly,469.95
403,14808.27,needs,other,other,316.35,monthly,316.35
403,14808.27,wants,dining out,dining_out,68.23,weekly,295.44
403,14808.27,wants,hobbies,hobbies,84.44,weekly,365.63
403,14808.27,wants,travel,travel,166.8,one time,166.8
403,14808.27,wants,personal care,personal_care,74.51,weekly,322.63
403,14808.27,wants,other,other,68.7,weekly,297.47
404,2267.02,needs,groceries,groceries,125.1,biweekly,271.47
404,2267.02,needs,rent/mortgage,rent_mortgage,122.72,weekly,531.38
404,2267.02,needs,utilities,utilities,103.2,monthly,103.2
404,2267.02,needs,gas/transport,gas_transport,40.11,weekly,173.68
404,2267.02,needs,insurance,insurance,146.94,monthly,146.94
404,2267.02,needs,bills,bills,74.61,monthly,74.61
404,2267.02,needs,healthcare,healthcare,22.99,biweekly,49.89
404,2267.02,needs,childcare,childcare,91.45,monthly,91.45
404,2267.02,needs,other,other,37.63,one time,37.63
404,2267.02,wants,entertainment,entertainment,115.41,monthly,115.41
404,2267.02,wants,shopping,shopping,69.57,biweekly,150.97
404,2267.02,wants,subscriptions,subscriptions,16.6,weekly,71.88
404,2267.02,wants,hobbies,hobbies,9.64,weekly,41.74
404,2267.02,wants,travel,travel,36.32,monthly,36.32
404,2267.02,wants,personal care,personal_care,101.42,monthly,101.42
404,2267.02,wants,gifts,gifts,23.95,one time,23.95
404,2267.02,wants,other,other,35.32,monthly,35.32
405,5107.25,needs,groceries,groceries,247.17,biweekly,536.36
405,5107.25,needs,rent/mortgage,rent_mortgage,1546.42,monthly,1546.42
405,5107.25,needs,utilities,utilities,253.46,monthly,253.46
405,5107.25,needs,gas/transport,gas_transport,219.7,monthly,219.7
405,5107.25,needs,insurance,insurance,54.41,weekly,235.6
405,5107.25,needs,bills,bills,145.45,monthly,145.45
405,5107.25,needs,healthcare,healthcare,27.53,weekly,119.2
405,5107.25,needs,other,other,59.26,biweekly,128.59
405,5107.25,wants,dining out,dining_out,412.69,monthly,412.69
405,5107.25,wants,entertainment,entertainment,200.1,monthly,200.1
405,5107.25,wants,shopping,shopping,370.65,monthly,370.65
405,5107.25,wants,subscriptions,subscriptions,8.5,weekly,36.8
405,5107.25,wants,hobbies,hobbies,50.03,weekly,216.63
405,5107.25,wants,travel,travel,258.46,monthly,258.46
405,5107.25,wants,personal care,personal_care,83.45,one time,83.45
405,5107.25,wants,other,other,44.81,biweekly,97.24
406,3708.31,needs,groceries,groceries,439.97,monthly,439.97
406,3708.31,needs,rent/mortgage,rent_mortgage,899.47,monthly,899.47
406,3708.31,needs,utilities,utilities,47.42,weekly,205.33
406,3708.31,needs,gas/transport,gas_transport,245.68,one time,245.68
406,3708.31,needs,insurance,insurance,231.53,monthly,231.53
406,3708.31,needs,bills,bills,38.74,weekly,167.74
406,3708.31,needs,healthcare,healthcare,113.07,monthly,113.07
406,3708.31,needs,other,other,25.99,biweekly,56.4
406,3708.31,wants,dining out,dining_out,66.09,biweekly,143.42
406,3708.31,wants,entertainment,entertainment,151.67,monthly,151.67
406,3708.31,wants,shopping,shopping,114.33,biweekly,248.1
406,3708.31,wants,subscriptions,subscriptions,7.68,weekly,33.25
406,3708.31,wants,hobbies,hobbies,65.59,monthly,65.59
406,3708.31,wants,travel,travel,107.8,one time,107.8
406,3708.31,wants,gifts,gifts,45.96,monthly,45.96
406,3708.31,wants,other,other,56.23,biweekly,122.02
407,4846.04,needs,groceries,groceries,366.78,monthly,366.78
407,4846.04,needs,rent/mortgage,rent_mortgage,1243.54,monthly,1243.54
407,4846.04,needs,utilities,utilities,185.98,monthly,185.98
407,4846.04,needs,gas/transport,gas_transport,207.09,monthly,207.09
407,4846.04,needs,insurance,insurance,242.11,monthly,242.11
407,4846.04,needs,bills,bills,98.06,biweekly,212.79
407,4846.04,needs,healthcare,healthcare,61.24,biweekly,132.89
407,4846.04,needs,other,other,118.34,monthly,118.34
407,4846.04,wants,dining out,dining_out,46.25,weekly,200.26
407,4846.04,wants,entertainment,entertainment,57.26,biweekly,124.25
407,4846.04,wants,subscriptions,subscriptions,90.4,monthly,90.4
407,4846.04,wants,hobbies,hobbies,115.78,monthly,115.78
407,4846.04,wants,travel,travel,239.31,one time,239.31
407,4846.04,wants,gifts,gifts,22.42,weekly,97.08
407,4846.04,wants,other,other,24.64,biweekly,53.47
408,12869.84,needs,groceries,groceries,1551.49,monthly,1551.49
408,12869.84,needs,rent/mortgage,rent_mortgage,2927.47,monthly,2927.47
408,12869.84,needs,utilities,utilities,150.0,weekly,649.5
408,12869.84,needs,gas/transport,gas_transport,687.52,monthly,687.52
408,12869.84,needs,insurance,insurance,738.8,monthly,738.8
408,12869.84,needs,bills,bills,261.19,biweekly,566.78
408,12869.84,needs,healthcare,healthcare,318.08,monthly,318.08
408,12869.84,needs,childcare,childcare,368.48,monthly,368.48
408,12869.84,needs,other,other,293.37,monthly,293.37
408,12869.84,wants,dining out,dining_out,100.56,weekly,435.42
408,12869.84,wants,entertainment,entertainment,178.21,weekly,771.65
408,12869.84,wants,shopping,shopping,995.85,monthly,995.85
408,12869.84,wants,subscriptions,subscriptions,208.38,biweekly,452.18
408,12869.84,wants,hobbies,hobbies,217.65,monthly,217.65
408,12869.84,wants,personal care,personal_care,675.2,one time,675.2
408,12869.84,wants,gifts,gifts,131.7,monthly,131.7
408,12869.84,wants,other,other,105.97,monthly,105.97
409,6914.07,needs,groceries,groceries,172.72,weekly,747.88
409,6914.07,needs,rent/mortgage,rent_mortgage,1361.59,monthly,1361.59
409,6914.07,needs,utilities,utilities,308.47,monthly,308.47
409,6914.07,needs,gas/transport,gas_transport,425.21,monthly,425.21
409,6914.07,needs,insurance,insurance,376.05,monthly,376.05
409,6914.07,needs,bills,bills,198.66,monthly,198.66
409,6914.07,needs,healthcare,healthcare,226.47,monthly,226.47
409,6914.07,wants,dining out,dining_out,158.37,monthly,158.37
409,6914.07,wants,entertainment,entertainment,254.82,one time,254.82
409,6914.07,wants,subscriptions,subscriptions,124.96,monthly,124.96
409,6914.07,wants,hobbies,hobbies,65.2,monthly,65.2
409,6914.07,wants,travel,travel,285.12,monthly,285.12
409,6914.07,wants,personal care,personal_care,301.39,monthly,301.39
409,6914.07,wants,other,other,112.46,monthly,112.46
410,3055.21,needs,groceries,groceries,169.87,biweekly,368.62
410,3055.21,needs,rent/mortgage,rent_mortgage,1028.76,monthly,1028.76
410,3055.21,needs,utilities,utilities,80.79,biweekly,175.31
410,3055.21,needs,gas/transport,gas_transport,48.05,weekly,208.06
410,3055.21,needs,insurance,insurance,150.62,one time,150.62
410,3055.21,needs,bills,bills,91.68,monthly,91.68
410,3055.21,needs,healthcare,healthcare,14.85,weekly,64.3
410,3055.21,needs,other,other,72.17,monthly,72.17
410,3055.21,wants,entertainment,entertainment,41.98,biweekly,91.1
410,3055.21,wants,shopping,shopping,106.09,monthly,106.09
410,3055.21,wants,subscriptions,subscriptions,20.48,monthly,20.48
410,3055.21,wants,travel,travel,142.03,monthly,142.03
410,3055.21,wants,personal care,personal_care,42.0,biweekly,91.14
410,3055.21,wants,gifts,gifts,22.05,biweekly,47.85
410,3055.21,wants,other,other,7.72,weekly,33.43
411,17093.42,needs,groceries,groceries,584.63,biweekly,1268.65
411,17093.42,needs,rent/mortgage,rent_mortgage,1050.87,weekly,4550.27
411,17093.42,needs,utilities,utilities,145.56,weekly,630.27
411,17093.42,needs,gas/transport,gas_transport,1117.51,monthly,1117.51
411,17093.42,needs,insurance,insurance,1043.21,monthly,1043.21
411,17093.42,needs,bills,bills,830.86,monthly,830.86
411,17093.42,needs,healthcare,healthcare,481.44,monthly,481.44
411,17093.42,needs,other,other,417.78,monthly,417.78
411,17093.42,wants,dining out,dining_out,601.51,monthly,601.51
411,17093.42,wants,entertainment,entertainment,365.87,biweekly,793.94
411,17093.42,wants,shopping,shopping,287.35,weekly,1244.23
411,17093.42,wants,hobbies,hobbies,373.14,monthly,373.14
411,17093.42,wants,travel,travel,146.01,weekly,632.22
411,17093.42,wants,personal care,personal_care,362.41,monthly,362.41
412,5860.32,needs,groceries,groceries,112.52,weekly,487.21
412,5860.32,needs,rent/mortgage,rent_mortgage,436.02,weekly,1887.97
412,5860.32,needs,utilities,utilities,259.78,monthly,259.78
412,5860.32,needs,gas/transport,gas_transport,98.23,weekly,425.34
412,5860.32,needs,insurance,insurance,364.45,monthly,364.45
412,5860.32,needs,bills,bills,273.47,monthly,273.47
412,5860.32,needs,healthcare,healthcare,188.65,one time,188.65
412,5860.32,needs,childcare,childcare,239.74,monthly,239.74
412,5860.32,wants,dining out,dining_out,492.53,monthly,492.53
412,5860.32,wants,entertainment,entertainment,34.39,biweekly,74.63
412,5860.32,wants,subscriptions,subscriptions,46.55,monthly,46.55
412,5860.32,wants,hobbies,hobbies,140.55,one time,140.55
412,5860.32,wants,personal care,personal_care,47.93,biweekly,104.01
412,5860.32,wants,gifts,gifts,47.37,biweekly,102.79
412,5860.32,wants,other,other,23.32,biweekly,50.6
413,3647.08,needs,groceries,groceries,369.5,monthly,369.5
413,3647.08,needs,rent/mortgage,rent_mortgage,725.71,monthly,725.71
413,3647.08,needs,utilities,utilities,186.15,one time,186.15
413,3647.08,needs,gas/transport,gas_transport,251.96,monthly,251.96
413,3647.08,needs,insurance,insurance,53.19,weekly,230.31
413,3647.08,needs,bills,bills,80.64,biweekly,174.99
413,3647.08,needs,healthcare,healthcare,84.4,monthly,84.4
413,3647.08,needs,other,other,53.51,monthly,53.51
413,3647.08,wants,dining out,dining_out,108.9,biweekly,236.31
413,3647.08,wants,entertainment,entertainment,28.99,weekly,125.53
413,3647.08,wants,shopping,shopping,50.73,weekly,219.66
413,3647.08,wants,subscriptions,subscriptions,8.04,weekly,34.81
413,3647.08,wants,hobbies,hobbies,21.4,weekly,92.66
413,3647.08,wants,gifts,gifts,109.78,monthly,109.78
413,3647.08,wants,other,other,86.89,monthly,86.89
414,7125.69,needs,groceries,groceries,281.43,biweekly,610.7
414,7125.69,needs,rent/mortgage,rent_mortgage,511.2,weekly,2213.5
414,7125.69,needs,utilities,utilities,73.82,weekly,319.64
414,7125.69,needs,gas/transport,gas_transport,356.42,monthly,356.42
414,7125.69,needs,insurance,insurance,65.29,weekly,282.71
414,7125.69,needs,bills,bills,351.15,one time,351.15
414,7125.69,needs,healthcare,healthcare,239.85,one time,239.85
414,7125.69,needs,other,other,63.07,biweekly,136.86
414,7125.69,wants,dining out,dining_out,27.29,weekly,118.17
414,7125.69,wants,entertainment,entertainment,494.76,monthly,494.76
414,7125.69,wants,shopping,shopping,719.66,monthly,719.66
414,7125.69,wants,subscriptions,subscriptions,48.42,biweekly,105.07
414,7125.69,wants,hobbies,hobbies,123.93,biweekly,268.93
414,7125.69,wants,travel,travel,44.75,biweekly,97.11
414,7125.69,wants,personal care,personal_care,331.96,monthly,331.96
414,7125.69,wants,gifts,gifts,60.02,biweekly,130.24
415,13422.86,needs,groceries,groceries,1357.49,one time,1357.49
415,13422.86,needs,rent/mortgage,rent_mortgage,3881.01,monthly,3881.01
415,13422.86,needs,utilities,utilities,742.96,monthly,742.96
415,13422.86,needs,gas/transport,gas_transport,876.66,monthly,876.66
415,13422.86,needs,insurance,insurance,745.3,one time,745.3
415,13422.86,needs,bills,bills,479.67,monthly,479.67
415,13422.86,needs,healthcare,healthcare,350.71,monthly,350.71
415,13422.86,wants,dining out,dining_out,220.04,weekly,952.77
415,13422.86,wants,entertainment,entertainment,120.4,weekly,521.33
415,13422.86,wants,shopping,shopping,456.73,monthly,456.73
415,13422.86,wants,subscriptions,subscriptions,202.85,one time,202.85
415,13422.86,wants,hobbies,hobbies,510.57,monthly,510.57
415,13422.86,wants,travel,travel,703.85,monthly,703.85
415,13422.86,wants,personal care,personal_care,248.78,one time,248.78
415,13422.86,wants,other,other,113.86,monthly,113.86
416,7614.06,needs,groceries,groceries,629.95,one time,629.95
416,7614.06,needs,rent/mortgage,rent_mortgage,2560.53,one time,2560.53
416,7614.06,needs,utilities,utilities,169.45,biweekly,367.71
416,7614.06,needs,gas/transport,gas_transport,510.94,monthly,510.94
416,7614.06,needs,insurance,insurance,89.58,weekly,387.88
416,7614.06,needs,bills,bills,368.58,monthly,368.58
416,7614.06,needs,healthcare,healthcare,229.27,monthly,229.27
416,7614.06,needs,childcare,childcare,279.05,monthly,279.05
416,7614.06,wants,dining out,dining_out,421.56,monthly,421.56
416,7614.06,wants,shopping,shopping,217.36,monthly,217.36
416,7614.06,wants,subscriptions,subscriptions,35.73,weekly,154.71
416,7614.06,wants,hobbies,hobbies,298.84,monthly,298.84
416,7614.06,wants,travel,travel,32.5,weekly,140.72
416,7614.06,wants,personal care,personal_care,186.74,biweekly,405.23
416,7614.06,wants,other,other,92.46,monthly,92.46
417,4431.42,needs,groceries,groceries,441.81,monthly,441.81
417,4431.42,needs,rent/mortgage,rent_mortgage,1106.51,monthly,1106.51
417,4431.42,needs,utilities,utilities,45.64,weekly,197.62
417,4431.42,needs,gas/transport,gas_transport,300.56,monthly,300.56
417,4431.42,needs,insurance,insurance,43.03,weekly,186.32
417,4431.42,needs,bills,bills,134.29,monthly,134.29
417,4431.42,needs,healthcare,healthcare,55.73,biweekly,120.93
417,4431.42,needs,childcare,childcare,218.29,monthly,218.29
417,4431.42,needs,other,other,91.38,monthly,91.38
417,4431.42,wants,dining out,dining_out,190.7,monthly,190.7
417,4431.42,wants,entertainment,entertainment,280.96,monthly,280.96
417,4431.42,wants,shopping,shopping,288.43,one time,288.43
417,4431.42,wants,subscriptions,subscriptions,22.06,weekly,95.52
417,4431.42,wants,hobbies,hobbies,31.13,weekly,134.79
417,4431.42,wants,personal care,personal_care,112.73,monthly,112.73
417,4431.42,wants,gifts,gifts,50.48,monthly,50.48
417,4431.42,wants,other,other,39.93,biweekly,86.65
418,6628.91,needs,groceries,groceries,331.1,biweekly,718.49
418,6628.91,needs,rent/mortgage,rent_mortgage,1087.18,biweekly,2359.18
418,6628.91,needs,utilities,utilities,71.06,weekly,307.69
418,6628.91,needs,gas/transport,gas_transport,84.54,weekly,366.06
418,6628.91,needs,insurance,insurance,396.36,monthly,396.36
418,6628.91,needs,bills,bills,208.46,monthly,208.46
418,6628.91,needs,healthcare,healthcare,223.53,monthly,223.53
418,6628.91,needs,other,other,160.36,monthly,160.36
418,6628.91,wants,dining out,dining_out,120.57,weekly,522.07
418,6628.91,wants,entertainment,entertainment,41.14,biweekly,89.27
418,6628.91,wants,shopping,shopping,265.85,biweekly,576.89
418,6628.91,wants,subscriptions,subscriptions,226.15,monthly,226.15
418,6628.91,wants,hobbies,hobbies,131.57,biweekly,285.51
418,6628.91,wants,travel,travel,267.45,monthly,267.45
418,6628.91,wants,personal care,personal_care,86.43,one time,86.43
418,6628.91,wants,gifts,gifts,156.68,monthly,156.68
418,6628.91,wants,other,other,48.76,weekly,211.13
419,6992.69,needs,groceries,groceries,566.82,one time,566.82
419,6992.69,needs,rent/mortgage,rent_mortgage,2017.58,one time,2017.58
419,6992.69,needs,utilities,utilities,189.94,biweekly,412.17
419,6992.69,needs,gas/transport,gas_transport,211.29,biweekly,458.5
419,6992.69,needs,insurance,insurance,207.96,biweekly,451.27
419,6992.69,needs,bills,bills,120.42,biweekly,261.31
419,6992.69,needs,healthcare,healthcare,93.94,biweekly,203.85
419,6992.69,needs,childcare,childcare,323.25,monthly,323.25
419,6992.69,needs,other,other,120.54,monthly,120.54
419,6992.69,wants,entertainment,entertainment,472.75,monthly,472.75
419,6992.69,wants,hobbies,hobbies,124.24,biweekly,269.6
419,6992.69,wants,travel,travel,74.93,weekly,324.45
419,6992.69,wants,personal care,personal_care,24.09,weekly,104.31
419,6992.69,wants,gifts,gifts,15.6,weekly,67.55
419,6992.69,wants,other,other,73.37,biweekly,159.21
420,3873.74,needs,groceries,groceries,85.84,weekly,371.69
420,3873.74,needs,rent/mortgage,rent_mortgage,273.37,weekly,1183.69
420,3873.74,needs,utilities,utilities,166.14,monthly,166.14
420,3873.74,needs,gas/transport,gas_transport,68.21,weekly,295.35
420,3873.74,needs,insurance,insurance,45.52,weekly,197.1
420,3873.74,needs,bills,bills,122.59,monthly,122.59
420,3873.74,needs,healthcare,healthcare,107.92,one time,107.92
420,3873.74,needs,other,other,12.68,weekly,54.9
420,3873.74,wants,dining out,dining_out,166.55,monthly,166.55
420,3873.74,wants,entertainment,entertainment,220.85,monthly,220.85
420,3873.74,wants,shopping,shopping,290.76,monthly,290.76
420,3873.74,wants,subscriptions,subscriptions,22.85,weekly,98.94
420,3873.74,wants,hobbies,hobbies,15.15,weekly,65.6
420,3873.74,wants,travel,travel,101.68,monthly,101.68
420,3873.74,wants,gifts,gifts,20.05,weekly,86.82
420,3873.74,wants,other,other,115.47,monthly,115.47
421,15484.28,needs,groceries,groceries,719.73,biweekly,1561.81
421,15484.28,needs,rent/mortgage,rent_mortgage,2520.62,biweekly,5469.75
421,15484.28,needs,utilities,utilities,785.96,monthly,785.96
421,15484.28,needs,gas/transport,gas_transport,1149.73,monthly,1149.73
421,15484.28,needs,insurance,insurance,310.19,biweekly,673.11
421,15484.28,needs,bills,bills,773.26,monthly,773.26
421,15484.28,needs,healthcare,healthcare,436.73,monthly,436.73
421,15484.28,needs,childcare,childcare,144.01,weekly,623.56
421,15484.28,wants,dining out,dining_out,819.41,monthly,819.41
421,15484.28,wants,entertainment,entertainment,175.29,biweekly,380.38
421,15484.28,wants,travel,travel,317.98,biweekly,690.02
421,15484.28,wants,personal care,personal_care,734.2,monthly,734.2
421,15484.28,wants,gifts,gifts,246.78,biweekly,535.51
422,5367.9,needs,groceries,groceries,248.01,biweekly,538.18
422,5367.9,needs,rent/mortgage,rent_mortgage,581.65,biweekly,1262.18
422,5367.9,needs,utilities,utilities,300.35,monthly,300.35
422,5367.9,needs,gas/transport,gas_transport,339.71,monthly,339.71
422,5367.9,needs,insurance,insurance,343.85,monthly,343.85
422,5367.9,needs,bills,bills,57.66,weekly,249.67
422,5367.9,needs,healthcare,healthcare,188.78,monthly,188.78
422,5367.9,needs,other,other,137.04,monthly,137.04
422,5367.9,wants,dining out,dining_out,381.2,monthly,381.2
422,5367.9,wants,subscriptions,subscriptions,175.65,monthly,175.65
422,5367.9,wants,travel,travel,197.86,monthly,197.86
422,5367.9,wants,personal care,personal_care,100.78,monthly,100.78
423,4226.65,needs,groceries,groceries,495.33,monthly,495.33
423,4226.65,needs,rent/mortgage,rent_mortgage,954.63,monthly,954.63
423,4226.65,needs,utilities,utilities,76.38,biweekly,165.74
423,4226.65,needs,gas/transport,gas_transport,59.48,weekly,257.55
423,4226.65,needs,insurance,insurance,59.73,weekly,258.63
423,4226.65,needs,bills,bills,180.33,monthly,180.33
423,4226.65,needs,healthcare,healthcare,120.3,monthly,120.3
423,4226.65,wants,entertainment,entertainment,273.08,monthly,273.08
423,4226.65,wants,shopping,shopping,26.61,weekly,115.22
423,4226.65,wants,hobbies,hobbies,19.16,biweekly,41.58
423,4226.65,wants,personal care,personal_care,91.06,biweekly,197.6
423,4226.65,wants,other,other,106.16,monthly,106.16
424,4036.01,needs,groceries,groceries,334.66,monthly,334.66
424,4036.01,needs,rent/mortgage,rent_mortgage,812.75,monthly,812.75
424,4036.01,needs,utilities,utilities,96.66,biweekly,209.75
424,4036.01,needs,gas/transport,gas_transport,298.49,monthly,298.49
424,4036.01,needs,insurance,insurance,213.52,monthly,213.52
424,4036.01,needs,bills,bills,90.72,biweekly,196.86
424,4036.01,needs,healthcare,healthcare,112.96,monthly,112.96
424,4036.01,needs,childcare,childcare,135.89,monthly,135.89
424,4036.01,needs,other,other,37.09,biweekly,80.49
424,4036.01,wants,entertainment,entertainment,116.8,monthly,116.8
424,4036.01,wants,shopping,shopping,419.88,monthly,419.88
424,4036.01,wants,subscriptions,subscriptions,30.65,weekly,132.71
424,4036.01,wants,hobbies,hobbies,100.04,monthly,100.04
424,4036.01,wants,gifts,gifts,110.21,monthly,110.21
424,4036.01,wants,other,other,32.48,monthly,32.48
425,7088.42,needs,groceries,groceries,895.28,monthly,895.28
425,7088.42,needs,rent/mortgage,rent_mortgage,659.72,biweekly,1431.59
425,7088.42,needs,utilities,utilities,179.55,biweekly,389.62
425,7088.42,needs,gas/transport,gas_transport,539.53,monthly,539.53
425,7088.42,needs,insurance,insurance,295.16,monthly,295.16
425,7088.42,needs,bills,bills,299.13,monthly,299.13
425,7088.42,needs,healthcare,healthcare,71.84,biweekly,155.89
425,7088.42,needs,other,other,166.68,monthly,166.68
425,7088.42,wants,entertainment,entertainment,356.29,monthly,356.29
425,7088.42,wants,shopping,shopping,561.58,monthly,561.58
425,7088.42,wants,hobbies,hobbies,134.7,monthly,134.7
425,7088.42,wants,travel,travel,228.86,one time,228.86
425,7088.42,wants,personal care,personal_care,29.51,weekly,127.78
425,7088.42,wants,gifts,gifts,228.3,monthly,228.3
426,7193.78,needs,groceries,groceries,155.36,weekly,672.71
426,7193.78,needs,rent/mortgage,rent_mortgage,1999.93,monthly,1999.93
426,7193.78,needs,utilities,utilities,405.74,monthly,405.74
426,7193.78,needs,gas/transport,gas_transport,364.6,monthly,364.6
426,7193.78,needs,insurance,insurance,336.24,monthly,336.24
426,7193.78,needs,bills,bills,344.79,monthly,344.79
426,7193.78,needs,healthcare,healthcare,104.08,biweekly,225.85
426,7193.78,needs,childcare,childcare,122.27,biweekly,265.33
426,7193.78,needs,other,other,73.28,biweekly,159.02
426,7193.78,wants,dining out,dining_out,572.09,monthly,572.09
426,7193.78,wants,hobbies,hobbies,258.27,monthly,258.27
426,7193.78,wants,gifts,gifts,15.21,weekly,65.86
426,7193.78,wants,other,other,20.58,biweekly,44.66
427,6448.36,needs,groceries,groceries,639.65,monthly,639.65
427,6448.36,needs,rent/mortgage,rent_mortgage,1758.35,monthly,1758.35
427,6448.36,needs,utilities,utilities,185.95,biweekly,403.51
427,6448.36,needs,gas/transport,gas_transport,485.56,monthly,485.56
427,6448.36,needs,insurance,insurance,400.5,monthly,400.5
427,6448.36,needs,bills,bills,235.39,monthly,235.39
427,6448.36,needs,healthcare,healthcare,83.87,biweekly,182.0
427,6448.36,needs,other,other,142.4,one time,142.4
427,6448.36,wants,dining out,dining_out,233.97,monthly,233.97
427,6448.36,wants,entertainment,entertainment,244.24,monthly,244.24
427,6448.36,wants,shopping,shopping,143.47,weekly,621.23
427,6448.36,wants,subscriptions,subscriptions,135.23,one time,135.23
427,6448.36,wants,travel,travel,132.64,one time,132.64
427,6448.36,wants,personal care,personal_care,91.76,biweekly,199.12
427,6448.36,wants,gifts,gifts,26.07,weekly,112.88
428,5504.16,needs,groceries,groceries,414.48,monthly,414.48
428,5504.16,needs,rent/mortgage,rent_mortgage,1210.73,one time,1210.73
428,5504.16,needs,utilities,utilities,334.73,monthly,334.73
428,5504.16,needs,gas/transport,gas_transport,84.79,weekly,367.14
428,5504.16,needs,insurance,insurance,264.94,monthly,264.94
428,5504.16,needs,bills,bills,84.29,biweekly,182.91
428,5504.16,needs,healthcare,healthcare,151.58,monthly,151.58
428,5504.16,needs,other,other,80.42,monthly,80.42
428,5504.16,wants,dining out,dining_out,90.18,monthly,90.18
428,5504.16,wants,entertainment,entertainment,166.78,monthly,166.78
428,5504.16,wants,shopping,shopping,550.5,monthly,550.5
428,5504.16,wants,subscriptions,subscriptions,33.86,weekly,146.61
428,5504.16,wants,travel,travel,27.17,biweekly,58.96
428,5504.16,wants,gifts,gifts,59.36,monthly,59.36
428,5504.16,wants,other,other,24.08,biweekly,52.25
429,4883.91,needs,groceries,groceries,386.08,monthly,386.08
429,4883.91,needs,rent/mortgage,rent_mortgage,962.19,monthly,962.19
429,4883.91,needs,utilities,utilities,111.99,biweekly,243.02
429,4883.91,needs,gas/transport,gas_transport,207.37,monthly,207.37
429,4883.91,needs,insurance,insurance,195.82,monthly,195.82
429,4883.91,needs,bills,bills,56.37,weekly,244.08
429,4883.91,needs,healthcare,healthcare,109.62,monthly,109.62
429,4883.91,needs,other,other,29.24,weekly,126.61
429,4883.91,wants,dining out,dining_out,200.15,one time,200.15
429,4883.91,wants,entertainment,entertainment,136.53,monthly,136.53
429,4883.91,wants,shopping,shopping,517.56,monthly,517.56
429,4883.91,wants,hobbies,hobbies,102.89,monthly,102.89
429,4883.91,wants,other,other,118.82,monthly,118.82
430,4206.65,needs,groceries,groceries,486.5,one time,486.5
430,4206.65,needs,rent/mortgage,rent_mortgage,335.56,weekly,1452.97
430,4206.65,needs,utilities,utilities,248.36,monthly,248.36
430,4206.65,needs,gas/transport,gas_transport,276.77,monthly,276.77
430,4206.65,needs,insurance,insurance,267.4,monthly,267.4
430,4206.65,needs,bills,bills,57.11,biweekly,123.93
430,4206.65,needs,healthcare,healthcare,117.32,monthly,117.32
430,4206.65,needs,childcare,childcare,202.26,one time,202.26
430,4206.65,wants,dining out,dining_out,320.73,monthly,320.73
430,4206.65,wants,entertainment,entertainment,62.53,monthly,62.53
430,4206.65,wants,shopping,shopping,357.65,monthly,357.65
430,4206.65,wants,subscriptions,subscriptions,137.01,monthly,137.01
430,4206.65,wants,hobbies,hobbies,44.95,weekly,194.63
430,4206.65,wants,travel,travel,48.52,biweekly,105.29
430,4206.65,wants,personal care,personal_care,147.45,monthly,147.45
430,4206.65,wants,gifts,gifts,6.07,weekly,26.28
430,4206.65,wants,other,other,121.75,monthly,121.75
431,3514.28,needs,groceries,groceries,64.27,weekly,278.29
431,3514.28,needs,rent/mortgage,rent_mortgage,772.02,monthly,772.02
431,3514.28,needs,utilities,utilities,51.27,weekly,222.0
431,3514.28,needs,gas/transport,gas_transport,110.29,biweekly,239.33
431,3514.28,needs,insurance,insurance,36.62,weekly,158.56
431,3514.28,needs,bills,bills,143.67,one time,143.67
431,3514.28,needs,healthcare,healthcare,29.62,weekly,128.25
431,3514.28,needs,childcare,childcare,101.38,monthly,101.38
431,3514.28,needs,other,other,13.36,weekly,57.85
431,3514.28,wants,dining out,dining_out,29.48,biweekly,63.97
431,3514.28,wants,shopping,shopping,100.42,biweekly,217.91
431,3514.28,wants,subscriptions,subscriptions,36.01,biweekly,78.14
431,3514.28,wants,travel,travel,77.41,monthly,77.41
431,3514.28,wants,personal care,personal_care,49.17,biweekly,106.7
431,3514.28,wants,gifts,gifts,43.53,biweekly,94.46
431,3514.28,wants,other,other,41.14,biweekly,89.27
432,3766.9,needs,groceries,groceries,106.89,weekly,462.83
432,3766.9,needs,rent/mortgage,rent_mortgage,760.46,monthly,760.46
432,3766.9,needs,utilities,utilities,186.65,one time,186.65
432,3766.9,needs,gas/transport,gas_transport,261.21,monthly,261.21
432,3766.9,needs,insurance,insurance,211.7,monthly,211.7
432,3766.9,needs,bills,bills,144.93,one time,144.93
432,3766.9,needs,healthcare,healthcare,67.52,biweekly,146.52
432,3766.9,needs,other,other,72.35,monthly,72.35
432,3766.9,wants,dining out,dining_out,58.02,biweekly,125.9
432,3766.9,wants,entertainment,entertainment,53.89,biweekly,116.94
432,3766.9,wants,shopping,shopping,211.76,monthly,211.76
432,3766.9,wants,subscriptions,subscriptions,21.53,weekly,93.22
432,3766.9,wants,travel,travel,61.71,monthly,61.71
432,3766.9,wants,gifts,gifts,22.31,biweekly,48.41
433,8463.2,needs,groceries,groceries,882.36,one time,882.36
433,8463.2,needs,rent/mortgage,rent_mortgage,2122.96,monthly,2122.96
433,8463.2,needs,utilities,utilities,174.08,biweekly,377.75
433,8463.2,needs,gas/transport,gas_transport,388.73,one time,388.73
433,8463.2,needs,insurance,insurance,312.18,monthly,312.18
433,8463.2,needs,bills,bills,127.1,biweekly,275.81
433,8463.2,needs,healthcare,healthcare,55.02,weekly,238.24
433,8463.2,needs,other,other,197.72,monthly,197.72
433,8463.2,wants,dining out,dining_out,109.55,weekly,474.35
433,8463.2,wants,entertainment,entertainment,118.52,monthly,118.52
433,8463.2,wants,shopping,shopping,218.41,monthly,218.41
433,8463.2,wants,subscriptions,subscriptions,91.44,monthly,91.44
433,8463.2,wants,hobbies,hobbies,239.08,monthly,239.08
433,8463.2,wants,travel,travel,328.13,monthly,328.13
433,8463.2,wants,personal care,personal_care,101.83,one time,101.83
433,8463.2,wants,gifts,gifts,117.5,monthly,117.5
434,7926.19,needs,groceries,groceries,611.58,monthly,611.58
434,7926.19,needs,rent/mortgage,rent_mortgage,2301.28,monthly,2301.28
434,7926.19,needs,utilities,utilities,135.01,biweekly,292.97
434,7926.19,needs,gas/transport,gas_transport,414.78,monthly,414.78
434,7926.19,needs,insurance,insurance,490.67,monthly,490.67
434,7926.19,needs,bills,bills,260.92,monthly,260.92
434,7926.19,needs,healthcare,healthcare,108.36,biweekly,235.14
434,7926.19,wants,entertainment,entertainment,249.02,monthly,249.02
434,7926.19,wants,shopping,shopping,763.88,monthly,763.88
434,7926.19,wants,subscriptions,subscriptions,21.64,weekly,93.7
434,7926.19,wants,hobbies,hobbies,253.9,monthly,253.9
434,7926.19,wants,personal care,personal_care,110.69,biweekly,240.2
434,7926.19,wants,other,other,39.69,weekly,171.86
435,2791.52,needs,groceries,groceries,49.95,weekly,216.28
435,2791.52,needs,rent/mortgage,rent_mortgage,165.99,weekly,718.74
435,2791.52,needs,utilities,utilities,181.06,monthly,181.06
435,2791.52,needs,gas/transport,gas_transport,154.78,monthly,154.78
435,2791.52,needs,insurance,insurance,141.17,one time,141.17
435,2791.52,needs,bills,bills,63.5,biweekly,137.79
435,2791.52,needs,healthcare,healthcare,71.92,monthly,71.92
435,2791.52,needs,childcare,childcare,80.69,one time,80.69
435,2791.52,wants,dining out,dining_out,58.1,biweekly,126.08
435,2791.52,wants,entertainment,entertainment,164.43,monthly,164.43
435,2791.52,wants,shopping,shopping,116.15,monthly,116.15
435,2791.52,wants,subscriptions,subscriptions,84.71,monthly,84.71
435,2791.52,wants,hobbies,hobbies,79.63,monthly,79.63
435,2791.52,wants,travel,travel,49.64,monthly,49.64
435,2791.52,wants,gifts,gifts,27.95,monthly,27.95
435,2791.52,wants,other,other,60.31,one time,60.31
436,2510.13,needs,groceries,groceries,96.88,biweekly,210.23
436,2510.13,needs,rent/mortgage,rent_mortgage,351.52,biweekly,762.8
436,2510.13,needs,utilities,utilities,24.29,weekly,105.18
436,2510.13,needs,gas/transport,gas_transport,164.57,monthly,164.57
436,2510.13,needs,insurance,insurance,124.76,monthly,124.76
436,2510.13,needs,bills,bills,81.42,monthly,81.42
436,2510.13,needs,healthcare,healthcare,78.05,one time,78.05
436,2510.13,wants,dining out,dining_out,211.95,monthly,211.95
436,2510.13,wants,shopping,shopping,87.0,biweekly,188.79
436,2510.13,wants,subscriptions,subscriptions,22.84,monthly,22.84
436,2510.13,wants,hobbies,hobbies,10.63,weekly,46.03
436,2510.13,wants,travel,travel,79.5,monthly,79.5
436,2510.13,wants,personal care,personal_care,32.57,monthly,32.57
437,3255.49,needs,groceries,groceries,111.56,biweekly,242.09
437,3255.49,needs,rent/mortgage,rent_mortgage,1053.31,monthly,1053.31
437,3255.49,needs,utilities,utilities,26.62,weekly,115.26
437,3255.49,needs,gas/transport,gas_transport,173.04,one time,173.04
437,3255.49,needs,insurance,insurance,160.05,monthly,160.05
437,3255.49,needs,bills,bills,145.14,monthly,145.14
437,3255.49,needs,healthcare,healthcare,98.18,monthly,98.18
437,3255.49,needs,childcare,childcare,110.54,monthly,110.54
437,3255.49,needs,other,other,11.2,weekly,48.5
437,3255.49,wants,dining out,dining_out,36.33,weekly,157.31
437,3255.49,wants,entertainment,entertainment,144.55,one time,144.55
437,3255.49,wants,shopping,shopping,334.53,one time,334.53
437,3255.49,wants,subscriptions,subscriptions,106.72,one time,106.72
437,3255.49,wants,hobbies,hobbies,33.4,weekly,144.62
437,3255.49,wants,travel,travel,16.03,weekly,69.41
437,3255.49,wants,gifts,gifts,100.35,monthly,100.35
437,3255.49,wants,other,other,34.05,one time,34.05
438,6170.95,needs,groceries,groceries,493.95,monthly,493.95
438,6170.95,needs,rent/mortgage,rent_mortgage,1739.97,monthly,1739.97
438,6170.95,needs,utilities,utilities,341.71,monthly,341.71
438,6170.95,needs,gas/transport,gas_transport,100.89,weekly,436.85
438,6170.95,needs,insurance,insurance,166.77,biweekly,361.89
438,6170.95,needs,bills,bills,207.03,monthly,207.03
438,6170.95,needs,healthcare,healthcare,206.79,monthly,206.79
438,6170.95,needs,other,other,107.09,monthly,107.09
438,6170.95,wants,dining out,dining_out,220.74,one time,220.74
438,6170.95,wants,entertainment,entertainment,281.9,one time,281.9
438,6170.95,wants,shopping,shopping,354.07,one time,354.07
438,6170.95,wants,subscriptions,subscriptions,66.36,one time,66.36
438,6170.95,wants,travel,travel,134.67,monthly,134.67
438,6170.95,wants,personal care,personal_care,167.36,monthly,167.36
438,6170.95,wants,gifts,gifts,36.19,weekly,156.7
438,6170.95,wants,other,other,125.82,monthly,125.82
439,9191.05,needs,groceries,groceries,896.6,monthly,896.6
439,9191.05,needs,rent/mortgage,rent_mortgage,2887.71,one time,2887.71
439,9191.05,needs,utilities,utilities,172.16,biweekly,373.59
439,9191.05,needs,gas/transport,gas_transport,141.62,weekly,613.21
439,9191.05,needs,insurance,insurance,516.33,monthly,516.33
439,9191.05,needs,bills,bills,88.42,weekly,382.86
439,9191.05,needs,healthcare,healthcare,121.47,biweekly,263.59
439,9191.05,needs,other,other,194.15,monthly,194.15
439,9191.05,wants,entertainment,entertainment,153.66,biweekly,333.44
439,9191.05,wants,shopping,shopping,257.55,biweekly,558.88
439,9191.05,wants,subscriptions,subscriptions,270.51,one time,270.51
439,9191.05,wants,hobbies,hobbies,228.94,monthly,228.94
439,9191.05,wants,travel,travel,174.3,biweekly,378.23
439,9191.05,wants,personal care,personal_care,32.29,weekly,139.82
439,9191.05,wants,gifts,gifts,194.42,monthly,194.42
439,9191.05,wants,other,other,111.96,biweekly,242.95
440,11918.51,needs,groceries,groceries,240.84,weekly,1042.84
440,11918.51,needs,rent/mortgage,rent_mortgage,3468.48,monthly,3468.48
440,11918.51,needs,utilities,utilities,317.23,biweekly,688.39
440,11918.51,needs,gas/transport,gas_transport,662.48,monthly,662.48
440,11918.51,needs,insurance,insurance,513.21,monthly,513.21
440,11918.51,needs,bills,bills,177.83,biweekly,385.89
440,11918.51,needs,healthcare,healthcare,77.12,weekly,333.93
440,11918.51,needs,other,other,282.99,monthly,282.99
440,11918.51,wants,dining out,dining_out,239.39,weekly,1036.56
440,11918.51,wants,entertainment,entertainment,366.83,biweekly,796.02
440,11918.51,wants,shopping,shopping,1247.01,monthly,1247.01
440,11918.51,wants,subscriptions,subscriptions,79.61,weekly,344.71
440,11918.51,wants,travel,travel,174.97,biweekly,379.68
440,11918.51,wants,personal care,personal_care,270.32,monthly,270.32
441,5643.97,needs,groceries,groceries,164.59,weekly,712.67
441,5643.97,needs,rent/mortgage,rent_mortgage,1462.09,monthly,1462.09
441,5643.97,needs,utilities,utilities,50.32,weekly,217.89
441,5643.97,needs,gas/transport,gas_transport,394.86,monthly,394.86
441,5643.97,needs,insurance,insurance,337.32,monthly,337.32
441,5643.97,needs,bills,bills,134.04,biweekly,290.87
441,5643.97,needs,healthcare,healthcare,94.32,biweekly,204.67
441,5643.97,needs,other,other,124.96,monthly,124.96
441,5643.97,wants,dining out,dining_out,22.71,weekly,98.33
441,5643.97,wants,entertainment,entertainment,266.86,monthly,266.86
441,5643.97,wants,shopping,shopping,135.1,one time,135.1
441,5643.97,wants,subscriptions,subscriptions,95.57,monthly,95.57
441,5643.97,wants,hobbies,hobbies,33.9,weekly,146.79
441,5643.97,wants,travel,travel,68.78,weekly,297.82
441,5643.97,wants,personal care,personal_care,101.78,biweekly,220.86
441,5643.97,wants,gifts,gifts,46.37,biweekly,100.62
441,5643.97,wants,other,other,87.12,monthly,87.12
442,9052.46,needs,groceries,groceries,1088.89,monthly,1088.89
442,9052.46,needs,rent/mortgage,rent_mortgage,2644.56,monthly,2644.56
442,9052.46,needs,utilities,utilities,324.63,monthly,324.63
442,9052.46,needs,gas/transport,gas_transport,503.89,monthly,503.89
442,9052.46,needs,insurance,insurance,255.96,biweekly,555.43
442,9052.46,needs,bills,bills,101.76,weekly,440.62
442,9052.46,needs,healthcare,healthcare,221.66,monthly,221.66
442,9052.46,wants,dining out,dining_out,77.35,weekly,334.93
442,9052.46,wants,entertainment,entertainment,83.17,weekly,360.13
442,9052.46,wants,shopping,shopping,401.94,monthly,401.94
442,9052.46,wants,subscriptions,subscriptions,292.98,monthly,292.98
442,9052.46,wants,hobbies,hobbies,265.42,monthly,265.42
442,9052.46,wants,travel,travel,228.91,monthly,228.91
442,9052.46,wants,gifts,gifts,127.18,one time,127.18
442,9052.46,wants,other,other,155.54,monthly,155.54
443,4314.8,needs,groceries,groceries,107.4,weekly,465.04
443,4314.8,needs,rent/mortgage,rent_mortgage,1272.53,monthly,1272.53
443,4314.8,needs,utilities,utilities,93.47,biweekly,202.83
443,4314.8,needs,gas/transport,gas_transport,122.65,biweekly,266.15
443,4314.8,needs,insurance,insurance,125.51,biweekly,272.36
443,4314.8,needs,bills,bills,132.76,monthly,132.76
443,4314.8,needs,healthcare,healthcare,26.67,weekly,115.48
443,4314.8,wants,entertainment,entertainment,109.52,monthly,109.52
443,4314.8,wants,shopping,shopping,207.23,monthly,207.23
443,4314.8,wants,subscriptions,subscriptions,9.59,weekly,41.52
443,4314.8,wants,travel,travel,49.81,monthly,49.81
443,4314.8,wants,personal care,personal_care,212.39,monthly,212.39
443,4314.8,wants,other,other,63.59,monthly,63.59
444,16865.07,needs,groceries,groceries,1266.33,monthly,1266.33
444,16865.07,needs,rent/mortgage,rent_mortgage,2820.67,biweekly,6120.85
444,16865.07,needs,utilities,utilities,757.42,monthly,757.42
444,16865.07,needs,gas/transport,gas_transport,1079.19,monthly,1079.19
444,16865.07,needs,insurance,insurance,610.98,monthly,610.98
444,16865.07,needs,bills,bills,292.42,biweekly,634.55
444,16865.07,needs,healthcare,healthcare,141.57,weekly,613.0
444,16865.07,wants,dining out,dining_out,518.27,monthly,518.27
444,16865.07,wants,entertainment,entertainment,735.53,monthly,735.53
444,16865.07,wants,shopping,shopping,1286.16,monthly,1286.16
444,16865.07,wants,subscriptions,subscriptions,127.81,monthly,127.81
444,16865.07,wants,hobbies,hobbies,497.43,one time,497.43
444,16865.07,wants,travel,travel,281.96,biweekly,611.85
444,16865.07,wants,personal care,personal_care,295.09,biweekly,640.35
444,16865.07,wants,gifts,gifts,77.55,biweekly,168.28
444,16865.07,wants,other,other,211.55,monthly,211.55
445,4627.22,needs,groceries,groceries,124.78,weekly,540.3
445,4627.22,needs,rent/mortgage,rent_mortgage,998.88,monthly,998.88
445,4627.22,needs,utilities,utilities,278.21,monthly,278.21
445,4627.22,needs,gas/transport,gas_transport,238.32,monthly,238.32
445,4627.22,needs,insurance,insurance,85.07,biweekly,184.6
445,4627.22,needs,bills,bills,227.67,monthly,227.67
445,4627.22,needs,healthcare,healthcare,28.18,weekly,122.02
445,4627.22,needs,childcare,childcare,66.78,biweekly,144.91
445,4627.22,needs,other,other,96.51,one time,96.51
445,4627.22,wants,entertainment,entertainment,87.88,biweekly,190.7
445,4627.22,wants,shopping,shopping,100.14,weekly,433.61
445,4627.22,wants,subscriptions,subscriptions,111.4,monthly,111.4
445,4627.22,wants,hobbies,hobbies,149.55,monthly,149.55
445,4627.22,wants,travel,travel,247.14,monthly,247.14
445,4627.22,wants,personal care,personal_care,21.13,weekly,91.49
445,4627.22,wants,gifts,gifts,152.58,monthly,152.58
446,2936.55,needs,groceries,groceries,287.75,monthly,287.75
446,2936.55,needs,rent/mortgage,rent_mortgage,601.86,monthly,601.86
446,2936.55,needs,utilities,utilities,129.22,monthly,129.22
446,2936.55,needs,gas/transport,gas_transport,32.16,weekly,139.25
446,2936.55,needs,insurance,insurance,25.03,weekly,108.38
446,2936.55,needs,bills,bills,46.09,biweekly,100.02
446,2936.55,needs,healthcare,healthcare,70.29,monthly,70.29
446,2936.55,needs,childcare,childcare,114.39,one time,114.39
446,2936.55,needs,other,other,49.77,monthly,49.77
446,2936.55,wants,dining out,dining_out,219.77,monthly,219.77
446,2936.55,wants,entertainment,entertainment,208.19,one time,208.19
446,2936.55,wants,subscriptions,subscriptions,14.71,weekly,63.69
446,2936.55,wants,hobbies,hobbies,115.75,monthly,115.75
446,2936.55,wants,travel,travel,75.6,monthly,75.6
446,2936.55,wants,personal care,personal_care,144.12,monthly,144.12
447,5248.17,needs,groceries,groceries,145.79,weekly,631.27
447,5248.17,needs,rent/mortgage,rent_mortgage,1181.48,monthly,1181.48
447,5248.17,needs,utilities,utilities,336.16,monthly,336.16
447,5248.17,needs,gas/transport,gas_transport,336.04,one time,336.04
447,5248.17,needs,insurance,insurance,78.51,weekly,339.95
447,5248.17,needs,bills,bills,42.79,weekly,185.28
447,5248.17,needs,healthcare,healthcare,147.47,monthly,147.47
447,5248.17,needs,childcare,childcare,207.31,monthly,207.31
447,5248.17,needs,other,other,84.89,monthly,84.89
447,5248.17,wants,dining out,dining_out,87.74,weekly,379.91
447,5248.17,wants,shopping,shopping,216.69,biweekly,470.22
447,5248.17,wants,subscriptions,subscriptions,156.05,monthly,156.05
447,5248.17,wants,personal care,personal_care,144.08,monthly,144.08
447,5248.17,wants,gifts,gifts,112.69,monthly,112.69
447,5248.17,wants,other,other,94.84,monthly,94.84
448,8268.09,needs,groceries,groceries,370.16,biweekly,803.25
448,8268.09,needs,rent/mortgage,rent_mortgage,1933.08,monthly,1933.08
448,8268.09,needs,utilities,utilities,243.52,biweekly,528.44
448,8268.09,needs,gas/transport,gas_transport,590.48,one time,590.48
448,8268.09,needs,insurance,insurance,450.57,monthly,450.57
448,8268.09,needs,bills,bills,59.51,weekly,257.68
448,8268.09,needs,healthcare,healthcare,230.23,monthly,230.23
448,8268.09,wants,shopping,shopping,334.51,monthly,334.51
448,8268.09,wants,subscriptions,subscriptions,181.72,one time,181.72
448,8268.09,wants,hobbies,hobbies,135.32,biweekly,293.64
448,8268.09,wants,travel,travel,393.83,monthly,393.83
448,8268.09,wants,personal care,personal_care,47.68,weekly,206.45
448,8268.09,wants,gifts,gifts,198.1,monthly,198.1
449,2827.72,needs,groceries,groceries,213.12,one time,213.12
449,2827.72,needs,rent/mortgage,rent_mortgage,617.43,monthly,617.43
449,2827.72,needs,utilities,utilities,82.73,biweekly,179.52
449,2827.72,needs,gas/transport,gas_transport,131.27,monthly,131.27
449,2827.72,needs,insurance,insurance,31.79,weekly,137.65
449,2827.72,needs,bills,bills,44.83,biweekly,97.28
449,2827.72,needs,healthcare,healthcare,19.15,weekly,82.92
449,2827.72,needs,childcare,childcare,39.4,biweekly,85.5
449,2827.72,needs,other,other,30.97,biweekly,67.2
449,2827.72,wants,dining out,dining_out,199.94,monthly,199.94
449,2827.72,wants,subscriptions,subscriptions,22.31,weekly,96.6
449,2827.72,wants,hobbies,hobbies,6.46,weekly,27.97
449,2827.72,wants,travel,travel,66.23,monthly,66.23
449,2827.72,wants,personal care,personal_care,36.01,biweekly,78.14
449,2827.72,wants,gifts,gifts,7.35,weekly,31.83
449,2827.72,wants,other,other,77.61,monthly,77.61
450,7125.37,needs,groceries,groceries,504.71,monthly,504.71
450,7125.37,needs,rent/mortgage,rent_mortgage,407.38,weekly,1763.96
450,7125.37,needs,utilities,utilities,449.87,one time,449.87
450,7125.37,needs,gas/transport,gas_transport,121.71,weekly,527.0
450,7125.37,needs,insurance,insurance,385.86,monthly,385.86
450,7125.37,needs,bills,bills,223.55,monthly,223.55
450,7125.37,needs,healthcare,healthcare,277.78,monthly,277.78
450,7125.37,needs,childcare,childcare,261.42,monthly,261.42
450,7125.37,wants,dining out,dining_out,534.51,monthly,534.51
450,7125.37,wants,entertainment,entertainment,205.4,one time,205.4
450,7125.37,wants,shopping,shopping,239.53,monthly,239.53
450,7125.37,wants,subscriptions,subscriptions,13.63,weekly,59.02
450,7125.37,wants,hobbies,hobbies,228.62,monthly,228.62
450,7125.37,wants,travel,travel,352.12,monthly,352.12
450,7125.37,wants,personal care,personal_care,131.51,monthly,131.51
450,7125.37,wants,other,other,82.81,biweekly,179.7
451,3572.62,needs,groceries,groceries,425.53,monthly,425.53
451,3572.62,needs,rent/mortgage,rent_mortgage,298.31,weekly,1291.68
451,3572.62,needs,utilities,utilities,78.51,biweekly,170.37
451,3572.62,needs,gas/transport,gas_transport,34.72,weekly,150.34
451,3572.62,needs,insurance,insurance,82.87,biweekly,179.83
451,3572.62,needs,bills,bills,121.3,one time,121.3
451,3572.62,needs,healthcare,healthcare,107.61,one time,107.61
451,3572.62,wants,entertainment,entertainment,98.03,monthly,98.03
451,3572.62,wants,shopping,shopping,60.78,weekly,263.18
451,3572.62,wants,subscriptions,subscriptions,5.41,weekly,23.43
451,3572.62,wants,hobbies,hobbies,43.39,weekly,187.88
451,3572.62,wants,personal care,personal_care,84.0,biweekly,182.28
451,3572.62,wants,gifts,gifts,59.09,monthly,59.09
451,3572.62,wants,other,other,5.52,weekly,23.9
452,4191.42,needs,groceries,groceries,244.93,biweekly,531.5
452,4191.42,needs,rent/mortgage,rent_mortgage,1364.64,monthly,1364.64
452,4191.42,needs,utilities,utilities,227.07,monthly,227.07
452,4191.42,needs,gas/transport,gas_transport,212.01,monthly,212.01
452,4191.42,needs,insurance,insurance,37.33,weekly,161.64
452,4191.42,needs,bills,bills,155.44,monthly,155.44
452,4191.42,needs,healthcare,healthcare,67.12,biweekly,145.65
452,4191.42,needs,other,other,65.1,monthly,65.1
452,4191.42,wants,dining out,dining_out,274.36,monthly,274.36
452,4191.42,wants,entertainment,entertainment,113.53,biweekly,246.36
452,4191.42,wants,subscriptions,subscriptions,142.6,monthly,142.6
452,4191.42,wants,hobbies,hobbies,131.37,monthly,131.37
452,4191.42,wants,travel,travel,38.53,weekly,166.83
452,4191.42,wants,personal care,personal_care,82.97,monthly,82.97
452,4191.42,wants,gifts,gifts,104.67,one time,104.67
452,4191.42,wants,other,other,45.15,monthly,45.15
453,1830.82,needs,groceries,groceries,77.5,biweekly,168.17
453,1830.82,needs,rent/mortgage,rent_mortgage,576.25,one time,576.25
453,1830.82,needs,utilities,utilities,103.89,monthly,103.89
453,1830.82,needs,gas/transport,gas_transport,20.01,weekly,86.64
453,1830.82,needs,insurance,insurance,97.42,monthly,97.42
453,1830.82,needs,bills,bills,39.75,biweekly,86.26
453,1830.82,needs,healthcare,healthcare,12.25,weekly,53.04
453,1830.82,needs,childcare,childcare,20.06,weekly,86.86
453,1830.82,needs,other,other,42.61,monthly,42.61
453,1830.82,wants,entertainment,entertainment,7.09,weekly,30.7
453,1830.82,wants,shopping,shopping,36.6,weekly,158.48
453,1830.82,wants,subscriptions,subscriptions,9.79,biweekly,21.24
453,1830.82,wants,hobbies,hobbies,8.17,biweekly,17.73
453,1830.82,wants,travel,travel,14.43,biweekly,31.31
453,1830.82,wants,personal care,personal_care,15.3,weekly,66.25
453,1830.82,wants,other,other,9.65,weekly,41.78
454,8524.65,needs,groceries,groceries,413.7,biweekly,897.73
454,8524.65,needs,rent/mortgage,rent_mortgage,2419.31,monthly,2419.31
454,8524.65,needs,utilities,utilities,115.77,weekly,501.28
454,8524.65,needs,gas/transport,gas_transport,363.48,monthly,363.48
454,8524.65,needs,insurance,insurance,171.95,biweekly,373.13
454,8524.65,needs,bills,bills,270.89,monthly,270.89
454,8524.65,needs,healthcare,healthcare,67.8,weekly,293.57
454,8524.65,wants,shopping,shopping,643.59,monthly,643.59
454,8524.65,wants,subscriptions,subscriptions,261.5,monthly,261.5
454,8524.65,wants,hobbies,hobbies,94.86,weekly,410.74
454,8524.65,wants,personal care,personal_care,453.24,one time,453.24
454,8524.65,wants,other,other,279.83,one time,279.83
455,9923.49,needs,groceries,groceries,818.58,monthly,818.58
455,9923.49,needs,rent/mortgage,rent_mortgage,2610.03,monthly,2610.03
455,9923.49,needs,utilities,utilities,505.99,monthly,505.99
455,9923.49,needs,gas/transport,gas_transport,137.09,weekly,593.6
455,9923.49,needs,insurance,insurance,359.66,monthly,359.66
455,9923.49,needs,bills,bills,215.24,biweekly,467.07
455,9923.49,needs,healthcare,healthcare,347.55,monthly,347.55
455,9923.49,needs,other,other,207.3,monthly,207.3
455,9923.49,wants,dining out,dining_out,141.66,weekly,613.39
455,9923.49,wants,subscriptions,subscriptions,285.0,monthly,285.0
455,9923.49,wants,travel,travel,174.7,biweekly,379.1
455,9923.49,wants,personal care,personal_care,370.73,one time,370.73
455,9923.49,wants,gifts,gifts,19.43,weekly,84.13
455,9923.49,wants,other,other,183.12,monthly,183.12
456,5982.02,needs,groceries,groceries,137.22,weekly,594.16
456,5982.02,needs,rent/mortgage,rent_mortgage,1520.77,monthly,1520.77
456,5982.02,needs,utilities,utilities,284.8,monthly,284.8
456,5982.02,needs,gas/transport,gas_transport,402.21,monthly,402.21
456,5982.02,needs,insurance,insurance,253.87,one time,253.87
456,5982.02,needs,bills,bills,136.8,biweekly,296.86
456,5982.02,needs,healthcare,healthcare,33.81,weekly,146.4
456,5982.02,wants,dining out,dining_out,325.22,monthly,325.22
456,5982.02,wants,entertainment,entertainment,426.82,one time,426.82
456,5982.02,wants,subscriptions,subscriptions,40.95,biweekly,88.86
456,5982.02,wants,hobbies,hobbies,35.91,weekly,155.49
456,5982.02,wants,gifts,gifts,179.97,monthly,179.97
456,5982.02,wants,other,other,78.09,monthly,78.09
457,1630.7,needs,groceries,groceries,211.14,monthly,211.14
457,1630.7,needs,rent/mortgage,rent_mortgage,522.2,one time,522.2
457,1630.7,needs,utilities,utilities,80.27,monthly,80.27
457,1630.7,needs,gas/transport,gas_transport,71.32,monthly,71.32
457,1630.7,needs,insurance,insurance,78.11,one time,78.11
457,1630.7,needs,bills,bills,54.93,one time,54.93
457,1630.7,needs,healthcare,healthcare,22.93,biweekly,49.76
457,1630.7,wants,dining out,dining_out,29.27,monthly,29.27
457,1630.7,wants,entertainment,entertainment,5.09,weekly,22.04
457,1630.7,wants,shopping,shopping,68.31,biweekly,148.23
457,1630.7,wants,subscriptions,subscriptions,10.47,weekly,45.34
457,1630.7,wants,hobbies,hobbies,31.61,biweekly,68.59
457,1630.7,wants,travel,travel,14.2,weekly,61.49
457,1630.7,wants,personal care,personal_care,54.25,monthly,54.25
457,1630.7,wants,gifts,gifts,31.79,monthly,31.79
458,7593.86,needs,groceries,groceries,341.79,biweekly,741.68
458,7593.86,needs,rent/mortgage,rent_mortgage,1058.18,biweekly,2296.25
458,7593.86,needs,utilities,utilities,219.21,biweekly,475.69
458,7593.86,needs,gas/transport,gas_transport,573.64,one time,573.64
458,7593.86,needs,insurance,insurance,455.66,monthly,455.66
458,7593.86,needs,bills,bills,73.65,weekly,318.9
458,7593.86,needs,healthcare,healthcare,112.47,biweekly,244.06
458,7593.86,needs,other,other,150.34,monthly,150.34
458,7593.86,wants,dining out,dining_out,342.99,monthly,342.99
458,7593.86,wants,entertainment,entertainment,336.28,monthly,336.28
458,7593.86,wants,shopping,shopping,123.96,biweekly,268.99
458,7593.86,wants,hobbies,hobbies,254.44,monthly,254.44
458,7593.86,wants,travel,travel,79.37,monthly,79.37
458,7593.86,wants,personal care,personal_care,331.22,monthly,331.22
458,7593.86,wants,gifts,gifts,57.45,biweekly,124.67
458,7593.86,wants,other,other,144.47,monthly,144.47
459,9793.91,needs,groceries,groceries,809.46,monthly,809.46
459,9793.91,needs,rent/mortgage,rent_mortgage,2052.34,monthly,2052.34
459,9793.91,needs,utilities,utilities,268.8,biweekly,583.3
459,9793.91,needs,gas/transport,gas_transport,635.11,monthly,635.11
459,9793.91,needs,insurance,insurance,590.38,monthly,590.38
459,9793.91,needs,bills,bills,312.74,monthly,312.74
459,9793.91,needs,healthcare,healthcare,374.53,one time,374.53
459,9793.91,needs,childcare,childcare,200.59,biweekly,435.28
459,9793.91,needs,other,other,112.3,biweekly,243.69
459,9793.91,wants,dining out,dining_out,336.59,one time,336.59
459,9793.91,wants,entertainment,entertainment,113.63,weekly,492.02
459,9793.91,wants,shopping,shopping,362.08,biweekly,785.71
459,9793.91,wants,subscriptions,subscriptions,82.0,monthly,82.0
459,9793.91,wants,hobbies,hobbies,97.27,monthly,97.27
459,9793.91,wants,travel,travel,114.62,one time,114.62
459,9793.91,wants,personal care,personal_care,431.4,one time,431.4
460,5404.74,needs,groceries,groceries,545.84,monthly,545.84
460,5404.74,needs,rent/mortgage,rent_mortgage,1541.29,monthly,1541.29
460,5404.74,needs,utilities,utilities,80.54,weekly,348.74
460,5404.74,needs,gas/transport,gas_transport,315.31,monthly,315.31
460,5404.74,needs,insurance,insurance,258.71,monthly,258.71
460,5404.74,needs,bills,bills,199.0,monthly,199.0
460,5404.74,needs,healthcare,healthcare,128.31,monthly,128.31
460,5404.74,needs,other,other,83.1,monthly,83.1
460,5404.74,wants,dining out,dining_out,106.35,weekly,460.5
460,5404.74,wants,entertainment,entertainment,205.32,monthly,205.32
460,5404.74,wants,shopping,shopping,246.68,monthly,246.68
460,5404.74,wants,subscriptions,subscriptions,20.59,weekly,89.15
460,5404.74,wants,hobbies,hobbies,182.23,monthly,182.23
460,5404.74,wants,travel,travel,119.62,monthly,119.62
460,5404.74,wants,gifts,gifts,42.14,weekly,182.47
460,5404.74,wants,other,other,136.21,monthly,136.21
461,5506.79,needs,groceries,groceries,140.95,weekly,610.31
461,5506.79,needs,rent/mortgage,rent_mortgage,268.16,weekly,1161.13
461,5506.79,needs,utilities,utilities,256.46,monthly,256.46
461,5506.79,needs,gas/transport,gas_transport,60.79,weekly,263.22
461,5506.79,needs,insurance,insurance,233.9,monthly,233.9
461,5506.79,needs,bills,bills,263.72,monthly,263.72
461,5506.79,needs,healthcare,healthcare,182.68,monthly,182.68
461,5506.79,needs,other,other,32.55,weekly,140.94
461,5506.79,wants,dining out,dining_out,417.44,monthly,417.44
461,5506.79,wants,entertainment,entertainment,22.71,weekly,98.33
461,5506.79,wants,shopping,shopping,198.11,biweekly,429.9
461,5506.79,wants,travel,travel,275.28,monthly,275.28
461,5506.79,wants,personal care,personal_care,70.64,biweekly,153.29
461,5506.79,wants,gifts,gifts,44.43,weekly,192.38
461,5506.79,wants,other,other,33.83,weekly,146.48
462,3706.53,needs,groceries,groceries,371.79,monthly,371.79
462,3706.53,needs,rent/mortgage,rent_mortgage,971.54,one time,971.54
462,3706.53,needs,utilities,utilities,110.41,biweekly,239.59
462,3706.53,needs,gas/transport,gas_transport,246.88,one time,246.88
462,3706.53,needs,insurance,insurance,215.83,monthly,215.83
462,3706.53,needs,bills,bills,70.27,biweekly,152.49
462,3706.53,needs,healthcare,healthcare,38.55,biweekly,83.65
462,3706.53,needs,childcare,childcare,32.14,weekly,139.17
462,3706.53,needs,other,other,60.48,one time,60.48
462,3706.53,wants,dining out,dining_out,71.72,one time,71.72
462,3706.53,wants,entertainment,entertainment,92.4,one time,92.4
462,3706.53,wants,shopping,shopping,256.0,monthly,256.0
462,3706.53,wants,subscriptions,subscriptions,18.68,weekly,80.88
462,3706.53,wants,hobbies,hobbies,26.92,weekly,116.56
462,3706.53,wants,travel,travel,194.47,monthly,194.47
462,3706.53,wants,personal care,personal_care,38.03,biweekly,82.53
462,3706.53,wants,other,other,65.34,monthly,65.34
463,5490.38,needs,groceries,groceries,107.13,weekly,463.87
463,5490.38,needs,rent/mortgage,rent_mortgage,1339.96,monthly,1339.96
463,5490.38,needs,utilities,utilities,291.44,monthly,291.44
463,5490.38,needs,gas/transport,gas_transport,307.85,monthly,307.85
463,5490.38,needs,insurance,insurance,241.88,monthly,241.88
463,5490.38,needs,bills,bills,233.32,one time,233.32
463,5490.38,needs,healthcare,healthcare,60.98,biweekly,132.33
463,5490.38,needs,other,other,26.27,weekly,113.75
463,5490.38,wants,dining out,dining_out,52.16,weekly,225.85
463,5490.38,wants,subscriptions,subscriptions,66.83,monthly,66.83
463,5490.38,wants,hobbies,hobbies,132.83,monthly,132.83
463,5490.38,wants,travel,travel,65.67,weekly,284.35
463,5490.38,wants,personal care,personal_care,292.23,monthly,292.23
463,5490.38,wants,other,other,135.54,one time,135.54
464,7044.94,needs,groceries,groceries,910.48,monthly,910.48
464,7044.94,needs,rent/mortgage,rent_mortgage,1026.3,biweekly,2227.07
464,7044.94,needs,utilities,utilities,273.85,monthly,273.85
464,7044.94,needs,gas/transport,gas_transport,104.11,weekly,450.8
464,7044.94,needs,insurance,insurance,145.87,biweekly,316.54
464,7044.94,needs,bills,bills,266.96,monthly,266.96
464,7044.94,needs,healthcare,healthcare,208.39,monthly,208.39
464,7044.94,wants,dining out,dining_out,438.01,monthly,438.01
464,7044.94,wants,entertainment,entertainment,127.45,biweekly,276.57
464,7044.94,wants,shopping,shopping,131.31,monthly,131.31
464,7044.94,wants,subscriptions,subscriptions,31.22,weekly,135.18
464,7044.94,wants,hobbies,hobbies,366.16,monthly,366.16
464,7044.94,wants,travel,travel,53.79,weekly,232.91
464,7044.94,wants,gifts,gifts,95.05,monthly,95.05
464,7044.94,wants,other,other,67.73,biweekly,146.97
465,3409.97,needs,groceries,groceries,80.67,weekly,349.3
465,3409.97,needs,rent/mortgage,rent_mortgage,1168.87,monthly,1168.87
465,3409.97,needs,utilities,utilities,145.55,monthly,145.55
465,3409.97,needs,gas/transport,gas_transport,112.73,biweekly,244.62
465,3409.97,needs,insurance,insurance,174.7,monthly,174.7
465,3409.97,needs,bills,bills,38.54,weekly,166.88
465,3409.97,needs,healthcare,healthcare,57.89,biweekly,125.62
465,3409.97,needs,other,other,76.39,monthly,76.39
465,3409.97,wants,dining out,dining_out,257.64,monthly,257.64
465,3409.97,wants,entertainment,entertainment,159.32,monthly,159.32
465,3409.97,wants,shopping,shopping,69.71,biweekly,151.27
465,3409.97,wants,subscriptions,subscriptions,18.15,weekly,78.59
465,3409.97,wants,hobbies,hobbies,58.65,biweekly,127.27
465,3409.97,wants,travel,travel,130.78,one time,130.78
465,3409.97,wants,personal care,personal_care,15.96,weekly,69.11
465,3409.97,wants,gifts,gifts,21.3,monthly,21.3
465,3409.97,wants,other,other,12.89,biweekly,27.97
466,16973.08,needs,groceries,groceries,2119.46,monthly,2119.46
466,16973.08,needs,rent/mortgage,rent_mortgage,4757.89,monthly,4757.89
466,16973.08,needs,utilities,utilities,234.52,weekly,1015.47
466,16973.08,needs,gas/transport,gas_transport,1221.9,monthly,1221.9
466,16973.08,needs,insurance,insurance,823.65,monthly,823.65
466,16973.08,needs,bills,bills,707.41,one time,707.41
466,16973.08,needs,healthcare,healthcare,83.31,weekly,360.73
466,16973.08,needs,childcare,childcare,224.41,biweekly,486.97
466,16973.08,needs,other,other,159.99,biweekly,347.18
466,16973.08,wants,entertainment,entertainment,1081.74,monthly,1081.74
466,16973.08,wants,subscriptions,subscriptions,69.27,weekly,299.94
466,16973.08,wants,hobbies,hobbies,62.54,weekly,270.8
466,16973.08,wants,travel,travel,345.1,monthly,345.1
466,16973.08,wants,personal care,personal_care,396.4,monthly,396.4
467,3325.2,needs,groceries,groceries,309.54,monthly,309.54
467,3325.2,needs,rent/mortgage,rent_mortgage,1205.17,monthly,1205.17
467,3325.2,needs,utilities,utilities,117.72,monthly,117.72
467,3325.2,needs,gas/transport,gas_transport,209.04,monthly,209.04
467,3325.2,needs,insurance,insurance,93.57,biweekly,203.05
467,3325.2,needs,bills,bills,35.66,weekly,154.41
467,3325.2,needs,healthcare,healthcare,70.24,monthly,70.24
467,3325.2,needs,other,other,64.75,monthly,64.75
467,3325.2,wants,dining out,dining_out,122.43,biweekly,265.67
467,3325.2,wants,entertainment,entertainment,45.43,weekly,196.71
467,3325.2,wants,shopping,shopping,34.63,biweekly,75.15
467,3325.2,wants,hobbies,hobbies,18.03,biweekly,39.13
467,3325.2,wants,personal care,personal_care,115.38,monthly,115.38
467,3325.2,wants,other,other,78.84,monthly,78.84
468,4334.67,needs,groceries,groceries,398.69,monthly,398.69
468,4334.67,needs,rent/mortgage,rent_mortgage,339.37,weekly,1469.47
468,4334.67,needs,utilities,utilities,278.57,one time,278.57
468,4334.67,needs,gas/transport,gas_transport,191.34,monthly,191.34
468,4334.67,needs,insurance,insurance,116.57,biweekly,252.96
468,4334.67,needs,bills,bills,168.64,monthly,168.64
468,4334.67,needs,healthcare,healthcare,65.79,biweekly,142.76
468,4334.67,needs,childcare,childcare,70.71,biweekly,153.44
468,4334.67,wants,dining out,dining_out,31.28,weekly,135.44
468,4334.67,wants,entertainment,entertainment,131.69,monthly,131.69
468,4334.67,wants,shopping,shopping,36.06,weekly,156.14
468,4334.67,wants,subscriptions,subscriptions,132.65,monthly,132.65
468,4334.67,wants,hobbies,hobbies,159.12,monthly,159.12
468,4334.67,wants,personal care,personal_care,87.31,biweekly,189.46
468,4334.67,wants,gifts,gifts,33.53,biweekly,72.76
468,4334.67,wants,other,other,85.25,one time,85.25
469,8597.84,needs,groceries,groceries,170.27,weekly,737.27
469,8597.84,needs,rent/mortgage,rent_mortgage,1207.67,biweekly,2620.64
469,8597.84,needs,utilities,utilities,326.06,monthly,326.06
469,8597.84,needs,gas/transport,gas_transport,566.2,monthly,566.2
469,8597.84,needs,insurance,insurance,383.77,one time,383.77
469,8597.84,needs,bills,bills,341.49,monthly,341.49
469,8597.84,needs,healthcare,healthcare,288.61,monthly,288.61
469,8597.84,wants,dining out,dining_out,560.52,monthly,560.52
469,8597.84,wants,entertainment,entertainment,208.37,biweekly,452.16
469,8597.84,wants,shopping,shopping,204.66,monthly,204.66
469,8597.84,wants,subscriptions,subscriptions,51.15,weekly,221.48
469,8597.84,wants,travel,travel,99.76,weekly,431.96
469,8597.84,wants,personal care,personal_care,114.48,monthly,114.48
469,8597.84,wants,gifts,gifts,88.13,biweekly,191.24
469,8597.84,wants,other,other,210.47,monthly,210.47
470,5026.65,needs,groceries,groceries,104.75,weekly,453.57
470,5026.65,needs,rent/mortgage,rent_mortgage,1437.89,monthly,1437.89
470,5026.65,needs,utilities,utilities,264.44,monthly,264.44
470,5026.65,needs,gas/transport,gas_transport,100.97,biweekly,219.1
470,5026.65,needs,insurance,insurance,55.29,weekly,239.41
470,5026.65,needs,bills,bills,234.83,one time,234.83
470,5026.65,needs,healthcare,healthcare,31.62,weekly,136.91
470,5026.65,needs,other,other,109.99,one time,109.99
470,5026.65,wants,dining out,dining_out,65.95,weekly,285.56
470,5026.65,wants,entertainment,entertainment,302.25,monthly,302.25
470,5026.65,wants,shopping,shopping,219.51,monthly,219.51
470,5026.65,wants,subscriptions,subscriptions,130.35,monthly,130.35
470,5026.65,wants,hobbies,hobbies,78.46,one time,78.46
470,5026.65,wants,personal care,personal_care,53.25,weekly,230.57
470,5026.65,wants,gifts,gifts,29.13,weekly,126.13
470,5026.65,wants,other,other,112.68,monthly,112.68
471,4026.53,needs,groceries,groceries,70.89,weekly,306.95
471,4026.53,needs,rent/mortgage,rent_mortgage,1169.45,monthly,1169.45
471,4026.53,needs,utilities,utilities,76.69,biweekly,166.42
471,4026.53,needs,gas/transport,gas_transport,208.72,monthly,208.72
471,4026.53,needs,insurance,insurance,215.9,one time,215.9
471,4026.53,needs,bills,bills,140.33,monthly,140.33
471,4026.53,needs,healthcare,healthcare,87.25,monthly,87.25
471,4026.53,needs,childcare,childcare,28.63,weekly,123.97
471,4026.53,wants,dining out,dining_out,333.44,monthly,333.44
471,4026.53,wants,entertainment,entertainment,34.87,weekly,150.99
471,4026.53,wants,shopping,shopping,97.23,weekly,421.01
471,4026.53,wants,subscriptions,subscriptions,28.95,weekly,125.35
471,4026.53,wants,hobbies,hobbies,119.24,monthly,119.24
471,4026.53,wants,travel,travel,10.64,weekly,46.07
471,4026.53,wants,gifts,gifts,24.25,weekly,105.0
471,4026.53,wants,other,other,16.39,biweekly,35.57
472,2216.12,needs,groceries,groceries,265.43,monthly,265.43
472,2216.12,needs,rent/mortgage,rent_mortgage,672.99,monthly,672.99
472,2216.12,needs,utilities,utilities,128.78,monthly,128.78
472,2216.12,needs,gas/transport,gas_transport,94.22,monthly,94.22
472,2216.12,needs,insurance,insurance,129.08,monthly,129.08
472,2216.12,needs,bills,bills,70.24,monthly,70.24
472,2216.12,needs,healthcare,healthcare,27.26,biweekly,59.15
472,2216.12,wants,entertainment,entertainment,136.44,one time,136.44
472,2216.12,wants,shopping,shopping,189.66,one time,189.66
472,2216.12,wants,subscriptions,subscriptions,38.44,one time,38.44
472,2216.12,wants,hobbies,hobbies,55.57,monthly,55.57
472,2216.12,wants,travel,travel,75.54,one time,75.54
472,2216.12,wants,personal care,personal_care,25.74,biweekly,55.86
472,2216.12,wants,gifts,gifts,38.86,one time,38.86
472,2216.12,wants,other,other,11.13,weekly,48.19
473,3959.82,needs,groceries,groceries,389.56,monthly,389.56
473,3959.82,needs,rent/mortgage,rent_mortgage,810.23,monthly,810.23
473,3959.82,needs,utilities,utilities,180.45,monthly,180.45
473,3959.82,needs,gas/transport,gas_transport,94.05,biweekly,204.09
473,3959.82,needs,insurance,insurance,166.95,monthly,166.95
473,3959.82,needs,bills,bills,159.32,monthly,159.32
473,3959.82,needs,healthcare,healthcare,23.58,weekly,102.1
473,3959.82,wants,entertainment,entertainment,211.32,monthly,211.32
473,3959.82,wants,subscriptions,subscriptions,32.06,biweekly,69.57
473,3959.82,wants,hobbies,hobbies,111.8,one time,111.8
473,3959.82,wants,travel,travel,43.32,weekly,187.58
473,3959.82,wants,personal care,personal_care,151.17,monthly,151.17
473,3959.82,wants,gifts,gifts,125.39,monthly,125.39
473,3959.82,wants,other,other,62.45,monthly,62.45
474,3286.74,needs,groceries,groceries,250.42,monthly,250.42
474,3286.74,needs,rent/mortgage,rent_mortgage,261.57,weekly,1132.6
474,3286.74,needs,utilities,utilities,33.14,weekly,143.5
474,3286.74,needs,gas/transport,gas_transport,97.12,biweekly,210.75
474,3286.74,needs,insurance,insurance,93.47,biweekly,202.83
474,3286.74,needs,bills,bills,98.42,monthly,98.42
474,3286.74,needs,healthcare,healthcare,17.42,weekly,75.43
474,3286.74,needs,other,other,26.56,biweekly,57.64
474,3286.74,wants,dining out,dining_out,58.63,weekly,253.87
474,3286.74,wants,entertainment,entertainment,48.55,weekly,210.22
474,3286.74,wants,shopping,shopping,188.87,one time,188.87
474,3286.74,wants,hobbies,hobbies,143.42,monthly,143.42
474,3286.74,wants,travel,travel,13.85,weekly,59.97
474,3286.74,wants,personal care,personal_care,87.33,one time,87.33
474,3286.74,wants,gifts,gifts,9.39,weekly,40.66
475,4181.36,needs,groceries,groceries,121.05,weekly,524.15
475,4181.36,needs,rent/mortgage,rent_mortgage,1385.16,monthly,1385.16
475,4181.36,needs,utilities,utilities,267.72,monthly,267.72
475,4181.36,needs,gas/transport,gas_transport,63.99,weekly,277.08
475,4181.36,needs,insurance,insurance,78.37,biweekly,170.06
475,4181.36,needs,bills,bills,158.65,monthly,158.65
475,4181.36,needs,healthcare,healthcare,142.42,one time,142.42
475,4181.36,needs,other,other,27.82,biweekly,60.37
475,4181.36,wants,dining out,dining_out,123.47,monthly,123.47
475,4181.36,wants,entertainment,entertainment,55.15,monthly,55.15
475,4181.36,wants,shopping,shopping,187.86,monthly,187.86
475,4181.36,wants,subscriptions,subscriptions,57.8,biweekly,125.43
475,4181.36,wants,hobbies,hobbies,100.86,monthly,100.86
475,4181.36,wants,travel,travel,214.96,monthly,214.96
475,4181.36,wants,personal care,personal_care,66.36,biweekly,144.0
475,4181.36,wants,gifts,gifts,77.24,monthly,77.24
476,4902.04,needs,groceries,groceries,186.55,biweekly,404.81
476,4902.04,needs,rent/mortgage,rent_mortgage,1533.1,monthly,1533.1
476,4902.04,needs,utilities,utilities,257.09,monthly,257.09
476,4902.04,needs,gas/transport,gas_transport,236.07,monthly,236.07
476,4902.04,needs,insurance,insurance,280.92,monthly,280.92
476,4902.04,needs,bills,bills,205.85,monthly,205.85
476,4902.04,needs,healthcare,healthcare,118.51,monthly,118.51
476,4902.04,needs,other,other,79.28,monthly,79.28
476,4902.04,wants,dining out,dining_out,102.05,monthly,102.05
476,4902.04,wants,entertainment,entertainment,25.75,weekly,111.5
476,4902.04,wants,shopping,shopping,179.85,monthly,179.85
476,4902.04,wants,subscriptions,subscriptions,27.07,weekly,117.21
476,4902.04,wants,hobbies,hobbies,33.93,biweekly,73.63
476,4902.04,wants,gifts,gifts,162.18,monthly,162.18
476,4902.04,wants,other,other,40.33,one time,40.33
477,2131.32,needs,groceries,groceries,211.16,monthly,211.16
477,2131.32,needs,rent/mortgage,rent_mortgage,523.99,monthly,523.99
477,2131.32,needs,utilities,utilities,92.49,monthly,92.49
477,2131.32,needs,gas/transport,gas_transport,103.44,one time,103.44
477,2131.32,needs,insurance,insurance,131.28,monthly,131.28
477,2131.32,needs,bills,bills,108.79,monthly,108.79
477,2131.32,needs,healthcare,healthcare,58.82,monthly,58.82
477,2131.32,needs,childcare,childcare,21.32,weekly,92.32
477,2131.32,needs,other,other,53.95,monthly,53.95
477,2131.32,wants,shopping,shopping,176.87,monthly,176.87
477,2131.32,wants,subscriptions,subscriptions,73.95,monthly,73.95
477,2131.32,wants,hobbies,hobbies,102.86,monthly,102.86
477,2131.32,wants,travel,travel,83.3,one time,83.3
477,2131.32,wants,personal care,personal_care,20.47,biweekly,44.42
477,2131.32,wants,gifts,gifts,47.06,monthly,47.06
478,6566.85,needs,groceries,groceries,744.32,monthly,744.32
478,6566.85,needs,rent/mortgage,rent_mortgage,1604.07,monthly,1604.07
478,6566.85,needs,utilities,utilities,402.66,monthly,402.66
478,6566.85,needs,gas/transport,gas_transport,486.58,one time,486.58
478,6566.85,needs,insurance,insurance,190.6,biweekly,413.6
478,6566.85,needs,bills,bills,325.18,monthly,325.18
478,6566.85,needs,healthcare,healthcare,185.85,monthly,185.85
478,6566.85,wants,entertainment,entertainment,337.28,one time,337.28
478,6566.85,wants,subscriptions,subscriptions,164.41,monthly,164.41
478,6566.85,wants,travel,travel,281.33,monthly,281.33
478,6566.85,wants,personal care,personal_care,80.55,weekly,348.78
478,6566.85,wants,other,other,109.87,monthly,109.87
479,3332.22,needs,groceries,groceries,338.38,monthly,338.38
479,3332.22,needs,rent/mortgage,rent_mortgage,799.02,monthly,799.02
479,3332.22,needs,utilities,utilities,172.99,monthly,172.99
479,3332.22,needs,gas/transport,gas_transport,203.52,monthly,203.52
479,3332.22,needs,insurance,insurance,172.66,monthly,172.66
479,3332.22,needs,bills,bills,120.91,monthly,120.91
479,3332.22,needs,healthcare,healthcare,112.65,monthly,112.65
479,3332.22,needs,childcare,childcare,25.29,weekly,109.51
479,3332.22,needs,other,other,85.58,one time,85.58
479,3332.22,wants,dining out,dining_out,33.96,weekly,147.05
479,3332.22,wants,entertainment,entertainment,100.76,monthly,100.76
479,3332.22,wants,shopping,shopping,67.85,monthly,67.85
479,3332.22,wants,subscriptions,subscriptions,12.31,weekly,53.3
479,3332.22,wants,hobbies,hobbies,34.0,weekly,147.22
479,3332.22,wants,travel,travel,57.62,biweekly,125.04
479,3332.22,wants,personal care,personal_care,78.44,one time,78.44
479,3332.22,wants,gifts,gifts,32.1,biweekly,69.66
479,3332.22,wants,other,other,33.3,monthly,33.3
480,2563.2,needs,groceries,groceries,216.37,monthly,216.37
480,2563.2,needs,rent/mortgage,rent_mortgage,605.34,monthly,605.34
480,2563.2,needs,utilities,utilities,97.79,monthly,97.79
480,2563.2,needs,gas/transport,gas_transport,34.02,weekly,147.31
480,2563.2,needs,insurance,insurance,154.16,monthly,154.16
480,2563.2,needs,bills,bills,123.92,monthly,123.92
480,2563.2,needs,healthcare,healthcare,15.01,weekly,64.99
480,2563.2,needs,childcare,childcare,120.8,monthly,120.8
480,2563.2,wants,dining out,dining_out,198.65,one time,198.65
480,2563.2,wants,shopping,shopping,76.95,monthly,76.95
480,2563.2,wants,hobbies,hobbies,121.83,one time,121.83
480,2563.2,wants,gifts,gifts,64.29,one time,64.29
480,2563.2,wants,other,other,12.25,biweekly,26.58
481,2930.87,needs,groceries,groceries,209.09,monthly,209.09
481,2930.87,needs,rent/mortgage,rent_mortgage,294.56,biweekly,639.2
481,2930.87,needs,utilities,utilities,103.91,monthly,103.91
481,2930.87,needs,gas/transport,gas_transport,31.58,weekly,136.74
481,2930.87,needs,insurance,insurance,35.95,weekly,155.66
481,2930.87,needs,bills,bills,129.34,monthly,129.34
481,2930.87,needs,healthcare,healthcare,73.99,monthly,73.99
481,2930.87,needs,other,other,44.4,one time,44.4
481,2930.87,wants,dining out,dining_out,48.68,weekly,210.78
481,2930.87,wants,entertainment,entertainment,55.67,one time,55.67
481,2930.87,wants,shopping,shopping,101.24,monthly,101.24
481,2930.87,wants,subscriptions,subscriptions,63.26,monthly,63.26
481,2930.87,wants,hobbies,hobbies,75.95,monthly,75.95
481,2930.87,wants,travel,travel,57.96,biweekly,125.77
481,2930.87,wants,personal care,personal_care,19.93,weekly,86.3
481,2930.87,wants,gifts,gifts,50.64,one time,50.64
482,3462.91,needs,groceries,groceries,250.66,monthly,250.66
482,3462.91,needs,rent/mortgage,rent_mortgage,821.84,one time,821.84
482,3462.91,needs,utilities,utilities,160.34,monthly,160.34
482,3462.91,needs,gas/transport,gas_transport,263.68,one time,263.68
482,3462.91,needs,insurance,insurance,196.14,monthly,196.14
482,3462.91,needs,bills,bills,62.68,biweekly,136.02
482,3462.91,needs,healthcare,healthcare,98.99,monthly,98.99
482,3462.91,needs,childcare,childcare,161.85,monthly,161.85
482,3462.91,needs,other,other,27.92,biweekly,60.59
482,3462.91,wants,dining out,dining_out,92.42,biweekly,200.55
482,3462.91,wants,entertainment,entertainment,37.87,biweekly,82.18
482,3462.91,wants,subscriptions,subscriptions,119.09,monthly,119.09
482,3462.91,wants,hobbies,hobbies,57.06,monthly,57.06
482,3462.91,wants,gifts,gifts,10.15,weekly,43.95
482,3462.91,wants,other,other,41.23,one time,41.23
483,3582.81,needs,groceries,groceries,68.72,weekly,297.56
483,3582.81,needs,rent/mortgage,rent_mortgage,719.05,monthly,719.05
483,3582.81,needs,utilities,utilities,91.55,biweekly,198.66
483,3582.81,needs,gas/transport,gas_transport,261.63,monthly,261.63
483,3582.81,needs,insurance,insurance,106.66,biweekly,231.45
483,3582.81,needs,bills,bills,40.59,weekly,175.75
483,3582.81,needs,healthcare,healthcare,139.64,monthly,139.64
483,3582.81,wants,entertainment,entertainment,35.15,biweekly,76.28
483,3582.81,wants,shopping,shopping,65.19,weekly,282.27
483,3582.81,wants,subscriptions,subscriptions,19.05,weekly,82.49
483,3582.81,wants,travel,travel,136.09,monthly,136.09
483,3582.81,wants,personal care,personal_care,57.44,one time,57.44
483,3582.81,wants,gifts,gifts,42.63,one time,42.63
483,3582.81,wants,other,other,59.38,monthly,59.38
484,3728.5,needs,groceries,groceries,423.72,one time,423.72
484,3728.5,needs,rent/mortgage,rent_mortgage,404.4,biweekly,877.55
484,3728.5,needs,utilities,utilities,41.68,weekly,180.47
484,3728.5,needs,gas/transport,gas_transport,108.2,biweekly,234.79
484,3728.5,needs,insurance,insurance,139.41,one time,139.41
484,3728.5,needs,bills,bills,187.28,monthly,187.28
484,3728.5,needs,healthcare,healthcare,94.56,monthly,94.56
484,3728.5,wants,dining out,dining_out,156.99,monthly,156.99
484,3728.5,wants,entertainment,entertainment,266.51,monthly,266.51
484,3728.5,wants,shopping,shopping,110.44,monthly,110.44
484,3728.5,wants,subscriptions,subscriptions,43.75,monthly,43.75
484,3728.5,wants,travel,travel,42.18,weekly,182.64
484,3728.5,wants,personal care,personal_care,38.93,biweekly,84.48
484,3728.5,wants,gifts,gifts,73.42,monthly,73.42
484,3728.5,wants,other,other,28.35,biweekly,61.52
485,2047.71,needs,groceries,groceries,234.25,one time,234.25
485,2047.71,needs,rent/mortgage,rent_mortgage,532.36,monthly,532.36
485,2047.71,needs,utilities,utilities,48.77,biweekly,105.83
485,2047.71,needs,gas/transport,gas_transport,29.59,weekly,128.12
485,2047.71,needs,insurance,insurance,36.97,biweekly,80.22
485,2047.71,needs,bills,bills,23.05,weekly,99.81
485,2047.71,needs,healthcare,healthcare,70.51,monthly,70.51
485,2047.71,needs,other,other,11.18,weekly,48.41
485,2047.71,wants,dining out,dining_out,167.76,monthly,167.76
485,2047.71,wants,shopping,shopping,92.75,biweekly,201.27
485,2047.71,wants,subscriptions,subscriptions,8.66,weekly,37.5
485,2047.71,wants,hobbies,hobbies,7.3,weekly,31.61
485,2047.71,wants,travel,travel,23.33,weekly,101.02
485,2047.71,wants,personal care,personal_care,48.14,biweekly,104.46
485,2047.71,wants,gifts,gifts,13.32,weekly,57.68
485,2047.71,wants,other,other,14.46,monthly,14.46
486,6682.1,needs,groceries,groceries,268.96,biweekly,583.64
486,6682.1,needs,rent/mortgage,rent_mortgage,2162.56,one time,2162.56
486,6682.1,needs,utilities,utilities,265.12,monthly,265.12
486,6682.1,needs,gas/transport,gas_transport,159.33,biweekly,345.75
486,6682.1,needs,insurance,insurance,278.96,one time,278.96
486,6682.1,needs,bills,bills,288.76,monthly,288.76
486,6682.1,needs,healthcare,healthcare,76.9,biweekly,166.87
486,6682.1,needs,childcare,childcare,153.15,biweekly,332.34
486,6682.1,needs,other,other,110.21,monthly,110.21
486,6682.1,wants,entertainment,entertainment,86.19,biweekly,187.03
486,6682.1,wants,hobbies,hobbies,78.88,weekly,341.55
486,6682.1,wants,travel,travel,69.21,one time,69.21
486,6682.1,wants,personal care,personal_care,132.54,one time,132.54
486,6682.1,wants,other,other,72.87,monthly,72.87
487,9085.33,needs,groceries,groceries,786.23,monthly,786.23
487,9085.33,needs,rent/mortgage,rent_mortgage,2449.3,monthly,2449.3
487,9085.33,needs,utilities,utilities,100.81,weekly,436.51
487,9085.33,needs,gas/transport,gas_transport,600.06,monthly,600.06
487,9085.33,needs,insurance,insurance,362.5,monthly,362.5
487,9085.33,needs,bills,bills,458.58,monthly,458.58
487,9085.33,needs,healthcare,healthcare,61.69,weekly,267.12
487,9085.33,needs,other,other,95.52,biweekly,207.28
487,9085.33,wants,dining out,dining_out,210.65,monthly,210.65
487,9085.33,wants,entertainment,entertainment,123.09,biweekly,267.11
487,9085.33,wants,shopping,shopping,659.05,monthly,659.05
487,9085.33,wants,travel,travel,47.91,weekly,207.45
487,9085.33,wants,gifts,gifts,98.49,biweekly,213.72
487,9085.33,wants,other,other,266.91,monthly,266.91
488,2788.51,needs,groceries,groceries,95.46,biweekly,207.15
488,2788.51,needs,rent/mortgage,rent_mortgage,157.97,weekly,684.01
488,2788.51,needs,utilities,utilities,181.19,monthly,181.19
488,2788.51,needs,gas/transport,gas_transport,177.44,monthly,177.44
488,2788.51,needs,insurance,insurance,177.71,monthly,177.71
488,2788.51,needs,bills,bills,137.52,monthly,137.52
488,2788.51,needs,healthcare,healthcare,62.24,monthly,62.24
488,2788.51,needs,childcare,childcare,96.45,one time,96.45
488,2788.51,wants,dining out,dining_out,119.31,monthly,119.31
488,2788.51,wants,shopping,shopping,41.36,weekly,179.09
488,2788.51,wants,hobbies,hobbies,121.81,monthly,121.81
488,2788.51,wants,travel,travel,106.34,monthly,106.34
488,2788.51,wants,personal care,personal_care,53.7,one time,53.7
488,2788.51,wants,gifts,gifts,18.49,monthly,18.49
488,2788.51,wants,other,other,27.74,monthly,27.74
489,1656.08,needs,groceries,groceries,149.98,monthly,149.98
489,1656.08,needs,rent/mortgage,rent_mortgage,432.62,monthly,432.62
489,1656.08,needs,utilities,utilities,74.6,monthly,74.6
489,1656.08,needs,gas/transport,gas_transport,123.64,monthly,123.64
489,1656.08,needs,insurance,insurance,100.94,monthly,100.94
489,1656.08,needs,bills,bills,50.19,monthly,50.19
489,1656.08,needs,healthcare,healthcare,45.8,monthly,45.8
489,1656.08,wants,dining out,dining_out,77.24,monthly,77.24
489,1656.08,wants,entertainment,entertainment,52.83,biweekly,114.64
489,1656.08,wants,subscriptions,subscriptions,9.51,biweekly,20.64
489,1656.08,wants,personal care,personal_care,28.83,monthly,28.83
489,1656.08,wants,other,other,37.05,one time,37.05
490,3586.91,needs,groceries,groceries,289.13,one time,289.13
490,3586.91,needs,rent/mortgage,rent_mortgage,1033.74,monthly,1033.74
490,3586.91,needs,utilities,utilities,97.09,biweekly,210.69
490,3586.91,needs,gas/transport,gas_transport,47.57,weekly,205.98
490,3586.91,needs,insurance,insurance,159.72,one time,159.72
490,3586.91,needs,bills,bills,170.38,monthly,170.38
490,3586.91,needs,healthcare,healthcare,81.73,monthly,81.73
490,3586.91,needs,childcare,childcare,37.82,weekly,163.76
490,3586.91,wants,entertainment,entertainment,254.62,one time,254.62
490,3586.91,wants,shopping,shopping,151.37,monthly,151.37
490,3586.91,wants,subscriptions,subscriptions,20.16,weekly,87.29
490,3586.91,wants,travel,travel,133.06,one time,133.06
490,3586.91,wants,gifts,gifts,16.65,biweekly,36.13
490,3586.91,wants,other,other,9.56,weekly,41.39
491,7223.62,needs,groceries,groceries,248.37,biweekly,538.96
491,7223.62,needs,rent/mortgage,rent_mortgage,2463.82,monthly,2463.82
491,7223.62,needs,utilities,utilities,285.34,monthly,285.34
491,7223.62,needs,gas/transport,gas_transport,468.76,monthly,468.76
491,7223.62,needs,insurance,insurance,324.51,monthly,324.51
491,7223.62,needs,bills,bills,272.51,monthly,272.51
491,7223.62,needs,healthcare,healthcare,174.28,monthly,174.28
491,7223.62,needs,childcare,childcare,64.07,weekly,277.42
491,7223.62,wants,dining out,dining_out,259.22,monthly,259.22
491,7223.62,wants,shopping,shopping,749.07,monthly,749.07
491,7223.62,wants,subscriptions,subscriptions,33.52,biweekly,72.74
491,7223.62,wants,travel,travel,71.26,monthly,71.26
491,7223.62,wants,personal care,personal_care,265.75,monthly,265.75
491,7223.62,wants,gifts,gifts,142.76,monthly,142.76
491,7223.62,wants,other,other,70.97,biweekly,154.0
492,2580.71,needs,groceries,groceries,275.05,monthly,275.05
492,2580.71,needs,rent/mortgage,rent_mortgage,304.73,biweekly,661.26
492,2580.71,needs,utilities,utilities,157.0,monthly,157.0
492,2580.71,needs,gas/transport,gas_transport,177.36,monthly,177.36
492,2580.71,needs,insurance,insurance,27.22,weekly,117.86
492,2580.71,needs,bills,bills,75.65,monthly,75.65
492,2580.71,needs,healthcare,healthcare,65.76,monthly,65.76
492,2580.71,needs,other,other,56.04,monthly,56.04
492,2580.71,wants,dining out,dining_out,227.35,monthly,227.35
492,2580.71,wants,entertainment,entertainment,81.35,monthly,81.35
492,2580.71,wants,subscriptions,subscriptions,83.14,monthly,83.14
492,2580.71,wants,hobbies,hobbies,129.63,monthly,129.63
492,2580.71,wants,travel,travel,113.33,one time,113.33
492,2580.71,wants,personal care,personal_care,25.54,monthly,25.54
492,2580.71,wants,gifts,gifts,29.43,biweekly,63.86
493,5892.2,needs,groceries,groceries,267.87,biweekly,581.28
493,5892.2,needs,rent/mortgage,rent_mortgage,1369.04,monthly,1369.04
493,5892.2,needs,utilities,utilities,343.14,monthly,343.14
493,5892.2,needs,gas/transport,gas_transport,435.83,monthly,435.83
493,5892.2,needs,insurance,insurance,80.95,weekly,350.51
493,5892.2,needs,bills,bills,302.18,monthly,302.18
493,5892.2,needs,healthcare,healthcare,165.21,monthly,165.21
493,5892.2,needs,childcare,childcare,103.93,biweekly,225.53
493,5892.2,wants,entertainment,entertainment,300.01,monthly,300.01
493,5892.2,wants,shopping,shopping,466.01,monthly,466.01
493,5892.2,wants,hobbies,hobbies,217.93,monthly,217.93
493,5892.2,wants,travel,travel,48.41,weekly,209.62
493,5892.2,wants,gifts,gifts,94.77,biweekly,205.65
493,5892.2,wants,other,other,90.44,monthly,90.44
494,4575.84,needs,groceries,groceries,338.85,monthly,338.85
494,4575.84,needs,rent/mortgage,rent_mortgage,1059.21,monthly,1059.21
494,4575.84,needs,utilities,utilities,166.77,monthly,166.77
494,4575.84,needs,gas/transport,gas_transport,51.23,weekly,221.83
494,4575.84,needs,insurance,insurance,67.19,weekly,290.93
494,4575.84,needs,bills,bills,132.77,monthly,132.77
494,4575.84,needs,healthcare,healthcare,66.34,biweekly,143.96
494,4575.84,needs,other,other,26.21,weekly,113.49
494,4575.84,wants,dining out,dining_out,48.59,weekly,210.39
494,4575.84,wants,entertainment,entertainment,55.29,biweekly,119.98
494,4575.84,wants,subscriptions,subscriptions,104.81,one time,104.81
494,4575.84,wants,personal care,personal_care,131.55,monthly,131.55
494,4575.84,wants,gifts,gifts,75.71,biweekly,164.29
494,4575.84,wants,other,other,140.81,monthly,140.81
495,8951.24,needs,groceries,groceries,314.79,biweekly,683.09
495,8951.24,needs,rent/mortgage,rent_mortgage,2287.42,one time,2287.42
495,8951.24,needs,utilities,utilities,250.76,biweekly,544.15
495,8951.24,needs,gas/transport,gas_transport,576.0,monthly,576.0
495,8951.24,needs,insurance,insurance,211.0,biweekly,457.87
495,8951.24,needs,bills,bills,335.21,one time,335.21
495,8951.24,needs,healthcare,healthcare,340.53,monthly,340.53
495,8951.24,wants,dining out,dining_out,324.94,biweekly,705.12
495,8951.24,wants,entertainment,entertainment,304.64,monthly,304.64
495,8951.24,wants,shopping,shopping,424.15,biweekly,920.41
495,8951.24,wants,hobbies,hobbies,475.71,monthly,475.71
495,8951.24,wants,personal care,personal_care,64.79,weekly,280.54
495,8951.24,wants,other,other,30.29,biweekly,65.73
496,1992.58,needs,groceries,groceries,150.12,monthly,150.12
496,1992.58,needs,rent/mortgage,rent_mortgage,90.43,weekly,391.56
496,1992.58,needs,utilities,utilities,117.69,monthly,117.69
496,1992.58,needs,gas/transport,gas_transport,94.61,monthly,94.61
496,1992.58,needs,insurance,insurance,57.11,biweekly,123.93
496,1992.58,needs,bills,bills,17.36,weekly,75.17
496,1992.58,needs,healthcare,healthcare,14.75,weekly,63.87
496,1992.58,needs,other,other,18.75,biweekly,40.69
496,1992.58,wants,entertainment,entertainment,34.0,monthly,34.0
496,1992.58,wants,shopping,shopping,82.62,monthly,82.62
496,1992.58,wants,subscriptions,subscriptions,13.24,biweekly,28.73
496,1992.58,wants,hobbies,hobbies,36.01,biweekly,78.14
496,1992.58,wants,travel,travel,24.65,one time,24.65
496,1992.58,wants,gifts,gifts,16.36,weekly,70.84
496,1992.58,wants,other,other,19.86,monthly,19.86
497,3670.78,needs,groceries,groceries,431.3,one time,431.3
497,3670.78,needs,rent/mortgage,rent_mortgage,823.92,monthly,823.92
497,3670.78,needs,utilities,utilities,210.59,monthly,210.59
497,3670.78,needs,gas/transport,gas_transport,110.61,biweekly,240.02
497,3670.78,needs,insurance,insurance,80.13,biweekly,173.88
497,3670.78,needs,bills,bills,154.3,one time,154.3
497,3670.78,needs,healthcare,healthcare,28.6,weekly,123.84
497,3670.78,needs,other,other,69.04,monthly,69.04
497,3670.78,wants,dining out,dining_out,213.68,monthly,213.68
497,3670.78,wants,shopping,shopping,389.58,monthly,389.58
497,3670.78,wants,subscriptions,subscriptions,29.59,weekly,128.12
497,3670.78,wants,travel,travel,124.96,monthly,124.96
497,3670.78,wants,personal care,personal_care,83.21,monthly,83.21
497,3670.78,wants,gifts,gifts,26.63,weekly,115.31
497,3670.78,wants,other,other,121.58,monthly,121.58
498,4073.99,needs,groceries,groceries,522.08,monthly,522.08
498,4073.99,needs,rent/mortgage,rent_mortgage,1023.88,monthly,1023.88
498,4073.99,needs,utilities,utilities,237.67,monthly,237.67
498,4073.99,needs,gas/transport,gas_transport,215.98,monthly,215.98
498,4073.99,needs,insurance,insurance,39.03,weekly,169.0
498,4073.99,needs,bills,bills,135.37,monthly,135.37
498,4073.99,needs,healthcare,healthcare,137.65,monthly,137.65
498,4073.99,needs,other,other,65.15,monthly,65.15
498,4073.99,wants,dining out,dining_out,76.3,biweekly,165.57
498,4073.99,wants,entertainment,entertainment,52.19,weekly,225.98
498,4073.99,wants,shopping,shopping,167.19,biweekly,362.8
498,4073.99,wants,hobbies,hobbies,114.86,monthly,114.86
498,4073.99,wants,personal care,personal_care,148.23,monthly,148.23
498,4073.99,wants,other,other,76.66,monthly,76.66
499,7783.12,needs,groceries,groceries,396.9,biweekly,861.27
499,7783.12,needs,rent/mortgage,rent_mortgage,1694.74,monthly,1694.74
499,7783.12,needs,utilities,utilities,85.64,weekly,370.82
499,7783.12,needs,gas/transport,gas_transport,538.57,monthly,538.57
499,7783.12,needs,insurance,insurance,463.4,monthly,463.4
499,7783.12,needs,bills,bills,337.22,monthly,337.22
499,7783.12,needs,healthcare,healthcare,117.87,biweekly,255.78
499,7783.12,wants,entertainment,entertainment,64.65,weekly,279.93
499,7783.12,wants,shopping,shopping,663.01,monthly,663.01
499,7783.12,wants,subscriptions,subscriptions,63.49,biweekly,137.77
499,7783.12,wants,hobbies,hobbies,419.92,monthly,419.92
499,7783.12,wants,travel,travel,419.04,monthly,419.04
499,7783.12,wants,personal care,personal_care,348.02,one time,348.02
499,7783.12,wants,other,other,117.53,biweekly,255.04
500,3903.34,needs,groceries,groceries,278.42,monthly,278.42
500,3903.34,needs,rent/mortgage,rent_mortgage,622.13,biweekly,1350.02
500,3903.34,needs,utilities,utilities,148.84,monthly,148.84
500,3903.34,needs,gas/transport,gas_transport,47.32,weekly,204.9
500,3903.34,needs,insurance,insurance,194.72,monthly,194.72
500,3903.34,needs,bills,bills,111.44,monthly,111.44
500,3903.34,needs,healthcare,healthcare,54.47,biweekly,118.2
500,3903.34,needs,childcare,childcare,194.73,monthly,194.73
500,3903.34,needs,other,other,92.56,monthly,92.56
500,3903.34,wants,dining out,dining_out,102.16,one time,102.16
500,3903.34,wants,entertainment,entertainment,59.04,biweekly,128.12
500,3903.34,wants,shopping,shopping,140.27,monthly,140.27
500,3903.34,wants,subscriptions,subscriptions,59.06,monthly,59.06
500,3903.34,wants,hobbies,hobbies,41.08,biweekly,89.14
500,3903.34,wants,personal care,personal_care,20.63,weekly,89.33
500,3903.34,wants,other,other,42.89,biweekly,93.07
